/*
SQLyog Community v12.4.3 (64 bit)
MySQL - 5.7.20-log : Database - galvasoft
*********************************************************************
*/

/*!40101 SET NAMES utf8 */;

/*!40101 SET SQL_MODE=''*/;

/*!40014 SET @OLD_UNIQUE_CHECKS=@@UNIQUE_CHECKS, UNIQUE_CHECKS=0 */;
/*!40014 SET @OLD_FOREIGN_KEY_CHECKS=@@FOREIGN_KEY_CHECKS, FOREIGN_KEY_CHECKS=0 */;
/*!40101 SET @OLD_SQL_MODE=@@SQL_MODE, SQL_MODE='NO_AUTO_VALUE_ON_ZERO' */;
/*!40111 SET @OLD_SQL_NOTES=@@SQL_NOTES, SQL_NOTES=0 */;
CREATE DATABASE /*!32312 IF NOT EXISTS*/`galvasoft` /*!40100 DEFAULT CHARACTER SET utf8 */;

USE `galvasoft`;

/*Table structure for table `almacen` */

DROP TABLE IF EXISTS `almacen`;

CREATE TABLE `almacen` (
  `ALMAP_Codigo` int(11) NOT NULL AUTO_INCREMENT,
  `TIPALMP_Codigo` int(11) NOT NULL,
  `CENCOSP_Codigo` int(11) NOT NULL,
  `COMPP_Codigo` int(11) NOT NULL,
  `ALMAC_Descripcion` varchar(250) DEFAULT NULL,
  `ALMAC_Direccion` varchar(250) DEFAULT NULL,
  `ALMAC_FechaRegistro` timestamp NOT NULL DEFAULT CURRENT_TIMESTAMP,
  `ALMAC_FechaModificacion` datetime DEFAULT NULL,
  `ALMAC_FlagEstado` char(1) DEFAULT '1',
  `ALMAC_CodigoUsuario` varchar(20) NOT NULL,
  PRIMARY KEY (`ALMAP_Codigo`),
  KEY `FK_cji_almacen_cji_tipoalmacen` (`TIPALMP_Codigo`),
  KEY `FK_cji_almacen_cji_centrocosto` (`CENCOSP_Codigo`),
  KEY `COMPP_Codigo` (`COMPP_Codigo`),
  CONSTRAINT `FK_cji_almacen_cji_centrocosto` FOREIGN KEY (`CENCOSP_Codigo`) REFERENCES `centrocosto` (`CENCOSP_Codigo`) ON DELETE NO ACTION ON UPDATE NO ACTION,
  CONSTRAINT `FK_cji_almacen_cji_tipoalmacen` FOREIGN KEY (`TIPALMP_Codigo`) REFERENCES `tipoalmacen` (`TIPALMP_Codigo`) ON DELETE NO ACTION ON UPDATE NO ACTION,
  CONSTRAINT `almacen_ibfk_1` FOREIGN KEY (`COMPP_Codigo`) REFERENCES `compania` (`COMPP_Codigo`) ON DELETE NO ACTION ON UPDATE NO ACTION
) ENGINE=InnoDB AUTO_INCREMENT=3 DEFAULT CHARSET=utf8;

/*Data for the table `almacen` */

insert  into `almacen`(`ALMAP_Codigo`,`TIPALMP_Codigo`,`CENCOSP_Codigo`,`COMPP_Codigo`,`ALMAC_Descripcion`,`ALMAC_Direccion`,`ALMAC_FechaRegistro`,`ALMAC_FechaModificacion`,`ALMAC_FlagEstado`,`ALMAC_CodigoUsuario`) values 
(1,3,1,1,'ALM. CENTRAL','AV ARGENTINA 22','2011-01-13 12:27:14',NULL,'1',''),
(2,1,1,1,'ALM. SECUNDARIO','ULA ULA','2011-07-20 14:13:36',NULL,'1','');

/*Table structure for table `almacenproducto` */

DROP TABLE IF EXISTS `almacenproducto`;

CREATE TABLE `almacenproducto` (
  `ALMPROD_Codigo` int(11) NOT NULL AUTO_INCREMENT,
  `ALMAC_Codigo` int(11) DEFAULT NULL,
  `PROD_Codigo` int(11) DEFAULT NULL,
  `COMPP_Codigo` int(11) NOT NULL,
  `ALMPROD_Stock` double DEFAULT '0',
  `ALMPROD_CostoPromedio` double NOT NULL,
  `ALMPROD_FechaRegistro` timestamp NOT NULL DEFAULT CURRENT_TIMESTAMP,
  `ALMPROD_FechaModificacion` datetime DEFAULT NULL,
  `ALMPROD_flagEstado` char(1) DEFAULT '1',
  PRIMARY KEY (`ALMPROD_Codigo`),
  KEY `FK_cji_almacenproducto_cji_almacen` (`ALMAC_Codigo`),
  KEY `FK_cji_almacenproducto_cji_producto` (`PROD_Codigo`),
  KEY `FK_cji_almacenproducto_cji_compania` (`COMPP_Codigo`),
  CONSTRAINT `FK_cji_almacenproducto_cji_almacen` FOREIGN KEY (`ALMAC_Codigo`) REFERENCES `almacen` (`ALMAP_Codigo`) ON DELETE NO ACTION ON UPDATE NO ACTION,
  CONSTRAINT `FK_cji_almacenproducto_cji_producto` FOREIGN KEY (`PROD_Codigo`) REFERENCES `producto` (`PROD_Codigo`) ON DELETE NO ACTION ON UPDATE NO ACTION,
  CONSTRAINT `almacenproducto_ibfk_1` FOREIGN KEY (`COMPP_Codigo`) REFERENCES `almacen` (`COMPP_Codigo`) ON DELETE NO ACTION ON UPDATE NO ACTION
) ENGINE=InnoDB AUTO_INCREMENT=2 DEFAULT CHARSET=utf8;

/*Data for the table `almacenproducto` */

insert  into `almacenproducto`(`ALMPROD_Codigo`,`ALMAC_Codigo`,`PROD_Codigo`,`COMPP_Codigo`,`ALMPROD_Stock`,`ALMPROD_CostoPromedio`,`ALMPROD_FechaRegistro`,`ALMPROD_FechaModificacion`,`ALMPROD_flagEstado`) values 
(1,1,934,1,30,8.9,'2011-07-22 12:19:23',NULL,'1');

/*Table structure for table `almacenproductoserie` */

DROP TABLE IF EXISTS `almacenproductoserie`;

CREATE TABLE `almacenproductoserie` (
  `ALMPRODSERP_Codigo` int(11) NOT NULL AUTO_INCREMENT,
  `ALMPROD_Codigo` int(11) NOT NULL,
  `SERIP_Codigo` int(11) NOT NULL,
  `ALMPRODSERC_FechaRegistro` timestamp NOT NULL DEFAULT CURRENT_TIMESTAMP,
  `ALMPRODSERC_FlagEstado` char(1) NOT NULL DEFAULT '1',
  PRIMARY KEY (`ALMPRODSERP_Codigo`),
  KEY `fk_cji_almacenproductoserie_cji_almacenproducto1` (`ALMPROD_Codigo`),
  KEY `fk_cji_almacenproductoserie_cji_serie1` (`SERIP_Codigo`),
  CONSTRAINT `fk_cji_almacenproductoserie_cji_almacenproducto1` FOREIGN KEY (`ALMPROD_Codigo`) REFERENCES `almacenproducto` (`ALMPROD_Codigo`) ON DELETE NO ACTION ON UPDATE NO ACTION,
  CONSTRAINT `fk_cji_almacenproductoserie_cji_serie1` FOREIGN KEY (`SERIP_Codigo`) REFERENCES `serie` (`SERIP_Codigo`) ON DELETE NO ACTION ON UPDATE NO ACTION
) ENGINE=InnoDB DEFAULT CHARSET=utf8;

/*Data for the table `almacenproductoserie` */

/*Table structure for table `almaprolote` */

DROP TABLE IF EXISTS `almaprolote`;

CREATE TABLE `almaprolote` (
  `ALMALOTP_Codigo` int(11) NOT NULL AUTO_INCREMENT,
  `ALMPROD_Codigo` int(11) NOT NULL,
  `LOTP_Codigo` int(11) NOT NULL,
  `COMPP_Codigo` int(11) DEFAULT '0',
  `ALMALOTC_Cantidad` double DEFAULT '0',
  `ALMALOTC_Costo` double DEFAULT '0',
  `ALMALOTC_FechaRegistro` timestamp NOT NULL DEFAULT CURRENT_TIMESTAMP ON UPDATE CURRENT_TIMESTAMP,
  `ALMALOTC_FlagEstado` char(1) NOT NULL DEFAULT '1',
  PRIMARY KEY (`ALMALOTP_Codigo`),
  KEY `fk_cji_almaprolote_cji_almacenproducto1` (`ALMPROD_Codigo`),
  KEY `fk_cji_almaprolote_cji_lote1` (`LOTP_Codigo`),
  KEY `FK_cji_almaprolote_cji_compania` (`COMPP_Codigo`),
  CONSTRAINT `FK_cji_almaprolote_cji_compania` FOREIGN KEY (`COMPP_Codigo`) REFERENCES `compania` (`COMPP_Codigo`) ON DELETE NO ACTION ON UPDATE NO ACTION,
  CONSTRAINT `fk_cji_almaprolote_cji_almacenproducto1` FOREIGN KEY (`ALMPROD_Codigo`) REFERENCES `almacenproducto` (`ALMPROD_Codigo`) ON DELETE NO ACTION ON UPDATE NO ACTION,
  CONSTRAINT `fk_cji_almaprolote_cji_lote1` FOREIGN KEY (`LOTP_Codigo`) REFERENCES `lote` (`LOTP_Codigo`) ON DELETE NO ACTION ON UPDATE NO ACTION
) ENGINE=InnoDB AUTO_INCREMENT=4 DEFAULT CHARSET=utf8;

/*Data for the table `almaprolote` */

insert  into `almaprolote`(`ALMALOTP_Codigo`,`ALMPROD_Codigo`,`LOTP_Codigo`,`COMPP_Codigo`,`ALMALOTC_Cantidad`,`ALMALOTC_Costo`,`ALMALOTC_FechaRegistro`,`ALMALOTC_FlagEstado`) values 
(1,1,1,1,6,8.9,'2011-08-17 06:19:23','1'),
(3,1,3,1,24,8.9,'2011-08-12 23:33:36','1');

/*Table structure for table `area` */

DROP TABLE IF EXISTS `area`;

CREATE TABLE `area` (
  `AREAP_Codigo` int(11) NOT NULL AUTO_INCREMENT,
  `AREAC_Descripcion` varchar(150) DEFAULT NULL,
  `AREAC_FechaRegistro` timestamp NOT NULL DEFAULT CURRENT_TIMESTAMP,
  `AREAC_FechaModificacion` datetime DEFAULT NULL,
  `COMPP_Codigo` int(11) NOT NULL,
  `AREAC_FlagEstado` char(1) DEFAULT '1',
  PRIMARY KEY (`AREAP_Codigo`),
  KEY `COMPP_Codigo` (`COMPP_Codigo`),
  CONSTRAINT `area_ibfk_1` FOREIGN KEY (`COMPP_Codigo`) REFERENCES `compania` (`COMPP_Codigo`) ON DELETE NO ACTION ON UPDATE NO ACTION
) ENGINE=InnoDB AUTO_INCREMENT=8 DEFAULT CHARSET=latin1;

/*Data for the table `area` */

insert  into `area`(`AREAP_Codigo`,`AREAC_Descripcion`,`AREAC_FechaRegistro`,`AREAC_FechaModificacion`,`COMPP_Codigo`,`AREAC_FlagEstado`) values 
(0,'NO DEFINIDO','2010-12-17 15:09:11',NULL,1,'1'),
(1,'ALMACEN','2010-12-13 02:03:35',NULL,1,'1'),
(2,'COMPRAS','2010-12-20 16:26:18',NULL,1,'1'),
(3,'VENTAS','2010-12-28 16:39:05',NULL,1,'1'),
(4,'CONTABILIDAD','2010-12-28 16:46:28',NULL,1,'1'),
(5,'ADMINISTRACION','2010-12-28 16:47:06',NULL,1,'1'),
(6,'111111','2011-07-25 17:10:13',NULL,1,'1'),
(7,'SDFSFSD','2011-07-25 17:11:35',NULL,1,'1');

/*Table structure for table `atributo` */

DROP TABLE IF EXISTS `atributo`;

CREATE TABLE `atributo` (
  `ATRIB_Codigo` int(11) NOT NULL AUTO_INCREMENT,
  `ATRIB_Descripcion` varchar(150) DEFAULT NULL,
  `ATRIB_TipoAtributo` int(1) DEFAULT NULL COMMENT '1::Numerico,2::Date,3::String',
  `ATRIB_FechaRegistro` timestamp NOT NULL DEFAULT CURRENT_TIMESTAMP,
  `ATRIB_FechaModificacion` datetime DEFAULT NULL,
  `ATRIB_FlagEstado` char(1) DEFAULT '1',
  PRIMARY KEY (`ATRIB_Codigo`)
) ENGINE=InnoDB AUTO_INCREMENT=14 DEFAULT CHARSET=utf8;

/*Data for the table `atributo` */

insert  into `atributo`(`ATRIB_Codigo`,`ATRIB_Descripcion`,`ATRIB_TipoAtributo`,`ATRIB_FechaRegistro`,`ATRIB_FechaModificacion`,`ATRIB_FlagEstado`) values 
(1,'PESO',1,'2011-01-03 17:09:37',NULL,'1'),
(2,'TAMANO',1,'2011-01-03 17:09:47',NULL,'1'),
(3,'COLOR',3,'2011-01-03 17:10:01',NULL,'1'),
(4,'POTENCIA',1,'2011-01-03 17:10:21',NULL,'1'),
(5,'MODELO',3,'2011-01-03 17:14:21',NULL,'1'),
(6,'DIAMETRO EXTERIOR',1,'2011-01-12 12:44:49',NULL,'1'),
(7,'DIAMETRO INTERIOR',1,'2011-01-09 02:04:20',NULL,'1'),
(8,'ESPESOR DE PARED',1,'2011-01-09 02:04:46',NULL,'1'),
(9,'PRESION',1,'2011-01-09 02:04:46',NULL,'1'),
(10,'TOLERANCIA ESPESOR',1,'2011-01-09 02:43:42',NULL,'1'),
(11,'PESO TEORICO',1,'2011-01-09 02:43:42',NULL,'1'),
(12,'SISTEMA INGLES',1,'2011-01-09 02:43:56',NULL,'1'),
(13,'MODELO',1,'2011-01-17 14:39:54',NULL,'1');

/*Table structure for table `banco` */

DROP TABLE IF EXISTS `banco`;

CREATE TABLE `banco` (
  `banco_id` int(10) unsigned DEFAULT NULL
) ENGINE=MyISAM DEFAULT CHARSET=latin1;

/*Data for the table `banco` */

/*Table structure for table `cargo` */

DROP TABLE IF EXISTS `cargo`;

CREATE TABLE `cargo` (
  `CARGP_Codigo` int(11) NOT NULL AUTO_INCREMENT,
  `CARGC_Descripcion` varchar(150) DEFAULT NULL,
  `CARGC_FechaRegistro` timestamp NOT NULL DEFAULT CURRENT_TIMESTAMP,
  `CARGC_FechaModificacion` datetime DEFAULT NULL,
  `COMPP_Codigo` int(11) NOT NULL,
  `CARGC_FlagEstado` char(1) DEFAULT '1',
  PRIMARY KEY (`CARGP_Codigo`),
  KEY `COMPP_Codigo` (`COMPP_Codigo`),
  CONSTRAINT `cargo_ibfk_1` FOREIGN KEY (`COMPP_Codigo`) REFERENCES `compania` (`COMPP_Codigo`) ON DELETE NO ACTION ON UPDATE NO ACTION
) ENGINE=InnoDB AUTO_INCREMENT=15 DEFAULT CHARSET=latin1;

/*Data for the table `cargo` */

insert  into `cargo`(`CARGP_Codigo`,`CARGC_Descripcion`,`CARGC_FechaRegistro`,`CARGC_FechaModificacion`,`COMPP_Codigo`,`CARGC_FlagEstado`) values 
(0,'NO DEFINIDO','2010-12-17 15:09:44',NULL,1,'1'),
(1,'GERENTE','2010-12-13 02:00:27',NULL,1,'1'),
(2,'ADMINISTRADOR ','2010-12-13 02:00:27',NULL,1,'1'),
(3,'JEFE','2011-01-06 15:02:23',NULL,1,'1'),
(4,'TECNICO EN SISTEMAS','2011-01-06 15:17:18',NULL,1,'1'),
(5,'PROGRAMADOR','2011-01-06 15:17:56',NULL,1,'1'),
(6,'GERENTE DE COMPRAS','2011-01-06 15:18:07',NULL,1,'1'),
(7,'COBRADOR','2011-01-06 15:18:20',NULL,1,'1'),
(8,'SUPERVISOR','2011-01-06 15:19:09',NULL,1,'1'),
(9,'LOS MAGNIICOS','2011-01-06 15:20:07',NULL,1,'1'),
(10,'SHEF','2011-01-06 15:32:38',NULL,1,'1'),
(11,'GERENCIA DE VENTAS','2011-01-06 15:44:27',NULL,1,'1'),
(12,'GERENCIA GENERAL','2011-01-06 15:46:07',NULL,1,'1'),
(13,'VVVV','2011-07-25 17:24:17',NULL,1,'1'),
(14,'VVVV','2011-07-25 17:24:29',NULL,1,'1');

/*Table structure for table `centrocosto` */

DROP TABLE IF EXISTS `centrocosto`;

CREATE TABLE `centrocosto` (
  `CENCOSP_Codigo` int(11) NOT NULL AUTO_INCREMENT,
  `CENCOSC_Descripcion` varchar(250) DEFAULT NULL,
  `CENCOSC_FechaRegistro` timestamp NOT NULL DEFAULT CURRENT_TIMESTAMP,
  `CENCOSC_FechaModificacion` datetime DEFAULT NULL,
  `COMPP_Codigo` int(11) NOT NULL,
  `CENCOSC_FlagEstado` char(1) DEFAULT '1',
  PRIMARY KEY (`CENCOSP_Codigo`),
  KEY `COMPP_Codigo` (`COMPP_Codigo`),
  CONSTRAINT `centrocosto_ibfk_1` FOREIGN KEY (`COMPP_Codigo`) REFERENCES `compania` (`COMPP_Codigo`) ON DELETE NO ACTION ON UPDATE NO ACTION
) ENGINE=InnoDB AUTO_INCREMENT=7 DEFAULT CHARSET=utf8;

/*Data for the table `centrocosto` */

insert  into `centrocosto`(`CENCOSP_Codigo`,`CENCOSC_Descripcion`,`CENCOSC_FechaRegistro`,`CENCOSC_FechaModificacion`,`COMPP_Codigo`,`CENCOSC_FlagEstado`) values 
(1,'FINANZAS','2011-01-13 12:13:21',NULL,1,'1'),
(2,'GERENCIA GENERAL','2011-01-13 12:13:21',NULL,1,'1'),
(3,'ADMINISTRACION','2011-01-13 12:13:21',NULL,1,'1'),
(4,'VENTAS','2011-01-13 12:13:21',NULL,1,'1'),
(5,'CONTABILIDAD','2011-01-13 12:13:21',NULL,1,'1'),
(6,'COMPRAS','2011-01-13 12:13:21',NULL,1,'1');

/*Table structure for table `ciiu` */

DROP TABLE IF EXISTS `ciiu`;

CREATE TABLE `ciiu` (
  `CIIUP_Codigo` int(11) NOT NULL AUTO_INCREMENT,
  `CIIU_CodDivision` varchar(15) DEFAULT NULL,
  `CIIU_CodGrupo` varchar(15) DEFAULT NULL,
  `CIIU_CodClase` varchar(15) DEFAULT NULL,
  `CIIU_Descripcion` varchar(250) DEFAULT NULL,
  `CIIU_FechaRegistro` timestamp NOT NULL DEFAULT CURRENT_TIMESTAMP,
  `CIIU_FechaModificacion` datetime DEFAULT NULL,
  `CIIU_FlagEstado` char(1) DEFAULT '0',
  PRIMARY KEY (`CIIUP_Codigo`)
) ENGINE=InnoDB AUTO_INCREMENT=10000 DEFAULT CHARSET=utf8;

/*Data for the table `ciiu` */

insert  into `ciiu`(`CIIUP_Codigo`,`CIIU_CodDivision`,`CIIU_CodGrupo`,`CIIU_CodClase`,`CIIU_Descripcion`,`CIIU_FechaRegistro`,`CIIU_FechaModificacion`,`CIIU_FlagEstado`) values 
(0,NULL,NULL,NULL,NULL,'2010-12-16 12:33:51',NULL,'0'),
(100,'1','0','0','AGRICULTURA, GANADERIA, CAZA Y ACTIVIDADES DE TIPO SERVICIO CONEXAS','2010-12-29 18:08:17',NULL,'0'),
(110,'1','1','0','CULTIVOS EN GENERAL CULTIVO DE PRODUCTOS DE MERCADO HORTICULTURA','2010-12-29 18:08:17',NULL,'0'),
(111,'1','1','1','CULTIVO DE CEREALES Y OTROS CULTIVOS N.C.P','2010-12-29 18:08:17',NULL,'0'),
(112,'1','1','2','CULTIVO DE HORTALIZAS Y LEGUMBRES ESPECIALIDAD HORTICOLAS Y PRODUCTOS DE VIVEROS','2010-12-29 18:08:17',NULL,'0'),
(113,'1','1','3','CULTIVO DE FRUTAS, NUECES, PLANTAS DE SUS HOJAS O FRUTO SE PREPARA BEBIDAS, ESP','2010-12-29 18:08:17',NULL,'0'),
(120,'1','2','0','CRIA DE ANIMALES','2010-12-29 18:08:17',NULL,'0'),
(121,'1','2','1','CRIA DE GANADO VACUNO, OVEJAS, CABRAS, CABALLOS, ETC.','2010-12-29 18:08:17',NULL,'0'),
(122,'1','2','2','CRIA DE OTROS ANIMALES ELABORACION DE PRODUCTOS ANIMALES N.C.P.','2010-12-29 18:08:17',NULL,'0'),
(130,'1','3','0','CULTIVO DE PRODUCTOS AGRICOLAS EN COMBINACION CON CRIA DE ANIMAL','2010-12-29 18:08:17',NULL,'0'),
(140,'1','4','0','ACTIVIDADES DE SERVICIOS AGRICOLAS Y GANADERAS EXCEPTO ACTIVIDADES VETERINARIAS','2010-12-29 18:08:17',NULL,'0'),
(150,'1','5','0','CAZA ORDINARIA Y MEDIANTE TRAMPAS, Y REPOBLACION DE ANIMAL Y ACTV. SERV. CONEXAS','2010-12-29 18:08:17',NULL,'0'),
(200,'2','0','0','SILVICULTURA, EXTRACCION DE MADERA Y ACTIVIDAD DE SERVICIO CONEXAS','2010-12-29 18:08:17',NULL,'0'),
(500,'5','0','0','PESCA,EXPLOTACION CRIADEROS DE PECES Y GRANJAS PISCIC., ACTV. DE SERV. PESQUEROS','2010-12-29 18:08:17',NULL,'0'),
(1000,'10','0','0','EXTRACCION DE CARBON Y LIGNITO EXTRACCION DE TURBA','2010-12-29 18:08:17',NULL,'0'),
(1010,'10','1','0','EXTRACCION Y AGLOMERACION DE CARBON DE PIEDRA','2010-12-29 18:08:17',NULL,'0'),
(1020,'10','2','0','EXTRACCION Y AGLOMERACION DE LIGNITO','2010-12-29 18:08:17',NULL,'0'),
(1030,'10','3','0','EXTRACCION Y AGLOMERACION DE TURBA','2010-12-29 18:08:17',NULL,'0'),
(1100,'11','0','0','EXTRAC. DE PETROLEO Y GAS NATURAL ACTIV. DE SERVICIOS RELACIONADAS CON EXTRAC.','2010-12-29 18:08:17',NULL,'0'),
(1110,'11','1','0','EXTRAC.DE PETROLEO CRUDO Y GAS NATURAL','2010-12-29 18:08:17',NULL,'0'),
(1120,'11','2','0','ACTIV. DE SERV. RELACIONADOS CON EXTRACCION DE PETROLEO Y GAS, EXC. ACTV. PROSPE','2010-12-29 18:08:17',NULL,'0'),
(1200,'12','0','0','EXTRACCION DE MINERALES DE URANIO Y TORIO','2010-12-29 18:08:17',NULL,'0'),
(1300,'13','0','0','EXTRACCION DE MINERALES METALIFEROS','2010-12-29 18:08:17',NULL,'0'),
(1310,'13','1','0','EXTRACCION DE MINERALES DE HIERRO','2010-12-29 18:08:17',NULL,'0'),
(1320,'13','2','0','EXTRACCION DE MINERALES METALIFEROS NO FERROSOS','2010-12-29 18:08:17',NULL,'0'),
(1400,'14','0','0','EXPLOTACION DE OTRAS MINAS Y CANTERAS','2010-12-29 18:08:17',NULL,'0'),
(1410,'14','1','0','EXTRACCION DE PIEDRA, ARENA Y ARCILLA','2010-12-29 18:08:17',NULL,'0'),
(1420,'14','2','0','EXPLOTACION DE MINAS Y CANTERAS N.C.P.','2010-12-29 18:08:17',NULL,'0'),
(1421,'14','2','1','EXTRACCION DE MINERALES PARA FABRIC. ABONOS Y PRODUCTOS QUIMICOS','2010-12-29 18:08:17',NULL,'0'),
(1422,'14','2','2','EXTRACCION DE SAL','2010-12-29 18:08:17',NULL,'0'),
(1429,'14','2','9','EXPLOT. DE OTRAS MINAS Y CANTERAS N.C.P.','2010-12-29 18:08:17',NULL,'0'),
(1500,'15','0','0','ELABORACION DE PRODUCTOS ALIMENTICIOS Y BEBIDAS','2010-12-29 18:08:17',NULL,'0'),
(1510,'15','1','0','PRODDUCCION, PROCESAMIENTO Y CONSERVACION DE CARNE, PESCADO, FRUTAS, LEGUMBRES','2010-12-29 18:08:17',NULL,'0'),
(1511,'15','1','1','PRODUCCION, PROCESAMIENTO Y CONSERVACION DE CARNE Y PRODUCTOS CARNICOS','2010-12-29 18:08:17',NULL,'0'),
(1512,'15','1','2','ELABORACION Y CONSERVACION DE PESCADO Y PRODUCTOS DE PESCADO','2010-12-29 18:08:17',NULL,'0'),
(1513,'15','1','3','ELABORACION Y CONSERVACION DE FRUTAS, LEGUMBRES Y HORTALIZAS','2010-12-29 18:08:17',NULL,'0'),
(1514,'15','1','4','ELABORACION ACEITES Y GRASAS ORIGEN VEGETAL Y ANIMAL','2010-12-29 18:08:17',NULL,'0'),
(1515,'15','1','5','ELABORACION DE ACEITE DE PESCADO','2010-12-29 18:08:17',NULL,'0'),
(1520,'15','2','0','ELABORACION DE PRODUCTOS LACTEOS','2010-12-29 18:08:17',NULL,'0'),
(1530,'15','3','0','ELABOR. DE PROD. DE MOLINERIA, ALMIDONES Y  DERIVADOS Y ALIMENTOS PREPARADOS','2010-12-29 18:08:17',NULL,'0'),
(1531,'15','3','1','ELABORACION DE PRODUCTOS DE MOLINERIA','2010-12-29 18:08:17',NULL,'0'),
(1532,'15','3','2','ELABORACION ALMIDONES Y PRODUCTOS DERIVADOS','2010-12-29 18:08:17',NULL,'0'),
(1533,'15','3','3','ELABORACION DE ALIMENTOS PREPARADOS PARA ANIMALES','2010-12-29 18:08:17',NULL,'0'),
(1540,'15','4','0','COMPLETAR DESCRIPCION','2010-12-29 18:08:17',NULL,'0'),
(1541,'15','4','1','ELABORACION DE PRODUCTOS DE PANADERIA','2010-12-29 18:08:17',NULL,'0'),
(1542,'15','4','2','ELABORACION DE AZUCAR','2010-12-29 18:08:17',NULL,'0'),
(1543,'15','4','3','ELABORACION DE CACAO, CHOCOLATE, PRODUCTOS CONFITERIA','2010-12-29 18:08:17',NULL,'0'),
(1544,'15','4','4','ELAB. MACARRONES, FIDEOS, ALCUZCUZ Y PROD. FARINACEOS','2010-12-29 18:08:17',NULL,'0'),
(1549,'15','4','9','ELABORACION OTROS PRODUCTOS ALIMENT. N. C. P.','2010-12-29 18:08:17',NULL,'0'),
(1550,'15','5','0','ELABORACION DE BEBIDAS','2010-12-29 18:08:17',NULL,'0'),
(1551,'15','5','1','DESTILACION RECTIF.Y MEZCLA DE BEBIDAS ALCOH., PROD. ALCOHOL ETILICO DE SUS. FER','2010-12-29 18:08:17',NULL,'0'),
(1552,'15','5','2','ELABORACION DE VINOS','2010-12-29 18:08:17',NULL,'0'),
(1553,'15','5','3','ELABORACION DE BEBIDAS MALTEADAS Y DE MALTA','2010-12-29 18:08:17',NULL,'0'),
(1554,'15','5','4','ELABORACION DE BEBIDAS NO ALCOHOLICAS, AGUAS MINERALES','2010-12-29 18:08:17',NULL,'0'),
(1600,'16','0','0','ELABORACION DE PRODUCTOS DE TABACO','2010-12-29 18:08:17',NULL,'0'),
(1700,'17','0','0','FABRICACION DE PRODUCTOS TEXTILES','2010-12-29 18:08:17',NULL,'0'),
(1710,'17','1','0','HILATURA, TEJEDURA Y ACABADO DE PRODUCTOS TEXTILES','2010-12-29 18:08:17',NULL,'0'),
(1711,'17','1','1','PREPARACION E HILATURA DE FIBRAS TEXTILES ,TEJEDURA','2010-12-29 18:08:17',NULL,'0'),
(1712,'17','1','2','ACABADO DE PRODUCTOS TEXTILES','2010-12-29 18:08:17',NULL,'0'),
(1720,'17','2','0','FABRICACION DE OTROS PRODUCTOS TEXTILES','2010-12-29 18:08:17',NULL,'0'),
(1721,'17','2','1','FABRICACION DE ARTICULOS CONFECCIONADOS DE MATERIAS TEXTILES EXCP PREND.DE VESTI','2010-12-29 18:08:17',NULL,'0'),
(1722,'17','2','2','FABRICACION DE TAPICES Y ALFOMBRAS','2010-12-29 18:08:17',NULL,'0'),
(1723,'17','2','3','FABRICACION DE CUERDAS, CORDELES, BRAMANTES Y REDES','2010-12-29 18:08:17',NULL,'0'),
(1729,'17','2','9','FABRICACION DE OTROS PRODUCTOS TEXTILES N.C.P.','2010-12-29 18:08:17',NULL,'0'),
(1730,'17','3','0','FABRICACION DE TEJIDOS Y ARTICULOS PUNTO Y GANCHILLO','2010-12-29 18:08:17',NULL,'0'),
(1800,'18','0','0','FABRICACION DE PRENDAS DE VESTIR ADOBO Y TEÐIDO DE PIELES','2010-12-29 18:08:17',NULL,'0'),
(1810,'18','1','0','FABRICACION PRENDAS DE VESTIR EXCEPTO PRENDAS DE PIEL','2010-12-29 18:08:17',NULL,'0'),
(1820,'18','2','0','ADOBO, TEÐIDO DE PIELES, FABRICACION DE ARTICULOS DE PIEL','2010-12-29 18:08:17',NULL,'0'),
(1900,'19','0','0','CURTIDO Y ADOBO DE CUEROS FAB. DE MALETAS, ART. TALABARTERIA Y CALZADO','2010-12-29 18:08:17',NULL,'0'),
(1910,'19','1','0','CURTIDO Y ADOBO DE CUEROS FAB. DE MALETAS, ART. TALABARTERIA Y GUARNICIONERIA','2010-12-29 18:08:17',NULL,'0'),
(1911,'19','1','1','CURTIDO Y ADOBO DE CUEROS','2010-12-29 18:08:17',NULL,'0'),
(1912,'19','1','2','FABRICACION MALETAS, BOLSOS MANO Y ART. SIMILARES, Y DE TALABARTERIA Y GUARNI.','2010-12-29 18:08:17',NULL,'0'),
(1920,'19','2','0','FABRICACION DE CALZADO','2010-12-29 18:08:17',NULL,'0'),
(2000,'20','0','0','PROD.DE MADERA, FAB. PRODUCTOS DE MADERA,CORCHO,PAJA,MATER. TRENSABLE EXC.MUEBLE','2010-12-29 18:08:17',NULL,'0'),
(2010,'20','1','0','ASERRADO Y ACEPILLADURA DE MADERA','2010-12-29 18:08:17',NULL,'0'),
(2020,'20','2','0','FABRICACION DE PRODUCTOS DE MADERA, CORCHO, PAJA Y MATERIALES TRENZABLES','2010-12-29 18:08:17',NULL,'0'),
(2021,'20','2','1','FABRICACION DE HOJAS DE MADERA PARA ENCHAPADO FAB.TABLEROS CONTRACHAP. LAMINADO','2010-12-29 18:08:17',NULL,'0'),
(2022,'20','2','2','FABRICACION DE PARTES PIEZAS DE CARPINTERIA, PARA EDIFICIOS Y CONSTRUCCION','2010-12-29 18:08:17',NULL,'0'),
(2023,'20','2','3','FABRICACION DE RECIPIENTES DE MADERA','2010-12-29 18:08:17',NULL,'0'),
(2029,'20','2','9','FABRICACION DE OTROS PRODUCTOS DE MADERA, CORCHO, PAJA Y MATERIAL TRENZABLE','2010-12-29 18:08:17',NULL,'0'),
(2100,'21','0','0','FABRICACION DE PAPEL Y DE PRODUCTOS DE PAPEL','2010-12-29 18:08:17',NULL,'0'),
(2101,'21','0','1','FABRICACION DE PASTA DE MADERA, PAPEL Y CARTON','2010-12-29 18:08:17',NULL,'0'),
(2102,'21','0','2','FABRICACION DE PAPEL, CARTON ONDULADO Y DE ENVASE DE PAPEL Y CARTON','2010-12-29 18:08:17',NULL,'0'),
(2109,'21','0','9','FABRICACION DE OTROS ARTICULOS DE PAPEL Y CARTON','2010-12-29 18:08:17',NULL,'0'),
(2200,'22','0','0','ACTIVIDADES DE EDICION E IMPRESION Y DE REPRODUCCION DE GRABACIONES','2010-12-29 18:08:17',NULL,'0'),
(2210,'22','1','0','ACTIVIDADES DE EDICION','2010-12-29 18:08:17',NULL,'0'),
(2211,'22','1','1','EDICION DE LIBROS, FOLLETOS, PARTITURAS Y OTRAS','2010-12-29 18:08:17',NULL,'0'),
(2212,'22','1','2','EDICION DE PERIODICOS, REVISTAS Y PUBLICACIONES PERIODICAS','2010-12-29 18:08:17',NULL,'0'),
(2213,'22','1','3','EDICION DE GRABACIONES','2010-12-29 18:08:17',NULL,'0'),
(2219,'22','1','9','OTRAS ACTIVIDADES DE EDICION','2010-12-29 18:08:17',NULL,'0'),
(2220,'22','2','0','ACTIVIDADES DE IMPRESION Y ACTIVIDADES DE SERVICIOS CONEXAS','2010-12-29 18:08:17',NULL,'0'),
(2221,'22','2','1','ACTIVIDADES DE IMPRESION','2010-12-29 18:08:17',NULL,'0'),
(2222,'22','2','2','ACTIVIDADES SERVICIOS RELACIONADOS CON LA IMPRESION','2010-12-29 18:08:17',NULL,'0'),
(2230,'22','3','0','REPRODUCCION DE GRABACIONES','2010-12-29 18:08:17',NULL,'0'),
(2300,'23','0','0','FABRICACION DE COQUE, PRODUCTOS DE LA REFINACION DEL PETROLEO Y COMBUSTIBLE NUCL','2010-12-29 18:08:17',NULL,'0'),
(2310,'23','1','0','FABRICACION PRODUCTOS DE HORNOS DE COQUE','2010-12-29 18:08:17',NULL,'0'),
(2320,'23','2','0','FABRICACION PRODUCTOS DE LA REFINACION DEL PETROLEO','2010-12-29 18:08:17',NULL,'0'),
(2330,'23','3','0','ELABORACION DE COMBUSTIBLE NUCLEAR','2010-12-29 18:08:17',NULL,'0'),
(2400,'24','0','0','FABRICACION DE SUSTANCIAS Y PRODUCTOS QUIMICOS','2010-12-29 18:08:17',NULL,'0'),
(2410,'24','1','0','FABRICACION DE SUSTANCIAS QUIMICAS BASICAS','2010-12-29 18:08:17',NULL,'0'),
(2411,'24','1','1','FABRICACION SUSTANCIAS QUIMICAS BASICAS, EXC. ABONOS','2010-12-29 18:08:17',NULL,'0'),
(2412,'24','1','2','FABRICACION DE ABONOS Y COMPUESTOS DE NITROGENO','2010-12-29 18:08:17',NULL,'0'),
(2413,'24','1','3','FABRICACION DE PLASTICOS EN FORMAS PRIMARIAS Y CAUCHO','2010-12-29 18:08:17',NULL,'0'),
(2420,'24','2','0','FABRICACION DE OTROS PRODUCTOS QUIMICOS','2010-12-29 18:08:17',NULL,'0'),
(2421,'24','2','1','FABRICACION DE PLAGUlCIDAS, OTROS PRODUCTOS QUIMICOS DE USO AGROPECUARIO','2010-12-29 18:08:17',NULL,'0'),
(2422,'24','2','2','FABRICACION DE PINTURAS, BARNICES Y PRODUCTOS DE REVESTIMIENTO, TINRA IMPRENTA','2010-12-29 18:08:17',NULL,'0'),
(2423,'24','2','3','FABRICACION PROD. FARMACEUTICOS, SUSTANCIAS QUIMICAS MEDICINALES, PROD.BOTANICOS','2010-12-29 18:08:17',NULL,'0'),
(2424,'24','2','4','FAB. JABONES Y DETERGENTES, PREPARADOS PARA LIMPIAR, PULIR,PERFUMES,PROD.TOCADOR','2010-12-29 18:08:17',NULL,'0'),
(2429,'24','2','9','FABRICA DE OTROS PRODUCTOS QUIMICOS N.C.P.','2010-12-29 18:08:17',NULL,'0'),
(2430,'24','3','0','FABRICACION DE FIBRAS MANUFACTURADAS','2010-12-29 18:08:17',NULL,'0'),
(2500,'25','0','0','FABRICACION DE PRODUCTOS DE CAUCHO Y PLASTICO','2010-12-29 18:08:17',NULL,'0'),
(2510,'25','1','0','FABRICACION DE PRODUCTOS DE CAUCHO','2010-12-29 18:08:17',NULL,'0'),
(2511,'25','1','1','FABRICA DE CUBIERTAS, CAMARAS CAUCHO REENCAUCHADO','2010-12-29 18:08:17',NULL,'0'),
(2519,'25','1','9','FABRICACION DE OTROS PRODUCTOS DE CAUCHO','2010-12-29 18:08:17',NULL,'0'),
(2520,'25','2','0','FABRICACION DE PRODUCTOS DE PLASTICO','2010-12-29 18:08:17',NULL,'0'),
(2600,'26','0','0','FABRICACION DE OTROS PRODUCTOS MINERALES NO METALICOS','2010-12-29 18:08:17',NULL,'0'),
(2610,'26','1','0','FABRICACION DE VIDRIO Y PRODUCTOS DE VIDRIO','2010-12-29 18:08:17',NULL,'0'),
(2690,'26','9','0','FABRICACION DE PRODUCTOS MINERALES NO METALICOS N.C.P.','2010-12-29 18:08:17',NULL,'0'),
(2691,'26','9','1','FABRICACION DE PRODUCTOS DE CERAMICA NO REFRACTARIA PARA USO NO ESTRUCTURAL','2010-12-29 18:08:17',NULL,'0'),
(2692,'26','9','2','FABRICACION DE PRODUCTOS DE CERAMICA REFRACTARIA','2010-12-29 18:08:17',NULL,'0'),
(2693,'26','9','3','FABRICACION DE PROD. ARCILLA, CERAMICA NO REFRACTARIAS PARA USO ESTRUCTURAL','2010-12-29 18:08:17',NULL,'0'),
(2694,'26','9','4','FABRICACION DE CEMENTO, CAL Y YESO','2010-12-29 18:08:17',NULL,'0'),
(2695,'26','9','5','FABRIC. ARTICULOS DE HORMIGON, CEMENTO Y YESO','2010-12-29 18:08:17',NULL,'0'),
(2696,'26','9','6','CORTE, TALLADO Y ACABADO DE LA PIEDRA','2010-12-29 18:08:17',NULL,'0'),
(2699,'26','9','9','FABRICACION DE OTROS PRODUCTOS MINERALES NO METALICOS N.C.P.','2010-12-29 18:08:17',NULL,'0'),
(2700,'27','0','0','FABRICACION DE METALES COMUNES','2010-12-29 18:08:17',NULL,'0'),
(2710,'27','1','0','INDUSTRIAS BASICAS DE HIERRO Y DE ACERO','2010-12-29 18:08:17',NULL,'0'),
(2720,'27','2','0','FABRICACION DE PRODUCTOS PRIMARIOS DE METALES PRECIOSOS Y NO FERROSOS','2010-12-29 18:08:17',NULL,'0'),
(2730,'27','3','0','FUNDICION DE METALES','2010-12-29 18:08:17',NULL,'0'),
(2731,'27','3','1','FUNDICION DE HIERRO Y ACERO','2010-12-29 18:08:17',NULL,'0'),
(2732,'27','3','2','FUNDICION DE METALES NO FERROSOS','2010-12-29 18:08:17',NULL,'0'),
(2800,'28','0','0','FABRICACION DE PRODUCTOS ELABORADOS DE METAL, EXCEPTO MAQUINARIA Y EQUIPO','2010-12-29 18:08:17',NULL,'0'),
(2810,'28','1','0','FAB. DE PROD. METALICOS PARA USO ESTRUCTURAL, TANQUES,DEPOSITOS Y GENRADS. VAPOR','2010-12-29 18:08:17',NULL,'0'),
(2811,'28','1','1','FABRICACION DE PRODUCTOS METALICOS PARA USO ESTRUCTURAL','2010-12-29 18:08:17',NULL,'0'),
(2812,'28','1','2','FABRICACION DE TANQUES, DEPOSITOS Y RECIPIENTES DE METAL','2010-12-29 18:08:17',NULL,'0'),
(2813,'28','1','3','FABRICA DE GENERADORES DE VAPOR, EXCEPTO CALDERAS AGUA PARA CALEFACCION CENTRAL','2010-12-29 18:08:17',NULL,'0'),
(2890,'28','9','0','FABRICACION DE OTROS PRODUCTOS ELAB. DE METAL, ACTIV. DE SERV. Y TRAB. DE METAL','2010-12-29 18:08:17',NULL,'0'),
(2891,'28','9','1','FORJA, PRENSADO, ESTAMPADO, LAMINADO DE METAL','2010-12-29 18:08:17',NULL,'0'),
(2892,'28','9','2','TRATAMIENTO, REVESTIMIENTO DE METALES, OBRAS DE ING. MECANICA, POR RETRIB. CONTR','2010-12-29 18:08:17',NULL,'0'),
(2893,'28','9','3','FABRICACION DE ART. DE CUCHILLERIA, HERRAMIENTAS DE MANO Y ART. FERRETERIA','2010-12-29 18:08:17',NULL,'0'),
(2899,'28','9','9','FABRICACION DE OTROS PRODUCTOS ELABORADOS DE METAL N.C.P.','2010-12-29 18:08:17',NULL,'0'),
(2900,'29','0','0','FABRICACION DE MAQUINARIA Y EQUIPO N.C.P.','2010-12-29 18:08:17',NULL,'0'),
(2910,'29','1','0','FABRICACION DE MAQUINARIA DE USO GENERAL','2010-12-29 18:08:17',NULL,'0'),
(2911,'29','1','1','FABRICACION DE MOTORES, TURBINAS EXCEP.DE MOTORES PARA AERONAVES, VEHICL. AUTOM.','2010-12-29 18:08:17',NULL,'0'),
(2912,'29','1','2','FABRICACION DE BOMBAS, COMPRESORES, GRIFOS Y VALVULAS','2010-12-29 18:08:17',NULL,'0'),
(2913,'29','1','3','FABRICACION DE COJINETES, ENGRANAJES, PIEZAS DE TRANSMISION','2010-12-29 18:08:17',NULL,'0'),
(2914,'29','1','4','FABRICACION DE HORNOS, HOGUERAS Y QUEMADORES','2010-12-29 18:08:17',NULL,'0'),
(2915,'29','1','5','FABRICACION DE EQUIPO DE ELEVACION Y MANIPULACION','2010-12-29 18:08:17',NULL,'0'),
(2919,'29','1','9','FABRICACION DE OTROS TIPOS DE MAQUINA DE USO GENERAL','2010-12-29 18:08:17',NULL,'0'),
(2920,'29','2','0','FABRICACION DE MAQUINARIA DE USO ESPECIAL','2010-12-29 18:08:17',NULL,'0'),
(2921,'29','2','1','FABRICACION DE MAQUNARIA AGROPECUARIA Y FORESTAL','2010-12-29 18:08:17',NULL,'0'),
(2922,'29','2','2','FABRICACION DE MAQUINAS HERRAMIENTA','2010-12-29 18:08:17',NULL,'0'),
(2923,'29','2','3','FABRICACION DE MAQUINARIA PARA LA METALURGIA','2010-12-29 18:08:17',NULL,'0'),
(2924,'29','2','4','FABRICACION DE MAQUINAS PARA LA EXPLOTACION DE MINAS, CANTERAS Y CONSTRUCCION','2010-12-29 18:08:17',NULL,'0'),
(2925,'29','2','5','FABRICACION DE MAQUINA PARA LA ELABORACION DE ALIMENTOS, BEBIDAS Y TABACOS','2010-12-29 18:08:17',NULL,'0'),
(2926,'29','2','6','FABRICACION DE MAQUINAS PARA LA ELAB. DE PRODUCTOS TEXTILES, PRENDAS DE VESTIR','2010-12-29 18:08:17',NULL,'0'),
(2927,'29','2','7','FABRICACION DE ARMAS Y MUNICIONES','2010-12-29 18:08:17',NULL,'0'),
(2929,'29','2','9','FABRICACION DE OTROS TIPOS DE MAQUINARIA DE USO ESPECIAL','2010-12-29 18:08:17',NULL,'0'),
(2930,'29','3','0','FABRICACION DE APARATOS DE USO DOMESTICO N.C.P','2010-12-29 18:08:17',NULL,'0'),
(3000,'30','0','0','FABRICACION DE MAQUINA DE OFICINA, CONTABILIDAD E INFORMATICA','2010-12-29 18:08:17',NULL,'0'),
(3100,'31','0','0','FABRICACION DE MAQUINARIA Y APARATOS ELECTRICOS N.C.P.','2010-12-29 18:08:17',NULL,'0'),
(3110,'31','1','0','FABRICACION DE MOTORES, GENERADORES Y TRANSFORMADORES ELECTRICOS','2010-12-29 18:08:17',NULL,'0'),
(3120,'31','2','0','FABRICACION APARATOS  DE DISTRIBUCION Y CONTROL ENERGIA ELECTRICA','2010-12-29 18:08:17',NULL,'0'),
(3130,'31','3','0','FABRICACION DE HILOS Y CABLES AISLADOS','2010-12-29 18:08:17',NULL,'0'),
(3140,'31','4','0','FABRICACION DE ACUMULADORES DE PILAS Y BATERIAS PRIMARIAS','2010-12-29 18:08:17',NULL,'0'),
(3150,'31','5','0','FABRICACION DE LAMPARAS ELECTRICAS Y EQUIPO DE ILUMINACION','2010-12-29 18:08:17',NULL,'0'),
(3190,'31','9','0','FABRICA DE OTROS TIPOS DE EQUIPO ELECTRICO N.C.P.','2010-12-29 18:08:17',NULL,'0'),
(3200,'32','0','0','FABRICACION DE EQUIPO Y APARATOS DE RADIO, TELEVISION Y COMUNICACIONES','2010-12-29 18:08:17',NULL,'0'),
(3210,'32','1','0','FABRICACION DE TUBOS, VALVULAS Y OTROS COMPONENTES ELECTRONICOS','2010-12-29 18:08:17',NULL,'0'),
(3220,'32','2','0','FABRICACION DE TRANSMISORES DE RADIO, TV Y TELEGRAFIA','2010-12-29 18:08:17',NULL,'0'),
(3230,'32','3','0','FABRICACION DE EQUIPO Y APARATOS DE RADIO, TELEVISION Y COMUNICACIONES, CONEXOS','2010-12-29 18:08:17',NULL,'0'),
(3300,'33','0','0','FABRICACION DE INSTRUMENTOS MEDICOS, OPTICOS Y DE PRECISION Y FABR. DE RELOJES','2010-12-29 18:08:17',NULL,'0'),
(3310,'33','1','0','FAB. DE APARATOS E INSTR. MEDICOS Y APARATOS PARA MEDIR, VERIFICAR, NAVEGAR, ETC','2010-12-29 18:08:17',NULL,'0'),
(3311,'33','1','1','FABRICA DE EQUIPO MEDICO Y QUIRURGICO Y DE APARATO ORTOPEDICO','2010-12-29 18:08:17',NULL,'0'),
(3312,'33','1','2','FAB. DE INSTR.Y APARATOS PARA MEDIR,VERIFICAR,ENSAYAR,NAVEGAR  EXCP.DE PROD. IND','2010-12-29 18:08:17',NULL,'0'),
(3313,'33','1','3','FABRICACION DE EQUIPO DE CONTROL DE PROCESOS INDUSTRIALES','2010-12-29 18:08:17',NULL,'0'),
(3320,'33','2','0','FABRICA DE INSTRUM. DE OPTICA Y EQ.FOTOGRAFICO','2010-12-29 18:08:17',NULL,'0'),
(3330,'33','3','0','FABRICACION DE RELOJES','2010-12-29 18:08:17',NULL,'0'),
(3400,'34','0','0','FABRICACION DE VEHICULOS AUTOMOTORES, REMOLQUES Y SEMIRREMOLQUES','2010-12-29 18:08:17',NULL,'0'),
(3410,'34','1','0','FABRICACION DE VEHICULOS AUTOMOTORES','2010-12-29 18:08:17',NULL,'0'),
(3420,'34','2','0','FABRICA DE CARROCERIAS PARA VEHICULO  AUTOMOTORES, REMOLQUES, SEMIREMOLQUES','2010-12-29 18:08:17',NULL,'0'),
(3430,'34','3','0','FABRICA DE PARTES, PIEZAS Y ACCES. VEHIC. AUTOMOTORES Y SUS MOTORES','2010-12-29 18:08:17',NULL,'0'),
(3500,'35','0','0','FABRICACION DE OTROS TIPOS DE EQUIPO DE TRANSPORTE','2010-12-29 18:08:17',NULL,'0'),
(3510,'35','1','0','CONSTRUCCION Y REPARACION DE BUQUES Y OTRAS EMBARCACIONES','2010-12-29 18:08:17',NULL,'0'),
(3511,'35','1','1','CONSTRUCCION Y REPARACION DE BUQUES','2010-12-29 18:08:17',NULL,'0'),
(3512,'35','1','2','CONSTRUCCION Y REPARACION DE EMBARCACIONES DE RECREO Y DEPORTE','2010-12-29 18:08:17',NULL,'0'),
(3520,'35','2','0','FABRICACION DE LOCOMOTORAS Y DE MATERIAL RODANTE PARA FERROCARILES Y TRANVIA','2010-12-29 18:08:17',NULL,'0'),
(3530,'35','3','0','FABRICACION DE AERONAVES Y NAVES ESPACIALES','2010-12-29 18:08:17',NULL,'0'),
(3590,'35','9','0','FABRICACION DE OTROS TIPOS DE EQUIPO DE TRANSPORTE N.C.P.','2010-12-29 18:08:17',NULL,'0'),
(3591,'35','9','1','FABRICACION DE MOTOCICLETAS','2010-12-29 18:08:17',NULL,'0'),
(3592,'35','9','2','FABRICACION DE BICICLETAS  Y SILLONES DE RUEDAS PARA INVALIDOS','2010-12-29 18:08:17',NULL,'0'),
(3599,'35','9','9','FABRICA DE OTROS TIPOS EQUIPO DE TRANSPORTE N.C.P.','2010-12-29 18:08:17',NULL,'0'),
(3600,'36','0','0','FABRICACION DE MUEBLES, INDUSTRIAS, MANUFACTURERAS N.C.P.','2010-12-29 18:08:17',NULL,'0'),
(3610,'36','1','0','FABRICACION DE MUEBLES','2010-12-29 18:08:17',NULL,'0'),
(3690,'36','9','0','INDUSTRIAS MANUFACTURERAS N.C.P.','2010-12-29 18:08:17',NULL,'0'),
(3691,'36','9','1','FABRICACION DE JOYAS Y ARTICULOS CONEXOS','2010-12-29 18:08:17',NULL,'0'),
(3692,'36','9','2','FABRICACION DE INSTRUMENTOS DE MUSICA','2010-12-29 18:08:17',NULL,'0'),
(3693,'36','9','3','FABRICACION DE ARTICULOS DE DEPORTE','2010-12-29 18:08:17',NULL,'0'),
(3694,'36','9','4','FABRICACION DE JUEGOS Y JUGUETES','2010-12-29 18:08:17',NULL,'0'),
(3699,'36','9','9','OTRAS INDUSTRIAS MANUFACTURERAS N.C.P.','2010-12-29 18:08:17',NULL,'0'),
(3700,'37','0','0','RECICLAMIENTO','2010-12-29 18:08:17',NULL,'0'),
(3710,'37','1','0','RECICLAMIENTO DE DESPERDICIOS Y DESECHOS METALICOS','2010-12-29 18:08:17',NULL,'0'),
(3720,'37','2','0','RECICLAMIENTO DE DESPERDICIOS Y DESECHOS NO METALICOS','2010-12-29 18:08:17',NULL,'0'),
(4000,'40','0','0','SUMINISTRO DE ELECTRICIDAD, GAS, VAPOR Y AGUA CALIENTE','2010-12-29 18:08:17',NULL,'0'),
(4010,'40','1','0','GENERACION, CAPTACION Y DISTRIBUCION DE ENERGIA ELECTRICA','2010-12-29 18:08:17',NULL,'0'),
(4020,'40','2','0','FABRICACION DE GAS DISTRIBUCION DE COMBUSTIBLES GASEOSOS POR TUBERIAS','2010-12-29 18:08:17',NULL,'0'),
(4030,'40','3','0','SUMINISTRO DE VAPOR Y AGUA CALIENTE','2010-12-29 18:08:17',NULL,'0'),
(4100,'41','0','0','CAPTACION, DEPURACION Y DISTRIBUCION DE AGUA','2010-12-29 18:08:17',NULL,'0'),
(4500,'45','0','0','CONSTRUCCION','2010-12-29 18:08:17',NULL,'0'),
(4510,'45','1','0','PREPARACION DEL TERRENO','2010-12-29 18:08:17',NULL,'0'),
(4520,'45','2','0','CONSTRUCCION DE EDIFICIOS COMPLETOS Y PARTES DE EDIFICIOS OBRAS DE INGEN. CIVIL','2010-12-29 18:08:17',NULL,'0'),
(4530,'45','3','0','ACONDICIONAMIENTO DE EDIFICIOS','2010-12-29 18:08:17',NULL,'0'),
(4540,'45','4','0','TERMINACION DE EDIFICIOS','2010-12-29 18:08:17',NULL,'0'),
(4550,'45','5','0','ALQUILER DE EQUIPO DE CONSTRUCCION Y DEMOLICION DOTADO CON OPERARIOS','2010-12-29 18:08:17',NULL,'0'),
(5000,'50','0','0','VENTA, MANTENIMIENTO Y REPA. DE VEHIC. AUTOMOTORES Y MOTOS, VENTA MENOR COMBUST.','2010-12-29 18:08:17',NULL,'0'),
(5010,'50','1','0','VENTA DE VEHICULOS AUTOMOTORES','2010-12-29 18:08:17',NULL,'0'),
(5020,'50','2','0','MANTENIMIENTO Y REPARACION VEHICULOS AUTOMOTORES','2010-12-29 18:08:17',NULL,'0'),
(5030,'50','3','0','VENTA DE PARTES, PIEZAS Y ACCESORIOS DE VEHICULOS AUTOMOTORES','2010-12-29 18:08:17',NULL,'0'),
(5040,'50','4','0','VENTA, MANTENIMIENTO Y REPARACION DE MOTOCICLETAS','2010-12-29 18:08:17',NULL,'0'),
(5050,'50','5','0','VENTA AL POR MENOR DE COMBUSTIBLE PARA AUTOMOTORES','2010-12-29 18:08:17',NULL,'0'),
(5100,'51','0','0','VENTA AL POR MAYOR Y EN COMISION, EXCEPTO COMERCIO DE VEHICULOS AUTOMOTORES','2010-12-29 18:08:17',NULL,'0'),
(5110,'51','1','0','VENTA AL POR MAYOR A CAMBIO RETRIBUCION O POR CONTRATA','2010-12-29 18:08:17',NULL,'0'),
(5120,'51','2','0','VENTAS AL MAYOR DE MATERIAS PRIMAS AGROP. ANIMALES VIVOS, ALIMENTOS, BEBIDAS','2010-12-29 18:08:17',NULL,'0'),
(5121,'51','2','1','VENTA AL POR MAYOR DE MATERIA PRIMA AGROPECUARIA, ANIMALES VIVOS','2010-12-29 18:08:17',NULL,'0'),
(5122,'51','2','2','VENTA AL POR MAYOR ALIMENTOS BEBIDAS Y TABACO','2010-12-29 18:08:17',NULL,'0'),
(5130,'51','3','0','VENTA AL POR MAYOR DE ENSERES DOMESTICOS','2010-12-29 18:08:17',NULL,'0'),
(5131,'51','3','1','VENTA AL POR MAYOR PRODUCTOS TEXTILES, PRENDAS DE VESTIR, CALZADO','2010-12-29 18:08:17',NULL,'0'),
(5139,'51','3','9','VENTA AL POR MAYOR DE OTROS ENSERES DOMESTICOS','2010-12-29 18:08:17',NULL,'0'),
(5140,'51','4','0','VENTA AL MAYOR DE PRODUCTOS, INTERMEDIOS, DESPERDICIOS Y DESECHOS NO AGROPEC.','2010-12-29 18:08:17',NULL,'0'),
(5141,'51','4','1','VTA. AL POR MAYOR COMBUSTIBLES SOLIDOS, LIQUIDOS Y GASEOSOS Y  PROD. CONEXOS','2010-12-29 18:08:17',NULL,'0'),
(5142,'51','4','2','VENTA AL POR MAYOR DE METALES Y MINERALES METALIFEROS','2010-12-29 18:08:17',NULL,'0'),
(5143,'51','4','3','VENTA AL POR MAYOR DE MATERIALES DE CONSTRUCCION, FERRETERIA., FONT.Y CALEFAC.','2010-12-29 18:08:17',NULL,'0'),
(5149,'51','4','9','VENTA AL POR MAYOR OTROS PRODUCTOS INTERMEDIOS, DESPERDICIOS Y DESECHOS','2010-12-29 18:08:17',NULL,'0'),
(5150,'51','5','0','VENTA AL POR MAYOR DE MAQUIN., EQUIPO Y MATER.','2010-12-29 18:08:17',NULL,'0'),
(5190,'51','9','0','VENTA AL POR MAYOR DE OTROS PRODUCTOS','2010-12-29 18:08:17',NULL,'0'),
(5200,'52','0','0','COMERCIO AL POR MENOR, EXCEPTO VEHIC. AUTOMOTORES, MOTOS Y REPARACION DE ENSERES','2010-12-29 18:08:17',NULL,'0'),
(5210,'52','1','0','COMERCIO AL POR MENOR NO ESPECIALIZADO EN ALMACENES','2010-12-29 18:08:17',NULL,'0'),
(5211,'52','1','1','VENTA AL POR MENOR EN ALMACENES NO ESPECIALIZADOS','2010-12-29 18:08:17',NULL,'0'),
(5219,'52','1','9','VENTA AL POR MENOR DE OTROS PRODUCTOS EN ALMACENES NO ESPECIALIZADOS','2010-12-29 18:08:17',NULL,'0'),
(5220,'52','2','0','VENTA AL POR MENOR DE ALIMENTOS, BEBIDAS Y TABACO  EN ALMACENES NO ESPECIALIZADO','2010-12-29 18:08:17',NULL,'0'),
(5230,'52','3','0','COMERCIO AL POR MENOR DE OTROS PRODUCTOS NUEVOS EN ALMACENES ESPECIALIZADOS','2010-12-29 18:08:17',NULL,'0'),
(5231,'52','3','1','VENTA POR MENOR DE PRODUC. FARMACEUTICOS Y MEDICINALES, COSMETICOS Y ART.TOCADOR','2010-12-29 18:08:17',NULL,'0'),
(5232,'52','3','2','VENTA AL POR MENOR DE PRODUCTOS TEXTILES PRENDAS DE VESTIR CALZADO, ART. CUERO','2010-12-29 18:08:17',NULL,'0'),
(5233,'52','3','3','VENTA AL POR MENOR APARATOS, ARTICULOS Y EQUIPO DE USO DOMESTICO','2010-12-29 18:08:17',NULL,'0'),
(5234,'52','3','4','VENTA AL POR MENOR DE ARTICULOS DE FERRETERIA. PINTURA Y VIDRIO','2010-12-29 18:08:17',NULL,'0'),
(5239,'52','3','9','VENTA AL POR MENOR DE OTROS PRODUCTOS EN ALMACENES ESPECIALIZADOS','2010-12-29 18:08:17',NULL,'0'),
(5240,'52','4','0','VENTA POR MENOR EN ALMACENES DE ARTICULOS USADOS','2010-12-29 18:08:17',NULL,'0'),
(5250,'52','5','0','COMERCIO AL POR MENOR NO REALIZADO EN ALMACENES','2010-12-29 18:08:17',NULL,'0'),
(5251,'52','5','1','VENTA POR MENOR DE CASAS DE VENTA POR CORREO','2010-12-29 18:08:17',NULL,'0'),
(5252,'52','5','2','VENTA POR MENOR DE PRODUCTOS EN PUESTO DE MERCADO','2010-12-29 18:08:17',NULL,'0'),
(5259,'52','5','9','OTROS TIPOS DE VENTA POR MENOR NO REALIZADO EN ALMACENES','2010-12-29 18:08:17',NULL,'0'),
(5260,'52','6','0','REPARACION DE EFECTOS PERSONALES Y ENSERES DOMESTICOS','2010-12-29 18:08:17',NULL,'0'),
(5500,'55','0','0','HOTELES Y RESTAURANTES','2010-12-29 18:08:17',NULL,'0'),
(5510,'55','1','0','HOTELES, CAMPAMENTOS Y OTROS TIPOS HOSPED.TEMPORAL','2010-12-29 18:08:17',NULL,'0'),
(5520,'55','2','0','RESTAURANTES, BARES Y CANTINAS','2010-12-29 18:08:17',NULL,'0'),
(6000,'60','0','0','TRANSPORTE POR VIA TERRESTRE, TRANSPORTE POR TUBERIAS','2010-12-29 18:08:17',NULL,'0'),
(6010,'60','1','0','TRANSPORTE POR VIA FERREA','2010-12-29 18:08:17',NULL,'0'),
(6020,'60','2','0','OTROS TIPOS DE TRANSPORTE POR VIA TERRESTRE','2010-12-29 18:08:17',NULL,'0'),
(6021,'60','2','1','OTROS TIPOS TRANSPORTE REGULAR DE PASAJEROS POR VIA TERRESTRE','2010-12-29 18:08:17',NULL,'0'),
(6022,'60','2','2','OTROS TIPOS TRANSPORTE NO REGULAR DE PASAJEROS VIA TERRESTRE','2010-12-29 18:08:17',NULL,'0'),
(6023,'60','2','3','TRANSPORTE DE CARGA POR CARRETERA','2010-12-29 18:08:17',NULL,'0'),
(6030,'60','3','0','TRANSPORTE POR TUBERIAS','2010-12-29 18:08:17',NULL,'0'),
(6100,'61','0','0','TRANSPORTE POR VIA ACUATICA','2010-12-29 18:08:17',NULL,'0'),
(6110,'61','1','0','TRANSPORTE MARITIMO Y DE CABOTAJE','2010-12-29 18:08:17',NULL,'0'),
(6120,'61','2','0','TRANSPORTE POR VIAS DE NAVEGACION INTERIORES','2010-12-29 18:08:17',NULL,'0'),
(6200,'62','0','0','TRANSPORTE POR VIA AEREA','2010-12-29 18:08:17',NULL,'0'),
(6210,'62','1','0','TRANSPORTE REGULAR POR VIA AEREA','2010-12-29 18:08:17',NULL,'0'),
(6220,'62','2','0','TRANSPORTE NO REGULAR POR VIA AEREA','2010-12-29 18:08:17',NULL,'0'),
(6300,'63','0','0','ACTIV. DE TRANSP. COMPLEMENTARIAS Y AUXILIARES, ACTIVIDADES DE AGENCIAS DE VIAJE','2010-12-29 18:08:17',NULL,'0'),
(6301,'63','0','1','MANIPULACION DE LA CARGA','2010-12-29 18:08:17',NULL,'0'),
(6302,'63','0','2','ALMACENAMIENTO Y DEPOSITO','2010-12-29 18:08:17',NULL,'0'),
(6303,'63','0','3','OTRAS ACTIVIDADES DE TRANSPORTES COMPLEMENTARIAS','2010-12-29 18:08:17',NULL,'0'),
(6304,'63','0','4','ACTIVIDADES DE AGENCIAS DE VIAJES Y ORGANIZACION DE EXCURSIONES','2010-12-29 18:08:17',NULL,'0'),
(6309,'63','0','9','ACTIVIDADES DE OTRAS AGENCIAS DE TRANSPORTE','2010-12-29 18:08:17',NULL,'0'),
(6400,'64','0','0','CORREO Y TELECOMUNICACIONES','2010-12-29 18:08:17',NULL,'0'),
(6410,'64','1','0','ACTIVIDADES POSTALES Y DE CORREO','2010-12-29 18:08:17',NULL,'0'),
(6411,'64','1','1','ACTIVIDADES POSTALES NACIONALES','2010-12-29 18:08:17',NULL,'0'),
(6412,'64','1','2','ACTIVIDADES DE CORREO DISTINTAS DE LAS ACTIVIDADES POSTALES NACIONALES','2010-12-29 18:08:17',NULL,'0'),
(6420,'64','2','0','TELECOMUNICACIONES','2010-12-29 18:08:17',NULL,'0'),
(6500,'65','0','0','INTERMEDIACION FINANCIERA, EXCEPTO FINANCIACION DE PLANES DE SEGUROS Y PENSIONES','2010-12-29 18:08:17',NULL,'0'),
(6510,'65','1','0','INTERMEDIACION MONETARIA','2010-12-29 18:08:17',NULL,'0'),
(6511,'65','1','1','BANCA CENTRAL','2010-12-29 18:08:17',NULL,'0'),
(6519,'65','1','9','OTROS TIPOS DE INTERMEDIACION MONETARIA','2010-12-29 18:08:17',NULL,'0'),
(6590,'65','9','0','OTROS TIPOS DE INTERMEDIACION FINANCIERA','2010-12-29 18:08:17',NULL,'0'),
(6591,'65','9','1','ARRENDAMIENTO FINANCIERO','2010-12-29 18:08:17',NULL,'0'),
(6592,'65','9','2','OTROS TIPOS DE CREDITO','2010-12-29 18:08:17',NULL,'0'),
(6599,'65','9','9','OTROS TIPOS DE INTERMEDIACION FINANCIERA N.C.P','2010-12-29 18:08:17',NULL,'0'),
(6600,'66','0','0','FINANCIACION DE PLANES DE SEGUROS Y DE PENSIONES, EXCP. LOS PLANES DEL IPSS','2010-12-29 18:08:17',NULL,'0'),
(6601,'66','0','1','PLANES DE SEGUROS DE VIDA','2010-12-29 18:08:17',NULL,'0'),
(6602,'66','0','2','PLANES DE PENSIONES','2010-12-29 18:08:17',NULL,'0'),
(6603,'66','0','3','PLANES DE SEGUROS GENERALES','2010-12-29 18:08:17',NULL,'0'),
(6711,'67','1','1','ADMINISTRACION DE MERCADOS FINANCIEROS','2010-12-29 18:08:17',NULL,'0'),
(6712,'67','1','2','ACTIVIDADES BURSATILES','2010-12-29 18:08:17',NULL,'0'),
(6719,'67','1','9','ACTIVIDADES AUXILIARES DE LA INTERMEDIACION FINANCIERA  N.C.P.','2010-12-29 18:08:17',NULL,'0'),
(6720,'67','2','0','ACTIVIDADES AUXILIARES FINANCIACION DE PLANES SEGUROS Y PENSIONES','2010-12-29 18:08:17',NULL,'0'),
(7000,'70','0','0','ACTIVIDADES INMOBILIARIAS','2010-12-29 18:08:17',NULL,'0'),
(7010,'70','1','0','ACTIVIDADES INMOBILIARIAS CON BIENES PROPIOS O ARRENDADOS','2010-12-29 18:08:17',NULL,'0'),
(7020,'70','2','0','ACTIVIDADES INMOBILIARIAS REALIZADAS A CAMBIO DE UNA RETRIBUCION O POR CONTRATA','2010-12-29 18:08:17',NULL,'0'),
(7100,'71','0','0','ALQUILER DE MAQUINARIA Y EQUIPO SIN OPERARIOS Y DE EFECTOS PERSONALES Y ENSERES','2010-12-29 18:08:17',NULL,'0'),
(7110,'71','1','0','ALQUILER DE EQUIPO DE TRANSPORTE','2010-12-29 18:08:17',NULL,'0'),
(7111,'71','1','1','ALQUILER DE EQUIPO DE TRANSPORTE POR VIA TERRESTRE','2010-12-29 18:08:17',NULL,'0'),
(7112,'71','1','2','ALQUILER DE EQUIPO DE TRANSPORTE POR VIA ACUATICA','2010-12-29 18:08:17',NULL,'0'),
(7113,'71','1','3','ALQUILER DE EQUIPO DE TRANSPORTE POR VIA AEREA','2010-12-29 18:08:17',NULL,'0'),
(7120,'71','2','0','ALQUILER DE OTROS TIPOS DE MAQUINARIA Y EQUIPO','2010-12-29 18:08:17',NULL,'0'),
(7121,'71','2','1','ALQUILER DE MAQUINARIA Y EQUIPO AGROPECUARIO','2010-12-29 18:08:17',NULL,'0'),
(7122,'71','2','2','ALQUILER DE MAQUINARIA Y EQUIPO DE CONSTRUCCION','2010-12-29 18:08:17',NULL,'0'),
(7123,'71','2','3','ALQUILER DE MAQUINARIA Y EQ. DE OFICINA (INCLUSO COMPUTADORAS)','2010-12-29 18:08:17',NULL,'0'),
(7129,'71','2','9','ALQ.DE OTROS TIPOS DE MAQUINARIA Y EQUIPO  N.C.P.','2010-12-29 18:08:17',NULL,'0'),
(7130,'71','3','0','ALQUILER DE EFECTOS PERSONALES Y ENSERES DOMESTICOS','2010-12-29 18:08:17',NULL,'0'),
(7200,'72','0','0','INFORMATICA Y ACTIVIDADES CONEXAS','2010-12-29 18:08:17',NULL,'0'),
(7210,'72','1','0','CONSULTORES EN EQUIPO DE INFORMATICA','2010-12-29 18:08:17',NULL,'0'),
(7220,'72','2','0','CONSULTORES EN PROGRAMAS DE INFORMATICA Y SUMINISTROS','2010-12-29 18:08:17',NULL,'0'),
(7230,'72','3','0','PROCESAMIENTO DE DATOS','2010-12-29 18:08:17',NULL,'0'),
(7240,'72','4','0','ACTIVIDADES RELACIONADAS CON BASES DE DATOS','2010-12-29 18:08:17',NULL,'0'),
(7250,'72','5','0','MANTENIMIENTO Y REPARACION DE MAQUINA DE OFICINA E INFORMATICA','2010-12-29 18:08:17',NULL,'0'),
(7290,'72','9','0','OTRAS ACTIVIDADES DE INFORMATICA','2010-12-29 18:08:17',NULL,'0'),
(7300,'73','0','0','INVESTIGACION Y DESARROLLO','2010-12-29 18:08:17',NULL,'0'),
(7310,'73','1','0','INVESTIGACION Y DESARROLLO DE LAS CIENCIAS NATURALES E INGENIERIA','2010-12-29 18:08:17',NULL,'0'),
(7320,'73','2','0','INVESTIGACION Y DESARROLLO DE LAS CIENCIAS SOCIALES Y HUMANIDADES.','2010-12-29 18:08:17',NULL,'0'),
(7400,'74','0','0','OTRAS ACTIVIDADES EMPRESARIALES','2010-12-29 18:08:17',NULL,'0'),
(7410,'74','1','0','ACTIV. JURIDICAS, DE CONTABILIDAD, Y AUDITORIAASESORAMIENTO A EMP. EN TRIB. ETC','2010-12-29 18:08:17',NULL,'0'),
(7411,'74','1','1','ACTIVIDADES JURIDICAS','2010-12-29 18:08:17',NULL,'0'),
(7412,'74','1','2','ACTIVIDADES DE CONTABILIDAD, Y AUDITORIA ASESORAMIENTO TRIBUTARIO','2010-12-29 18:08:17',NULL,'0'),
(7413,'74','1','3','INVESTIGACION DE MERCADO Y REALIZACION DE ENCUESTAS DE OPINION PUBLICA','2010-12-29 18:08:17',NULL,'0'),
(7414,'74','1','4','ACTIVIDADES DE ASESORAMIENTO EMPRESARIAL Y EN MATERIA DE GESTION','2010-12-29 18:08:17',NULL,'0'),
(7420,'74','2','0','ACTIVIDADES DE ARQUITECTURA E INGENIERIA Y OTRAS ACTIVIDADES TECNICAS','2010-12-29 18:08:17',NULL,'0'),
(7421,'74','2','1','ACTIVIDADES DE ARQUITECTURA E INGENIERIA Y ASESORAMIENTO TECNICO','2010-12-29 18:08:17',NULL,'0'),
(7422,'74','2','2','ENSAYOS Y ANALISIS TECNICOS','2010-12-29 18:08:17',NULL,'0'),
(7430,'74','3','0','PUBLICIDAD','2010-12-29 18:08:17',NULL,'0'),
(7490,'74','9','0','ACTIVIDADES EMPRESARIALES N.C.P.','2010-12-29 18:08:17',NULL,'0'),
(7491,'74','9','1','OBTENCION Y DOTACION DE PERSONAL','2010-12-29 18:08:17',NULL,'0'),
(7492,'74','9','2','ACTIVIDADES DE INVESTIGACION Y SEGURIDAD','2010-12-29 18:08:17',NULL,'0'),
(7493,'74','9','3','ACTIVIDADES DE LIMPIEZA DE EDIFICIOS','2010-12-29 18:08:17',NULL,'0'),
(7494,'74','9','4','ACTIVIDADES DE FOTOGRAFIA','2010-12-29 18:08:17',NULL,'0'),
(7495,'74','9','5','ACTIVIDADES DE ENVASE Y EMPAQUE','2010-12-29 18:08:17',NULL,'0'),
(7499,'74','9','9','OTRAS ACTIVIDADES EMPRESARIALES N.C.P.','2010-12-29 18:08:17',NULL,'0'),
(7500,'75','0','0','ADMINISTRACION PUBLICA Y DEFENSA, PLANES DE SEGURS. SOCIAL DE AFILIACION OBLIG.','2010-12-29 18:08:17',NULL,'0'),
(7510,'75','1','0','ADMINISTRACION DEL ESTADO Y APLICACION DE LA POLITICA ECON. Y SOCIAL DE LA COMU.','2010-12-29 18:08:17',NULL,'0'),
(7511,'75','1','1','ACTIVIDADES DE LA ADMINISTRACION PUBLICA EN GENERAL','2010-12-29 18:08:17',NULL,'0'),
(7512,'75','1','2','REGUL.ACTIVIDADES DE ORGAN.PRESTAN SERVICIOS','2010-12-29 18:08:17',NULL,'0'),
(7513,'75','1','3','REGULAC. Y FACILITAC. DE LA ACTIVIDAD ECONOM.','2010-12-29 18:08:17',NULL,'0'),
(7514,'75','1','4','ACTIVIDADES AUXLIARES DE TIPO SERVICIO PARA ADM. PUBLICA GENERAL','2010-12-29 18:08:17',NULL,'0'),
(7520,'75','2','0','PRESTACION DE SERVICIOS A LA COMUNIDAD EN GENERAL','2010-12-29 18:08:17',NULL,'0'),
(7521,'75','2','1','RELACIONES EXTERIORES','2010-12-29 18:08:17',NULL,'0'),
(7522,'75','2','2','ACTIVIDADES DE DEFENSA','2010-12-29 18:08:17',NULL,'0'),
(7523,'75','2','3','ACTIVIDADES DE MANTENIMIENTO DEL ORDEN PUBLICO','2010-12-29 18:08:17',NULL,'0'),
(7530,'75','3','0','ACTIVIDADES DE PLANES DE SEGURIDAD SOCIAL, AFILIACION OBLIGATORIA','2010-12-29 18:08:17',NULL,'0'),
(8000,'80','0','0','ENSEÐANZA','2010-12-29 18:08:17',NULL,'0'),
(8010,'80','1','0','ENSEÐANZA PRIMARIA','2010-12-29 18:08:17',NULL,'0'),
(8020,'80','2','0','ENSEÐANZA SECUNDARIA','2010-12-29 18:08:17',NULL,'0'),
(8021,'80','2','1','ENSEÐANZA SECUNDARIA DE FORMACION GENERAL','2010-12-29 18:08:17',NULL,'0'),
(8022,'80','2','2','ENSEÐANZA SECUNDARIA DE FORMACION TECNICA Y PROFESIONAL','2010-12-29 18:08:17',NULL,'0'),
(8030,'80','3','0','ENSEÐANZA SUPERIOR','2010-12-29 18:08:17',NULL,'0'),
(8090,'80','9','0','EDUCACION DE ADULTOS Y OTROS TIPOS DE ENSEÐANZA','2010-12-29 18:08:17',NULL,'0'),
(8500,'85','0','0','ACTIVIDADES DE SERVICIOS SOCIALES Y DE SALUD','2010-12-29 18:08:17',NULL,'0'),
(8510,'85','1','0','ACTIVIDADES RELACIONADAS CON LA SALUD HUMANA','2010-12-29 18:08:17',NULL,'0'),
(8511,'85','1','1','ACTIVIDADES DE HOSPITALES','2010-12-29 18:08:17',NULL,'0'),
(8512,'85','1','2','ACTIVIDADES DE MEDICOS Y ODONTOLOGOS','2010-12-29 18:08:17',NULL,'0'),
(8519,'85','1','9','OTRAS ACTIV.RELACIONADAS CON LA SALUD HUMANA','2010-12-29 18:08:17',NULL,'0'),
(8520,'85','2','0','ACTIVIDADES VETERINARIAS','2010-12-29 18:08:17',NULL,'0'),
(8530,'85','3','0','ACTIVIDADES DE SERVICIOS SOCIALES','2010-12-29 18:08:17',NULL,'0'),
(8531,'85','3','1','SERVICIOS SOCIALES CON ALOJAMIENTO','2010-12-29 18:08:17',NULL,'0'),
(8532,'85','3','2','SERVICIOS SOCIALES SIN ALOJAMIENTO','2010-12-29 18:08:17',NULL,'0'),
(9000,'90','0','0','ELIMINACION DE DESPERDICIOS Y DE AGUAS RESIDUALES Y SANEAMIENTO,  ACTIVIDADES SIMILARES','2010-12-29 18:08:17',NULL,'0'),
(9100,'91','0','0','ACTIVIDADES DE ASOCIACIONES N.C.P.','2010-12-29 18:08:17',NULL,'0'),
(9110,'91','1','0','ACTIVIDADES DE ORGANIZACIONES EMPRESARIALES,PROFESIONALES Y DE EMPLEADORES','2010-12-29 18:08:17',NULL,'0'),
(9111,'91','1','1','ACTIV.DE ORGANIZACION EMPRESARIAL Y EMPLEADORES','2010-12-29 18:08:17',NULL,'0'),
(9112,'91','1','2','ACTIVIDADES DE ORGANIZACIONES PROFESIONALES','2010-12-29 18:08:17',NULL,'0'),
(9120,'91','2','0','ACTIVIDADES DE SINDICATOS','2010-12-29 18:08:17',NULL,'0'),
(9190,'91','9','0','ACTIVIDADES DE OTRAS ASOCIACIONES','2010-12-29 18:08:17',NULL,'0'),
(9191,'91','9','1','ACTIVIDADES DE ORGANIZACIONES RELIGIOSAS','2010-12-29 18:08:17',NULL,'0'),
(9192,'91','9','2','ACTIVIDADES DE ORGANIZACIONES POLITICAS','2010-12-29 18:08:17',NULL,'0'),
(9199,'91','9','9','ACTIVIDADES DE OTRAS ASOCIACIONES N.C.P.','2010-12-29 18:08:17',NULL,'0'),
(9200,'92','0','0','ACTIVIDADES DE ESPARCIMIENTO Y ACTIVIDADES CULTURALES Y DEPORTIVAS','2010-12-29 18:08:17',NULL,'0'),
(9210,'92','1','0','ACTIV. DE CINEMATOGRAFIA, RADIO Y TELEVISION Y OTRAS ACTIVIDADES DE ENTRETENIM.','2010-12-29 18:08:17',NULL,'0'),
(9211,'92','1','1','PRODUCCION Y DISTRIB. DE FILMES Y VIDEOCINTAS','2010-12-29 18:08:17',NULL,'0'),
(9212,'92','1','2','EXHIBICION DE FILMES Y VIDEOCINTAS','2010-12-29 18:08:17',NULL,'0'),
(9213,'92','1','3','ACTIVIDADES DE RADIO Y TELEVISION','2010-12-29 18:08:17',NULL,'0'),
(9214,'92','1','4','ACTIVIDADES TEATRALES Y MUSICALES','2010-12-29 18:08:17',NULL,'0'),
(9219,'92','1','9','OTRAS ACTIVIDADES DE ENTRETENIMIENTO N.C.P','2010-12-29 18:08:17',NULL,'0'),
(9220,'92','2','0','ACTIVIDADES DE AGENCIAS DE NOTICIAS','2010-12-29 18:08:17',NULL,'0'),
(9230,'92','3','0','ACTIVIDADES DE BIBLIOTECAS, ARCHIVOS Y MUSEOS Y OTRAS ACTIVIDADES CULTURALES','2010-12-29 18:08:17',NULL,'0'),
(9231,'92','3','1','ACTIVIDADES DE BIBLIOTECAS Y ARCHIVOS','2010-12-29 18:08:17',NULL,'0'),
(9232,'92','3','2','ACTIVIDADES DE MUSEOS Y PRESERVACION DE LUGARES Y EDIFICIOS HISTORICOS','2010-12-29 18:08:17',NULL,'0'),
(9233,'92','3','3','ACTIVIDADES DE JARDINES BOTANICOS, ZOOLOGICOS Y PARQUE NACIONAL','2010-12-29 18:08:17',NULL,'0'),
(9240,'92','4','0','ACTIVIDADES DEPORTIVAS Y OTRAS ACTIVIDADES DE ESPARCIMIENTO','2010-12-29 18:08:17',NULL,'0'),
(9241,'92','4','1','ACTIVIDADES DEPORTIVAS','2010-12-29 18:08:17',NULL,'0'),
(9249,'92','4','9','OTRAS ACTIVIDADES DE ESPARCIMIENTO','2010-12-29 18:08:17',NULL,'0'),
(9300,'93','0','0','OTRAS ACTIVIDADES DE SERVICIOS','2010-12-29 18:08:17',NULL,'0'),
(9301,'93','0','1','LAVADO Y LIMPIEZA DE PRENDAS DE TELA Y DE PIEL','2010-12-29 18:08:17',NULL,'0'),
(9302,'93','0','2','PELUQUERIA Y OTROS TRATAMIENTOS DE BELLEZA','2010-12-29 18:08:17',NULL,'0'),
(9303,'93','0','3','POMPAS FUNEBRES Y ACTIVIDADES CONEXAS','2010-12-29 18:08:17',NULL,'0'),
(9309,'93','0','9','OTRAS ACTIVIDADES DE TIPO SERVICIO N.C.P','2010-12-29 18:08:17',NULL,'0'),
(9500,'95','0','0','HOGARES PRIVADOS CON SERVICIO DOMESTICO','2010-12-29 18:08:17',NULL,'0'),
(9900,'99','0','0','ORGANIZACIONES Y ORGANOS EXTRATERRITORIALES','2010-12-29 18:08:17',NULL,'0'),
(9990,'99','9','0','OTRAS ACTIVIDADES NO ESPECIFICADAS','2010-12-29 18:08:17',NULL,'0'),
(9999,'99','9','9','OTRAS ACTIVIDADES NO CLASIFICAD.EN OTRA PARTE','2010-12-29 18:08:17',NULL,'0');

/*Table structure for table `cliente` */

DROP TABLE IF EXISTS `cliente`;

CREATE TABLE `cliente` (
  `CLIP_Codigo` int(11) NOT NULL AUTO_INCREMENT,
  `TIPCLIP_Codigo` int(11) NOT NULL,
  `COMPP_Codigo` int(11) NOT NULL,
  `EMPRP_Codigo` int(11) NOT NULL,
  `CLIC_FechaRegistro` timestamp NULL DEFAULT CURRENT_TIMESTAMP,
  `CLIC_FechaModificacion` datetime DEFAULT NULL,
  `CLIC_FlagEstado` char(1) DEFAULT '1',
  PRIMARY KEY (`CLIP_Codigo`),
  KEY `COMPP_Codigo` (`COMPP_Codigo`),
  KEY `fk_CJ_CLIENTE_CJ_TIPOCLIENTE` (`TIPCLIP_Codigo`),
  KEY `FK_cliente_empresa` (`EMPRP_Codigo`),
  CONSTRAINT `FK_cliente_empresa` FOREIGN KEY (`EMPRP_Codigo`) REFERENCES `empresa` (`EMPRP_Codigo`) ON DELETE NO ACTION ON UPDATE NO ACTION,
  CONSTRAINT `cliente_ibfk_1` FOREIGN KEY (`COMPP_Codigo`) REFERENCES `compania` (`COMPP_Codigo`) ON DELETE NO ACTION ON UPDATE NO ACTION,
  CONSTRAINT `cliente_ibfk_2` FOREIGN KEY (`TIPCLIP_Codigo`) REFERENCES `tipocliente` (`TIPCLIP_Codigo`) ON DELETE NO ACTION ON UPDATE NO ACTION
) ENGINE=InnoDB AUTO_INCREMENT=59 DEFAULT CHARSET=latin1;

/*Data for the table `cliente` */

insert  into `cliente`(`CLIP_Codigo`,`TIPCLIP_Codigo`,`COMPP_Codigo`,`EMPRP_Codigo`,`CLIC_FechaRegistro`,`CLIC_FechaModificacion`,`CLIC_FlagEstado`) values 
(1,0,1,1,'2011-01-09 05:33:10',NULL,'1'),
(2,0,1,24,'2011-01-09 05:38:55',NULL,'1'),
(3,0,1,81,'2011-01-11 07:39:15',NULL,'1'),
(4,0,1,27,'2011-01-11 07:41:12',NULL,'1'),
(5,0,1,57,'2011-01-11 07:44:24',NULL,'1'),
(6,0,1,70,'2011-01-11 07:47:07',NULL,'1'),
(7,0,1,8,'2011-01-11 07:54:05',NULL,'1'),
(8,0,1,62,'2011-01-22 05:10:04',NULL,'1'),
(9,0,1,90,'2011-01-22 22:35:00',NULL,'1'),
(10,0,1,89,'2011-01-22 22:41:32',NULL,'1'),
(11,0,1,99,'2011-01-22 22:52:37',NULL,'1'),
(12,0,1,20,'2011-01-22 22:53:52',NULL,'1'),
(13,0,1,62,'2011-01-22 22:55:29',NULL,'1'),
(14,0,1,79,'2011-01-22 22:56:50',NULL,'0'),
(15,1,1,18,'2011-01-22 22:57:59',NULL,'1'),
(16,0,1,33,'2011-01-22 23:00:53',NULL,'1'),
(17,0,1,2,'2011-01-22 23:02:18',NULL,'1'),
(18,0,1,80,'2011-01-22 23:04:17',NULL,'1'),
(19,1,1,74,'2011-01-22 23:05:51',NULL,'1'),
(20,0,1,54,'2011-01-22 23:07:51',NULL,'1'),
(21,2,1,72,'2011-01-22 23:09:40',NULL,'1'),
(22,0,1,10,'2011-01-22 23:15:19',NULL,'1'),
(23,0,1,58,'2011-01-22 23:18:25',NULL,'1'),
(24,0,1,15,'2011-01-22 23:27:36',NULL,'1'),
(25,0,1,23,'2011-01-22 23:31:11',NULL,'1'),
(26,0,1,45,'2011-07-22 08:55:29',NULL,'1'),
(27,1,1,48,'2011-08-09 18:03:11',NULL,'1'),
(28,0,1,38,'2011-08-09 18:08:52',NULL,'1'),
(29,0,1,28,'2011-08-10 17:36:17',NULL,'1'),
(30,0,1,80,'2011-08-10 17:49:35',NULL,'1'),
(42,0,1,52,'2011-08-11 10:21:10',NULL,'1'),
(43,0,1,9,'2011-08-11 10:21:10',NULL,'1'),
(52,0,1,23,'2011-08-11 10:28:05',NULL,'1'),
(57,0,1,47,'2011-08-12 17:31:38',NULL,'1'),
(58,0,1,62,'2011-08-14 10:13:39',NULL,'1');

/*Table structure for table `compania` */

DROP TABLE IF EXISTS `compania`;

CREATE TABLE `compania` (
  `COMPP_Codigo` int(11) NOT NULL AUTO_INCREMENT,
  `EMPRP_Codigo` int(11) NOT NULL,
  `COMPC_Logo` varchar(250) NOT NULL,
  `COMPC_TipoValorizacion` char(1) NOT NULL DEFAULT '0' COMMENT '0:FIFO, 1:LIFO',
  `COMPC_FlagEstado` int(1) NOT NULL DEFAULT '1',
  PRIMARY KEY (`COMPP_Codigo`),
  KEY `FK_cji_compania_cji_empresa` (`EMPRP_Codigo`),
  CONSTRAINT `FK_cji_compania_cji_empresa` FOREIGN KEY (`EMPRP_Codigo`) REFERENCES `empresa` (`EMPRP_Codigo`) ON DELETE NO ACTION ON UPDATE NO ACTION
) ENGINE=InnoDB AUTO_INCREMENT=3 DEFAULT CHARSET=utf8;

/*Data for the table `compania` */

insert  into `compania`(`COMPP_Codigo`,`EMPRP_Codigo`,`COMPC_Logo`,`COMPC_TipoValorizacion`,`COMPC_FlagEstado`) values 
(1,88,'Mi loguito','0',1),
(2,5,'logo','0',1);

/*Table structure for table `companiaconfiguracion` */

DROP TABLE IF EXISTS `companiaconfiguracion`;

CREATE TABLE `companiaconfiguracion` (
  `COMPCONFIP_Codigo` int(11) NOT NULL AUTO_INCREMENT,
  `COMPP_Codigo` int(11) NOT NULL,
  `COMPCONFIC_DeterminaPrecio` char(1) NOT NULL DEFAULT '0' COMMENT '0: Los árticulos tienen un único precio, 1: El precio depende del tipo de cliente, 2: El precio depende de la tienda, 3: El precio depedente de la combinación de las dos últimas',
  `COMPCONFIC_FechaRegistro` timestamp NOT NULL DEFAULT CURRENT_TIMESTAMP,
  `COMPCONFIC_FechaModificacion` datetime DEFAULT NULL,
  `COMPCONFIC_FlagEstado` char(1) NOT NULL DEFAULT '1',
  PRIMARY KEY (`COMPCONFIP_Codigo`),
  UNIQUE KEY `COMPP_Codigo` (`COMPP_Codigo`),
  CONSTRAINT `FK_cji_companiaconfiguracion_compania` FOREIGN KEY (`COMPP_Codigo`) REFERENCES `compania` (`COMPP_Codigo`)
) ENGINE=InnoDB AUTO_INCREMENT=2 DEFAULT CHARSET=utf8;

/*Data for the table `companiaconfiguracion` */

insert  into `companiaconfiguracion`(`COMPCONFIP_Codigo`,`COMPP_Codigo`,`COMPCONFIC_DeterminaPrecio`,`COMPCONFIC_FechaRegistro`,`COMPCONFIC_FechaModificacion`,`COMPCONFIC_FlagEstado`) values 
(1,1,'3','2011-07-14 09:47:40',NULL,'1');

/*Table structure for table `comprobante` */

DROP TABLE IF EXISTS `comprobante`;

CREATE TABLE `comprobante` (
  `CPP_Codigo` int(11) NOT NULL AUTO_INCREMENT,
  `CPC_TipoOperacion` char(1) NOT NULL DEFAULT 'V' COMMENT 'V: venta, C: Compra',
  `CPC_TipoDocumento` char(1) NOT NULL DEFAULT 'F' COMMENT 'F: factura, B: boleta, N: nunguno de los dos',
  `PRESUP_Codigo` int(11) DEFAULT NULL,
  `OCOMP_Codigo` int(11) DEFAULT NULL,
  `COMPP_Codigo` int(11) NOT NULL DEFAULT '0',
  `CPC_Serie` char(3) NOT NULL,
  `CPC_Numero` int(11) DEFAULT NULL,
  `CLIP_Codigo` int(11) DEFAULT NULL,
  `PROVP_Codigo` int(11) DEFAULT NULL,
  `USUA_Codigo` int(11) DEFAULT NULL,
  `MONED_Codigo` int(11) DEFAULT NULL,
  `FORPAP_Codigo` int(11) NOT NULL,
  `CPC_subtotal` double(10,2) DEFAULT NULL,
  `CPC_descuento` double(10,2) DEFAULT NULL,
  `CPC_igv` double(10,2) DEFAULT NULL,
  `CPC_total` double(10,2) NOT NULL DEFAULT '0.00',
  `CPC_subtotal_conigv` double(10,2) DEFAULT NULL COMMENT 'Para que pueda ser usado como una boleta',
  `CPC_descuento_conigv` double(10,2) DEFAULT NULL COMMENT 'Para que pueda ser usado como una boleta',
  `CPC_igv100` int(11) NOT NULL DEFAULT '0',
  `CPC_descuento100` int(11) NOT NULL DEFAULT '0',
  `CPC_Observacion` varchar(250) DEFAULT NULL,
  `CPC_Fecha` date DEFAULT NULL,
  `CPC_FechaRegistro` timestamp NOT NULL DEFAULT CURRENT_TIMESTAMP,
  `CPC_FechaModificacion` datetime DEFAULT NULL,
  `CPC_FlagEstado` char(1) DEFAULT '1',
  PRIMARY KEY (`CPP_Codigo`),
  KEY `FK_cji_factura_cji_presupuesto` (`PRESUP_Codigo`),
  KEY `FK_cji_factura_cji_compania` (`COMPP_Codigo`),
  KEY `FK_cji_factura_cji_cliente` (`CLIP_Codigo`),
  KEY `FK_cji_factura_cji_usuario` (`USUA_Codigo`),
  KEY `FK_cji_factura_cji_moneda` (`MONED_Codigo`),
  KEY `FK_cji_factura_cji_formapago` (`FORPAP_Codigo`),
  KEY `FK_cji_comprobante_proveedor` (`PROVP_Codigo`),
  KEY `FK_cji_comprobante_ocompra` (`OCOMP_Codigo`),
  CONSTRAINT `FK_cji_comprobante_ocompra` FOREIGN KEY (`OCOMP_Codigo`) REFERENCES `ordencompra` (`OCOMP_Codigo`),
  CONSTRAINT `FK_cji_comprobante_proveedor` FOREIGN KEY (`PROVP_Codigo`) REFERENCES `proveedor` (`PROVP_Codigo`),
  CONSTRAINT `FK_cji_factura_cji_cliente` FOREIGN KEY (`CLIP_Codigo`) REFERENCES `cliente` (`CLIP_Codigo`) ON DELETE NO ACTION ON UPDATE NO ACTION,
  CONSTRAINT `FK_cji_factura_cji_compania` FOREIGN KEY (`COMPP_Codigo`) REFERENCES `compania` (`COMPP_Codigo`) ON DELETE NO ACTION ON UPDATE NO ACTION,
  CONSTRAINT `FK_cji_factura_cji_formapago` FOREIGN KEY (`FORPAP_Codigo`) REFERENCES `formapago` (`FORPAP_Codigo`) ON DELETE NO ACTION ON UPDATE NO ACTION,
  CONSTRAINT `FK_cji_factura_cji_moneda` FOREIGN KEY (`MONED_Codigo`) REFERENCES `moneda` (`MONED_Codigo`) ON DELETE NO ACTION ON UPDATE NO ACTION,
  CONSTRAINT `FK_cji_factura_cji_usuario` FOREIGN KEY (`USUA_Codigo`) REFERENCES `usuario` (`USUA_Codigo`) ON DELETE NO ACTION ON UPDATE NO ACTION
) ENGINE=InnoDB AUTO_INCREMENT=21 DEFAULT CHARSET=utf8;

/*Data for the table `comprobante` */

insert  into `comprobante`(`CPP_Codigo`,`CPC_TipoOperacion`,`CPC_TipoDocumento`,`PRESUP_Codigo`,`OCOMP_Codigo`,`COMPP_Codigo`,`CPC_Serie`,`CPC_Numero`,`CLIP_Codigo`,`PROVP_Codigo`,`USUA_Codigo`,`MONED_Codigo`,`FORPAP_Codigo`,`CPC_subtotal`,`CPC_descuento`,`CPC_igv`,`CPC_total`,`CPC_subtotal_conigv`,`CPC_descuento_conigv`,`CPC_igv100`,`CPC_descuento100`,`CPC_Observacion`,`CPC_Fecha`,`CPC_FechaRegistro`,`CPC_FechaModificacion`,`CPC_FlagEstado`) values 
(1,'V','F',0,NULL,1,'001',1,24,NULL,7,1,9,0.00,0.00,0.00,0.00,NULL,NULL,19,0,'','2011-08-11','2011-08-11 17:17:52',NULL,'1'),
(2,'V','F',0,NULL,1,'001',2,21,NULL,7,1,9,14.25,0.00,2.70,16.95,NULL,NULL,19,0,'','2011-08-11','2011-08-11 17:18:43',NULL,'1'),
(3,'V','F',0,NULL,1,'001',3,21,NULL,7,1,9,1460.00,0.00,277.40,1737.40,NULL,NULL,19,0,'','2011-08-12','2011-08-12 10:12:47',NULL,'1'),
(4,'V','B',0,NULL,1,'001',1,21,NULL,7,1,9,NULL,NULL,NULL,40.75,40.75,0.00,19,0,'','2011-08-12','2011-08-12 10:56:15',NULL,'1'),
(5,'V','B',0,NULL,1,'001',2,27,NULL,7,1,9,NULL,NULL,NULL,20.00,20.00,0.00,19,0,'','2011-08-12','2011-08-12 13:14:03',NULL,'1'),
(6,'V','B',0,NULL,1,'001',3,21,NULL,7,1,9,NULL,NULL,NULL,16.96,16.96,0.00,19,0,'','2011-08-12','2011-08-12 13:57:19',NULL,'1'),
(7,'V','B',0,NULL,1,'001',4,27,NULL,7,1,9,NULL,NULL,NULL,12.00,12.00,0.00,19,0,'','2011-08-12','2011-08-12 13:59:29',NULL,'1'),
(8,'V','F',0,NULL,1,'001',4,21,NULL,7,1,9,76.25,0.00,14.49,90.74,NULL,NULL,19,0,'','2011-08-12','2011-08-12 18:03:33',NULL,'1'),
(9,'V','F',0,NULL,1,'001',5,21,NULL,7,1,9,14.25,0.00,2.71,16.96,NULL,NULL,19,0,'','2011-08-12','2011-08-12 18:23:59',NULL,'1'),
(10,'V','F',0,NULL,1,'001',6,21,NULL,7,1,9,14.25,0.00,2.71,16.96,NULL,NULL,19,0,'','2011-08-12','2011-08-12 18:24:21',NULL,'1'),
(11,'V','F',0,NULL,1,'001',7,21,NULL,7,1,9,14.25,0.00,2.71,16.96,NULL,NULL,19,0,'','2011-08-12','2011-08-12 18:27:19',NULL,'1'),
(12,'V','F',0,NULL,1,'001',8,21,NULL,7,1,9,14.25,0.00,2.71,16.96,NULL,NULL,19,0,'','2011-08-12','2011-08-12 18:28:41',NULL,'1'),
(13,'V','F',0,NULL,1,'001',9,21,NULL,7,1,9,14.25,0.00,2.71,16.96,NULL,NULL,19,0,'','2011-08-12','2011-08-12 18:29:58',NULL,'1'),
(14,'V','F',0,NULL,1,'001',10,21,NULL,7,1,9,14.25,0.00,2.71,16.96,NULL,NULL,19,0,'','2011-08-12','2011-08-12 18:31:02',NULL,'1'),
(15,'V','F',0,NULL,1,'001',11,21,NULL,7,1,9,14.25,0.00,2.71,16.96,NULL,NULL,19,0,'','2011-08-12','2011-08-12 18:33:04',NULL,'1'),
(16,'V','F',0,NULL,1,'001',12,21,NULL,7,1,9,14.25,0.00,2.71,16.96,NULL,NULL,19,0,'','2011-08-12','2011-08-12 18:37:08',NULL,'1'),
(17,'V','F',0,NULL,1,'001',13,21,NULL,7,1,9,14.25,0.00,2.71,16.96,NULL,NULL,19,0,'','2011-08-12','2011-08-12 18:38:54',NULL,'1'),
(18,'V','F',0,NULL,1,'001',14,21,NULL,7,1,9,28.50,0.00,5.42,33.92,NULL,NULL,19,0,'','2011-08-12','2011-08-12 18:39:20',NULL,'1'),
(19,'V','F',40,NULL,1,'001',15,21,NULL,7,1,9,199.75,0.00,37.95,237.70,NULL,NULL,19,0,'123123','2011-08-13','2011-08-13 01:29:48',NULL,'1'),
(20,'V','N',0,NULL,1,'001',1,17,NULL,7,1,9,0.00,0.00,0.00,0.00,NULL,NULL,19,0,'','2011-08-13','2011-08-13 01:31:08',NULL,'1');

/*Table structure for table `comprobantedetalle` */

DROP TABLE IF EXISTS `comprobantedetalle`;

CREATE TABLE `comprobantedetalle` (
  `CPDEP_Codigo` int(11) NOT NULL AUTO_INCREMENT,
  `CPP_Codigo` int(11) NOT NULL,
  `PROD_Codigo` int(11) NOT NULL,
  `UNDMED_Codigo` int(11) DEFAULT NULL,
  `CPDEC_Cantidad` int(11) DEFAULT '0',
  `CPDEC_Pu` double(10,2) DEFAULT NULL,
  `CPDEC_Subtotal` double(10,2) DEFAULT NULL,
  `CPDEC_Descuento` double(10,2) DEFAULT NULL,
  `CPDEC_Igv` double(10,2) DEFAULT NULL,
  `CPDEC_Total` double(10,2) NOT NULL DEFAULT '0.00',
  `CPDEC_Pu_ConIgv` double(10,2) DEFAULT NULL COMMENT 'Para que pueda ser usado como detalle de una boleta',
  `CPDEC_Subtotal_ConIgv` double(10,2) DEFAULT NULL COMMENT 'Para que pueda ser usado como detalle de una boleta',
  `CPDEC_Descuento_ConIgv` double(10,2) DEFAULT NULL COMMENT 'Para que pueda ser usado como detalle de una boleta',
  `CPDEC_Igv100` int(11) DEFAULT '0',
  `CPDEC_Descuento100` int(11) DEFAULT '0',
  `CPDEC_Observacion` varchar(250) DEFAULT NULL,
  `CPDEC_FechaRegistro` timestamp NOT NULL DEFAULT CURRENT_TIMESTAMP,
  `CPDEC_FechaModificacion` datetime DEFAULT NULL,
  `CPDEC_FlagEstado` char(1) DEFAULT '1',
  PRIMARY KEY (`CPDEP_Codigo`),
  KEY `FK_Reference_64` (`PROD_Codigo`),
  KEY `FK_cji_facturadetalle_cji_unidadmedida` (`UNDMED_Codigo`),
  KEY `CPP_Codigo` (`CPP_Codigo`),
  CONSTRAINT `comprobantedetalle_ibfk_1` FOREIGN KEY (`UNDMED_Codigo`) REFERENCES `unidadmedida` (`UNDMED_Codigo`) ON DELETE NO ACTION ON UPDATE NO ACTION,
  CONSTRAINT `comprobantedetalle_ibfk_3` FOREIGN KEY (`CPP_Codigo`) REFERENCES `comprobante` (`CPP_Codigo`) ON DELETE NO ACTION ON UPDATE NO ACTION,
  CONSTRAINT `comprobantedetalle_ibfk_4` FOREIGN KEY (`PROD_Codigo`) REFERENCES `producto` (`PROD_Codigo`) ON DELETE NO ACTION ON UPDATE NO ACTION
) ENGINE=InnoDB AUTO_INCREMENT=38 DEFAULT CHARSET=utf8;

/*Data for the table `comprobantedetalle` */

insert  into `comprobantedetalle`(`CPDEP_Codigo`,`CPP_Codigo`,`PROD_Codigo`,`UNDMED_Codigo`,`CPDEC_Cantidad`,`CPDEC_Pu`,`CPDEC_Subtotal`,`CPDEC_Descuento`,`CPDEC_Igv`,`CPDEC_Total`,`CPDEC_Pu_ConIgv`,`CPDEC_Subtotal_ConIgv`,`CPDEC_Descuento_ConIgv`,`CPDEC_Igv100`,`CPDEC_Descuento100`,`CPDEC_Observacion`,`CPDEC_FechaRegistro`,`CPDEC_FechaModificacion`,`CPDEC_FlagEstado`) values 
(1,2,110,7,1,14.25,14.25,0.00,2.70,16.95,NULL,NULL,NULL,19,0,'','2011-08-11 17:18:43',NULL,'1'),
(2,3,110,7,100,14.25,1425.00,0.00,270.75,1695.75,NULL,NULL,NULL,19,0,'','2011-08-12 10:12:47',NULL,'1'),
(3,4,110,7,100,NULL,NULL,NULL,NULL,1.00,16.96,1.00,0.00,19,0,'','2011-08-12 10:56:15',NULL,'1'),
(4,3,526,7,1,25.00,25.00,0.00,4.75,29.75,NULL,NULL,NULL,19,0,'','2011-08-12 11:21:20',NULL,'1'),
(5,3,917,16,1,10.00,10.00,0.00,1.90,11.90,NULL,NULL,NULL,19,0,'','2011-08-12 11:36:40',NULL,'1'),
(6,4,526,7,1,NULL,NULL,NULL,NULL,29.75,29.75,29.75,0.00,19,0,'','2011-08-12 13:01:17',NULL,'1'),
(7,4,859,16,1,NULL,NULL,NULL,NULL,10.00,10.00,10.00,0.00,19,0,'','2011-08-12 13:04:45',NULL,'1'),
(8,5,110,7,2,NULL,NULL,NULL,NULL,20.00,10.00,20.00,0.00,19,0,'','2011-08-12 13:14:03',NULL,'1'),
(9,6,110,7,1,NULL,NULL,NULL,NULL,16.96,16.96,16.96,0.00,19,0,'','2011-08-12 13:57:19',NULL,'1'),
(10,7,526,7,1,NULL,NULL,NULL,NULL,12.00,12.00,12.00,0.00,19,0,'','2011-08-12 13:59:29',NULL,'1'),
(11,8,110,7,1,14.25,14.25,0.00,2.71,16.96,NULL,NULL,NULL,19,0,'','2011-08-12 18:03:33',NULL,'1'),
(12,8,526,7,2,25.00,50.00,0.00,9.50,59.50,NULL,NULL,NULL,19,0,'','2011-08-12 18:03:33',NULL,'1'),
(13,8,82,7,1,12.00,12.00,0.00,2.28,14.28,NULL,NULL,NULL,19,0,'','2011-08-12 18:03:33',NULL,'1'),
(14,9,110,7,1,14.25,14.25,0.00,2.71,16.96,NULL,NULL,NULL,19,0,'','2011-08-12 18:23:59',NULL,'1'),
(15,10,110,7,1,14.25,14.25,0.00,2.71,16.96,NULL,NULL,NULL,19,0,'','2011-08-12 18:24:21',NULL,'1'),
(16,11,110,7,1,14.25,14.25,0.00,2.71,16.96,NULL,NULL,NULL,19,0,'','2011-08-12 18:27:19',NULL,'1'),
(17,12,110,7,1,14.25,14.25,0.00,2.71,16.96,NULL,NULL,NULL,19,0,'','2011-08-12 18:28:41',NULL,'1'),
(18,13,110,7,1,14.25,14.25,0.00,2.71,16.96,NULL,NULL,NULL,19,0,'','2011-08-12 18:29:58',NULL,'1'),
(19,14,110,7,1,14.25,14.25,0.00,2.71,16.96,NULL,NULL,NULL,19,0,'','2011-08-12 18:31:02',NULL,'1'),
(20,15,110,7,1,14.25,14.25,0.00,2.71,16.96,NULL,NULL,NULL,19,0,'','2011-08-12 18:33:05',NULL,'1'),
(21,15,110,7,1,14.25,14.25,0.00,2.71,16.96,NULL,NULL,NULL,19,0,'','2011-08-12 18:33:09',NULL,'1'),
(22,16,110,7,1,14.25,14.25,0.00,2.71,16.96,NULL,NULL,NULL,19,0,'','2011-08-12 18:37:08',NULL,'1'),
(23,16,110,7,1,14.25,14.25,0.00,2.71,16.96,NULL,NULL,NULL,19,0,'','2011-08-12 18:37:09',NULL,'1'),
(24,17,110,7,1,14.25,14.25,0.00,2.71,16.96,NULL,NULL,NULL,19,0,'','2011-08-12 18:38:54',NULL,'1'),
(25,17,110,7,1,14.25,14.25,0.00,2.71,16.96,NULL,NULL,NULL,19,0,'','2011-08-12 18:38:59',NULL,'1'),
(26,18,110,7,1,14.25,14.25,0.00,2.71,16.96,NULL,NULL,NULL,19,0,'','2011-08-12 18:39:20',NULL,'1'),
(27,18,110,7,2,14.25,28.50,0.00,5.42,33.92,NULL,NULL,NULL,19,0,'','2011-08-12 18:39:26',NULL,'1'),
(28,19,81,7,1,5.00,5.00,0.00,0.95,5.95,NULL,NULL,NULL,19,0,'','2011-08-13 01:29:48',NULL,'1'),
(29,19,110,7,7,14.25,99.75,0.00,18.95,118.70,NULL,NULL,NULL,19,0,'','2011-08-13 01:29:48',NULL,'1'),
(30,19,526,7,4,25.00,100.00,0.00,19.00,119.00,NULL,NULL,NULL,19,0,'','2011-08-13 01:29:48',NULL,'1'),
(31,19,110,7,1,14.25,14.25,0.00,2.70,16.95,NULL,NULL,NULL,19,0,'','2011-08-13 01:29:48',NULL,'1'),
(32,19,110,7,7,14.25,99.75,0.00,18.95,118.70,NULL,NULL,NULL,19,0,'','2011-08-13 01:29:48',NULL,'1'),
(33,19,526,7,4,25.00,100.00,0.00,19.00,119.00,NULL,NULL,NULL,19,0,'','2011-08-13 01:29:48',NULL,'1'),
(34,19,110,7,1,14.25,14.25,0.00,2.70,16.95,NULL,NULL,NULL,19,0,'','2011-08-13 01:29:48',NULL,'1'),
(35,19,110,7,7,14.25,99.75,0.00,18.95,118.70,NULL,NULL,NULL,19,0,'','2011-08-13 01:29:48',NULL,'1'),
(36,19,526,7,4,25.00,100.00,0.00,19.00,119.00,NULL,NULL,NULL,19,0,'','2011-08-13 01:29:48',NULL,'1'),
(37,20,88,7,11,0.00,0.00,0.00,0.00,0.00,NULL,NULL,NULL,19,0,'','2011-08-13 01:31:08',NULL,'1');

/*Table structure for table `condicionentrega` */

DROP TABLE IF EXISTS `condicionentrega`;

CREATE TABLE `condicionentrega` (
  `CONENP_Codigo` int(11) NOT NULL AUTO_INCREMENT,
  `CONENC_Descripcion` varchar(250) DEFAULT NULL,
  `CONENC_FechaRegistro` timestamp NOT NULL DEFAULT CURRENT_TIMESTAMP,
  `CONENC_FechaModificacion` datetime DEFAULT NULL,
  `CONENC_FlagEstado` char(1) DEFAULT NULL,
  PRIMARY KEY (`CONENP_Codigo`)
) ENGINE=InnoDB AUTO_INCREMENT=2 DEFAULT CHARSET=utf8;

/*Data for the table `condicionentrega` */

insert  into `condicionentrega`(`CONENP_Codigo`,`CONENC_Descripcion`,`CONENC_FechaRegistro`,`CONENC_FechaModificacion`,`CONENC_FlagEstado`) values 
(1,'INMEDIATA','2011-01-13 12:07:55',NULL,'1');

/*Table structure for table `configuracion` */

DROP TABLE IF EXISTS `configuracion`;

CREATE TABLE `configuracion` (
  `CONFIP_Codigo` int(11) NOT NULL AUTO_INCREMENT,
  `COMPP_Codigo` int(11) NOT NULL,
  `DOCUP_Codigo` int(11) NOT NULL,
  `CONFIC_Serie` char(3) DEFAULT NULL,
  `CONFIC_Numero` int(11) DEFAULT NULL,
  `CONFIC_FechaRegistro` timestamp NOT NULL DEFAULT CURRENT_TIMESTAMP,
  `CONFIC_FlagEstado` char(1) DEFAULT '1',
  PRIMARY KEY (`CONFIP_Codigo`),
  KEY `FK_cji_correlativo_cji_documento` (`DOCUP_Codigo`),
  KEY `FK_cji_correlativo_cji_compania` (`COMPP_Codigo`),
  CONSTRAINT `FK_cji_correlativo_cji_compania` FOREIGN KEY (`COMPP_Codigo`) REFERENCES `compania` (`COMPP_Codigo`) ON DELETE NO ACTION ON UPDATE NO ACTION,
  CONSTRAINT `FK_cji_correlativo_cji_documento` FOREIGN KEY (`DOCUP_Codigo`) REFERENCES `documento` (`DOCUP_Codigo`) ON DELETE NO ACTION ON UPDATE NO ACTION
) ENGINE=InnoDB AUTO_INCREMENT=16 DEFAULT CHARSET=utf8;

/*Data for the table `configuracion` */

insert  into `configuracion`(`CONFIP_Codigo`,`COMPP_Codigo`,`DOCUP_Codigo`,`CONFIC_Serie`,`CONFIC_Numero`,`CONFIC_FechaRegistro`,`CONFIC_FlagEstado`) values 
(2,1,1,NULL,185,'2011-01-13 12:43:45','1'),
(3,1,2,NULL,282,'2011-01-13 12:43:55','1'),
(4,1,3,NULL,123,'2011-01-13 12:44:09','1'),
(5,1,5,NULL,26,'2011-01-13 12:44:33','1'),
(6,1,6,NULL,61,'2011-01-13 12:44:42','1'),
(7,1,7,'001',20,'2011-01-13 12:45:09','1'),
(8,1,4,NULL,1,'2011-01-13 12:45:24','1'),
(9,1,9,'001',4,'2011-01-13 12:45:40','1'),
(10,1,8,'001',15,'2011-01-13 12:45:50','1'),
(11,1,10,NULL,7838,'2011-01-13 12:46:07','1'),
(12,1,11,NULL,21,'2011-01-13 12:46:25','1'),
(13,1,12,NULL,140,'2011-01-13 12:46:55','1'),
(14,1,13,NULL,8,'2011-08-08 11:48:58','1'),
(15,1,14,'001',1,'2011-08-10 11:05:17','1');

/*Table structure for table `correlativo` */

DROP TABLE IF EXISTS `correlativo`;

CREATE TABLE `correlativo` (
  `CORRP_Codigo` int(11) NOT NULL AUTO_INCREMENT,
  `CORRC_Siglas` varchar(10) DEFAULT NULL,
  `CORRC_Numero` int(11) DEFAULT NULL,
  `CORRC_Descripcion` varchar(250) DEFAULT NULL,
  `CORRC_FechaRegistro` timestamp NOT NULL DEFAULT CURRENT_TIMESTAMP,
  `CORRC_FechaModificacion` datetime DEFAULT NULL,
  `CORRC_FlagEstado` char(1) DEFAULT '1',
  PRIMARY KEY (`CORRP_Codigo`)
) ENGINE=InnoDB AUTO_INCREMENT=14 DEFAULT CHARSET=utf8;

/*Data for the table `correlativo` */

insert  into `correlativo`(`CORRP_Codigo`,`CORRC_Siglas`,`CORRC_Numero`,`CORRC_Descripcion`,`CORRC_FechaRegistro`,`CORRC_FechaModificacion`,`CORRC_FlagEstado`) values 
(1,'OI',0,'ORDEN DE INGRESO','2011-01-13 12:43:11',NULL,'1'),
(2,'OP',0,'ORDEN DE PEDIDO','2011-01-13 12:43:45',NULL,'1'),
(3,'COT',0,'COTIZACION','2011-01-13 12:43:55',NULL,'1'),
(4,'OC',0,'ORDEN DE COMPRA','2011-01-13 12:44:09',NULL,'1'),
(5,'GI',0,'GUIA DE INGRESO','2011-01-13 12:44:33',NULL,'1'),
(6,'GS',0,'GUIA DE SALIDA','2011-01-13 12:44:42',NULL,'1'),
(7,'VS',0,'VALE DE SALIDA','2011-01-13 12:45:09',NULL,'1'),
(8,'INV',0,'INVENTARIO','2011-01-13 12:45:24',NULL,'1'),
(9,'BOL',0,'BOLETA DE VENTA','2011-01-13 12:45:40',NULL,'1'),
(10,'FAC',0,'FACTURA','2011-01-13 12:45:50',NULL,'1'),
(11,'GR',0,'GUIA DE REMISION','2011-01-13 12:46:07',NULL,'1'),
(12,'NC',0,'NOTA DE CREDITO','2011-01-13 12:46:25',NULL,'1'),
(13,'ND',0,'NOTA DE DEBITO','2011-01-13 12:46:55',NULL,'1');

/*Table structure for table `cotizacion` */

DROP TABLE IF EXISTS `cotizacion`;

CREATE TABLE `cotizacion` (
  `COTIP_Codigo` int(11) NOT NULL AUTO_INCREMENT,
  `PEDIP_Codigo` int(11) NOT NULL,
  `COTIC_Numero` int(11) NOT NULL,
  `COTIC_Serie` char(3) NOT NULL,
  `PROVP_Codigo` int(11) DEFAULT NULL,
  `FORPAP_Codigo` int(11) DEFAULT NULL,
  `CONENP_Codigo` int(11) DEFAULT NULL,
  `USUA_Codigo` int(11) DEFAULT NULL,
  `CENCOSP_Codigo` int(11) DEFAULT NULL,
  `ALMAP_Codigo` int(11) NOT NULL,
  `COTIC_Observacion` varchar(250) DEFAULT NULL,
  `COTIC_TiempoOferta` int(11) DEFAULT NULL,
  `COTIC_FechaRegistro` timestamp NOT NULL DEFAULT CURRENT_TIMESTAMP ON UPDATE CURRENT_TIMESTAMP,
  `COTIC_FechaModificacion` datetime DEFAULT NULL,
  `COTIC_FlagCompra` char(1) DEFAULT '0',
  `COTIC_FlagIngreso` char(1) DEFAULT '0',
  `COMPP_Codigo` int(11) NOT NULL,
  `COTIC_FlagEstado` char(1) DEFAULT '1',
  PRIMARY KEY (`COTIP_Codigo`,`PEDIP_Codigo`),
  KEY `AK_Key_2` (`COTIP_Codigo`,`PEDIP_Codigo`),
  KEY `FK_Reference_39` (`PEDIP_Codigo`),
  KEY `FK_Reference_41` (`PROVP_Codigo`),
  KEY `FK_Reference_42` (`FORPAP_Codigo`),
  KEY `FK_Reference_43` (`CONENP_Codigo`),
  KEY `FK_Reference_44` (`USUA_Codigo`),
  KEY `FK_Reference_51` (`CENCOSP_Codigo`),
  KEY `FK_cji_cotizacion_cji_cotizacion` (`COMPP_Codigo`),
  KEY `FK_cji_cotizacion_cji_almacen` (`ALMAP_Codigo`),
  CONSTRAINT `FK_Reference_39` FOREIGN KEY (`PEDIP_Codigo`) REFERENCES `pedido` (`PEDIP_Codigo`) ON DELETE NO ACTION ON UPDATE NO ACTION,
  CONSTRAINT `FK_Reference_41` FOREIGN KEY (`PROVP_Codigo`) REFERENCES `proveedor` (`PROVP_Codigo`) ON DELETE NO ACTION ON UPDATE NO ACTION,
  CONSTRAINT `FK_Reference_42` FOREIGN KEY (`FORPAP_Codigo`) REFERENCES `formapago` (`FORPAP_Codigo`) ON DELETE NO ACTION ON UPDATE NO ACTION,
  CONSTRAINT `FK_Reference_43` FOREIGN KEY (`CONENP_Codigo`) REFERENCES `condicionentrega` (`CONENP_Codigo`) ON DELETE NO ACTION ON UPDATE NO ACTION,
  CONSTRAINT `FK_Reference_44` FOREIGN KEY (`USUA_Codigo`) REFERENCES `usuario` (`USUA_Codigo`) ON DELETE NO ACTION ON UPDATE NO ACTION,
  CONSTRAINT `FK_Reference_51` FOREIGN KEY (`CENCOSP_Codigo`) REFERENCES `centrocosto` (`CENCOSP_Codigo`) ON DELETE NO ACTION ON UPDATE NO ACTION,
  CONSTRAINT `FK_cji_cotizacion_cji_almacen` FOREIGN KEY (`ALMAP_Codigo`) REFERENCES `almacen` (`ALMAP_Codigo`) ON DELETE NO ACTION ON UPDATE NO ACTION,
  CONSTRAINT `FK_cji_cotizacion_cji_cotizacion` FOREIGN KEY (`COMPP_Codigo`) REFERENCES `compania` (`COMPP_Codigo`) ON DELETE NO ACTION ON UPDATE NO ACTION
) ENGINE=InnoDB AUTO_INCREMENT=12 DEFAULT CHARSET=utf8;

/*Data for the table `cotizacion` */

insert  into `cotizacion`(`COTIP_Codigo`,`PEDIP_Codigo`,`COTIC_Numero`,`COTIC_Serie`,`PROVP_Codigo`,`FORPAP_Codigo`,`CONENP_Codigo`,`USUA_Codigo`,`CENCOSP_Codigo`,`ALMAP_Codigo`,`COTIC_Observacion`,`COTIC_TiempoOferta`,`COTIC_FechaRegistro`,`COTIC_FechaModificacion`,`COTIC_FlagCompra`,`COTIC_FlagIngreso`,`COMPP_Codigo`,`COTIC_FlagEstado`) values 
(0,0,0,'001',0,9,1,7,1,1,'POR DEFECTO',NULL,'2011-07-02 00:34:04',NULL,'1','0',1,'1'),
(1,0,272,'001',38,1,1,7,1,1,'dsa',NULL,'2011-02-22 21:49:09',NULL,'0','0',1,'0'),
(2,0,273,'001',27,1,1,7,1,1,'fdsaf',NULL,'2011-02-22 22:06:39',NULL,'0','0',1,'0'),
(3,0,274,'001',9,1,1,7,1,1,'safdsdf f3424 432 gtytedtyrty boooo',NULL,'2011-06-18 05:19:10',NULL,'1','0',1,'0'),
(4,0,275,'',10,1,1,7,1,1,'',NULL,'2011-06-18 05:19:15',NULL,'1','0',1,'0'),
(5,0,276,'',32,1,1,7,1,1,'fgsdfgsdfgsdg',NULL,'2011-06-11 05:52:04',NULL,'1','0',1,'1'),
(6,0,277,'',23,1,1,7,1,1,'vegatechos...',NULL,'2011-06-18 03:55:33',NULL,'1','0',1,'1'),
(7,0,278,'',28,1,1,7,1,1,'ERWQERWER',NULL,'2011-06-18 05:19:28',NULL,'1','0',1,'1'),
(8,0,279,'',50,1,1,7,1,1,'HYUIYTUIY',NULL,'2011-06-18 05:26:22',NULL,'1','0',1,'1'),
(9,0,280,'',24,1,1,7,1,1,'Borrador',NULL,'2011-06-25 01:23:26',NULL,'1','0',1,'0'),
(10,0,281,'',10,1,1,7,1,1,'',NULL,'2011-08-08 09:07:54',NULL,'0','0',1,'1'),
(11,0,282,'',27,1,1,7,1,1,'',NULL,'2011-08-08 09:22:27',NULL,'0','0',1,'1');

/*Table structure for table `cotizaciondetalle` */

DROP TABLE IF EXISTS `cotizaciondetalle`;

CREATE TABLE `cotizaciondetalle` (
  `COTDEP_Codigo` int(10) NOT NULL AUTO_INCREMENT,
  `COTIP_Codigo` int(11) NOT NULL,
  `PEDIP_Codigo` int(11) NOT NULL,
  `PROD_Codigo` int(11) NOT NULL,
  `UNDMED_Codigo` int(11) NOT NULL,
  `COTDEC_Cantidad` double DEFAULT NULL,
  `COTDEC_FechaRegistro` timestamp NOT NULL DEFAULT CURRENT_TIMESTAMP,
  `COTDEC_FechaModificacion` datetime DEFAULT NULL,
  `COTDEC_Observacion` varchar(250) DEFAULT NULL,
  `COTDEC_FlagOcompra` char(1) DEFAULT '0',
  `COTDEC_FlagIngreso` char(1) DEFAULT '0',
  `COTDEC_FlagEstado` char(1) DEFAULT '1',
  PRIMARY KEY (`COTDEP_Codigo`,`COTIP_Codigo`,`PEDIP_Codigo`,`PROD_Codigo`),
  UNIQUE KEY `COTIP_Codigo_PEDIP_Codigo_PROD_Codigo` (`COTIP_Codigo`,`PEDIP_Codigo`,`PROD_Codigo`),
  KEY `FK_Reference_45` (`COTIP_Codigo`,`PEDIP_Codigo`),
  KEY `FK_Reference_46` (`PROD_Codigo`),
  KEY `FK_cji_cotizaciondetalle_cji_unidadmedida` (`UNDMED_Codigo`),
  CONSTRAINT `FK_Reference_45` FOREIGN KEY (`COTIP_Codigo`, `PEDIP_Codigo`) REFERENCES `cotizacion` (`COTIP_Codigo`, `PEDIP_Codigo`) ON DELETE NO ACTION ON UPDATE NO ACTION,
  CONSTRAINT `FK_Reference_46` FOREIGN KEY (`PROD_Codigo`) REFERENCES `producto` (`PROD_Codigo`) ON DELETE NO ACTION ON UPDATE NO ACTION,
  CONSTRAINT `FK_cji_cotizaciondetalle_cji_unidadmedida` FOREIGN KEY (`UNDMED_Codigo`) REFERENCES `unidadmedida` (`UNDMED_Codigo`) ON DELETE NO ACTION ON UPDATE NO ACTION
) ENGINE=InnoDB AUTO_INCREMENT=23 DEFAULT CHARSET=utf8;

/*Data for the table `cotizaciondetalle` */

insert  into `cotizaciondetalle`(`COTDEP_Codigo`,`COTIP_Codigo`,`PEDIP_Codigo`,`PROD_Codigo`,`UNDMED_Codigo`,`COTDEC_Cantidad`,`COTDEC_FechaRegistro`,`COTDEC_FechaModificacion`,`COTDEC_Observacion`,`COTDEC_FlagOcompra`,`COTDEC_FlagIngreso`,`COTDEC_FlagEstado`) values 
(1,1,0,8,16,18,'2011-02-22 21:46:10',NULL,'Modificado','0','0','0'),
(2,2,0,8,16,12,'2011-02-22 22:04:46',NULL,'','0','0','0'),
(3,3,0,9,16,58,'2011-03-09 08:20:48',NULL,'Modificado','1','0','0'),
(4,3,0,2,1,14,'2011-03-09 08:20:48',NULL,'Modificado','1','0','0'),
(5,3,0,3,1,11,'2011-03-09 08:21:42',NULL,'Modificado','1','0','0'),
(6,4,0,14,2,12,'2011-06-01 05:37:22',NULL,'','1','0','0'),
(7,4,0,20,7,22,'2011-06-01 05:37:22',NULL,'','1','0','0'),
(8,5,0,49,7,12,'2011-06-11 05:51:43',NULL,'','1','0','1'),
(9,5,0,88,7,3,'2011-06-11 05:51:43',NULL,'','1','0','1'),
(10,5,0,44,7,6,'2011-06-11 05:51:43',NULL,'','1','0','1'),
(11,6,0,123,7,0,'2011-06-18 03:54:33',NULL,'','1','0','1'),
(12,6,0,870,16,0,'2011-06-18 03:54:33',NULL,'','1','0','1'),
(13,6,0,649,12,0,'2011-06-18 03:54:33',NULL,'','1','0','1'),
(14,7,0,862,16,3,'2011-06-18 05:18:40',NULL,'','1','0','1'),
(15,7,0,755,16,2,'2011-06-18 05:18:40',NULL,'','1','0','1'),
(16,8,0,709,16,0,'2011-06-18 05:25:18',NULL,'','1','0','1'),
(17,8,0,444,7,0,'2011-06-18 05:25:18',NULL,'','1','0','1'),
(18,9,0,947,16,12,'2011-06-25 01:17:52',NULL,'','1','0','0'),
(19,9,0,93,7,3,'2011-06-25 01:17:52',NULL,'','1','0','0'),
(20,9,0,727,16,1,'2011-06-25 01:17:52',NULL,'','1','0','0'),
(21,10,0,81,7,1,'2011-08-08 09:07:54',NULL,'','0','0','1'),
(22,11,0,82,7,1,'2011-08-08 09:22:28',NULL,'','0','0','1');

/*Table structure for table `directivo` */

DROP TABLE IF EXISTS `directivo`;

CREATE TABLE `directivo` (
  `DIREP_Codigo` int(11) NOT NULL AUTO_INCREMENT,
  `EMPRP_Codigo` int(11) NOT NULL,
  `PERSP_Codigo` int(11) NOT NULL,
  `CARGP_Codigo` int(11) NOT NULL,
  `DIREC_FechaRegistro` timestamp NOT NULL DEFAULT CURRENT_TIMESTAMP,
  `DIREC_FechaModificacion` datetime DEFAULT NULL,
  `DIREC_FlagEstado` char(1) DEFAULT '1',
  PRIMARY KEY (`DIREP_Codigo`),
  KEY `fk_CJ_DIRECTIVO_CJ_EMPRESA1` (`EMPRP_Codigo`),
  KEY `fk_CJ_DIRECTIVO_CJ_PERSONA1` (`PERSP_Codigo`),
  KEY `fk_CJ_DIRECTIVO_CJ_CARGO1` (`CARGP_Codigo`),
  CONSTRAINT `fk_CJ_DIRECTIVO_CJ_CARGO1` FOREIGN KEY (`CARGP_Codigo`) REFERENCES `cargo` (`CARGP_Codigo`) ON DELETE NO ACTION ON UPDATE NO ACTION,
  CONSTRAINT `fk_CJ_DIRECTIVO_CJ_EMPRESA1` FOREIGN KEY (`EMPRP_Codigo`) REFERENCES `empresa` (`EMPRP_Codigo`) ON DELETE NO ACTION ON UPDATE NO ACTION,
  CONSTRAINT `fk_CJ_DIRECTIVO_CJ_PERSONA1` FOREIGN KEY (`PERSP_Codigo`) REFERENCES `persona` (`PERSP_Codigo`) ON DELETE NO ACTION ON UPDATE NO ACTION
) ENGINE=InnoDB DEFAULT CHARSET=latin1;

/*Data for the table `directivo` */

/*Table structure for table `documento` */

DROP TABLE IF EXISTS `documento`;

CREATE TABLE `documento` (
  `DOCUP_Codigo` int(11) NOT NULL AUTO_INCREMENT,
  `COMPP_Codigo` int(11) NOT NULL DEFAULT '0',
  `DOCUC_Descripcion` varchar(250) DEFAULT '0',
  `DOCUC_Inicial` varchar(25) NOT NULL,
  `DOCUC_FlagEstado` int(1) DEFAULT '1',
  PRIMARY KEY (`DOCUP_Codigo`),
  KEY `FK_documento_compania` (`COMPP_Codigo`),
  CONSTRAINT `FK_documento_compania` FOREIGN KEY (`COMPP_Codigo`) REFERENCES `compania` (`COMPP_Codigo`) ON DELETE NO ACTION ON UPDATE NO ACTION
) ENGINE=InnoDB AUTO_INCREMENT=15 DEFAULT CHARSET=utf8;

/*Data for the table `documento` */

insert  into `documento`(`DOCUP_Codigo`,`COMPP_Codigo`,`DOCUC_Descripcion`,`DOCUC_Inicial`,`DOCUC_FlagEstado`) values 
(1,1,'ORDEN DE PEDIDO','O.P.',1),
(2,1,'COTIZACION','Cot.',1),
(3,1,'ORDEN DE COMPRA','O.C.',1),
(4,1,'INVENTARIO','Inv.',1),
(5,1,'GUIA DE INGRESO','C.Ing.',1),
(6,1,'GUIA DE SALIDA','C.Sa.',1),
(7,1,'VALE DE SALIDA','',1),
(8,1,'FACTURA','Fact.',1),
(9,1,'BOLETA','Bol.',1),
(10,1,'GUIA DE REMISION','G.Rem.',1),
(11,1,'NOTA DE CREDITO','N.C.',1),
(12,1,'NOTA DE DEBITO','N.D.',1),
(13,1,'PRESUPUESTO','Pres.',1),
(14,1,'COMPROBANTE GENERAL','Comp',1);

/*Table structure for table `emprarea` */

DROP TABLE IF EXISTS `emprarea`;

CREATE TABLE `emprarea` (
  `EAREAP_Codigo` int(11) NOT NULL AUTO_INCREMENT,
  `AREAP_Codigo` int(11) NOT NULL,
  `EMPRP_Codigo` int(11) NOT NULL,
  `DIREP_Codigo` int(11) NOT NULL,
  `EAREAC_Descripcion` varchar(45) DEFAULT NULL,
  `EAREAC_FechaRegistro` timestamp NULL DEFAULT CURRENT_TIMESTAMP,
  `EAREAC_FechaModificacion` datetime DEFAULT NULL,
  `EAREAC_FlagEstado` char(1) DEFAULT '1',
  PRIMARY KEY (`EAREAP_Codigo`),
  KEY `fk_CJ_EMPAREA_CJ_AREA1` (`AREAP_Codigo`),
  KEY `fk_CJ_EMPAREA_CJ_EMPRESA1` (`EMPRP_Codigo`),
  KEY `fk_CJ_EMPAREA_CJ_DIRECTIVO1` (`DIREP_Codigo`),
  CONSTRAINT `fk_CJ_EMPAREA_CJ_AREA1` FOREIGN KEY (`AREAP_Codigo`) REFERENCES `area` (`AREAP_Codigo`) ON DELETE NO ACTION ON UPDATE NO ACTION,
  CONSTRAINT `fk_CJ_EMPAREA_CJ_DIRECTIVO1` FOREIGN KEY (`DIREP_Codigo`) REFERENCES `directivo` (`DIREP_Codigo`) ON DELETE NO ACTION ON UPDATE NO ACTION,
  CONSTRAINT `fk_CJ_EMPAREA_CJ_EMPRESA1` FOREIGN KEY (`EMPRP_Codigo`) REFERENCES `empresa` (`EMPRP_Codigo`) ON DELETE NO ACTION ON UPDATE NO ACTION
) ENGINE=InnoDB DEFAULT CHARSET=latin1;

/*Data for the table `emprarea` */

/*Table structure for table `emprcontacto` */

DROP TABLE IF EXISTS `emprcontacto`;

CREATE TABLE `emprcontacto` (
  `ECONP_Contacto` int(11) NOT NULL AUTO_INCREMENT,
  `EMPRP_Codigo` int(11) NOT NULL,
  `PERSP_Contacto` int(11) NOT NULL DEFAULT '0',
  `ECONC_Descripcion` varchar(250) DEFAULT NULL,
  `ECONC_Telefono` varchar(50) DEFAULT NULL,
  `ECONC_Movil` varchar(50) DEFAULT NULL,
  `ECONC_Fax` varchar(50) DEFAULT NULL,
  `ECONC_Email` varchar(45) DEFAULT NULL,
  `ECONC_Persona` int(11) DEFAULT NULL,
  `ECONC_TipoContacto` char(1) NOT NULL DEFAULT '1' COMMENT '0:: Persona , 1:: Empresa',
  `ECONC_FechaRegistro` timestamp NOT NULL DEFAULT CURRENT_TIMESTAMP,
  `ECONC_FechaModificacion` datetime DEFAULT NULL,
  `ECONC_FlagEstado` char(1) DEFAULT '1',
  PRIMARY KEY (`ECONP_Contacto`),
  KEY `fk_CJ_EMPRCONTACTO_CJ_EMPRESA1` (`EMPRP_Codigo`),
  KEY `FK_cji_emprcontacto_cji_persona` (`ECONC_Persona`),
  CONSTRAINT `FK_cji_emprcontacto_cji_persona` FOREIGN KEY (`ECONC_Persona`) REFERENCES `persona` (`PERSP_Codigo`) ON DELETE NO ACTION ON UPDATE NO ACTION,
  CONSTRAINT `fk_CJ_EMPRCONTACTO_CJ_EMPRESA1` FOREIGN KEY (`EMPRP_Codigo`) REFERENCES `empresa` (`EMPRP_Codigo`) ON DELETE NO ACTION ON UPDATE NO ACTION
) ENGINE=InnoDB DEFAULT CHARSET=latin1;

/*Data for the table `emprcontacto` */

/*Table structure for table `empresa` */

DROP TABLE IF EXISTS `empresa`;

CREATE TABLE `empresa` (
  `EMPRP_Codigo` int(11) NOT NULL AUTO_INCREMENT,
  `CIIUP_Codigo` int(11) NOT NULL DEFAULT '0',
  `TIPCOD_Codigo` int(11) NOT NULL DEFAULT '1',
  `CLIP_Codigo` int(11) NOT NULL,
  `EMPRC_Ruc` varchar(11) DEFAULT NULL,
  `EMPRC_RazonSocial` varchar(150) DEFAULT NULL,
  `EMPRC_Telefono` varchar(50) DEFAULT NULL,
  `EMPRC_Movil` varchar(50) DEFAULT NULL,
  `EMPRC_Fax` varchar(50) DEFAULT NULL,
  `EMPRC_Web` varchar(250) DEFAULT NULL,
  `EMPRC_Email` varchar(250) DEFAULT NULL,
  `EMPRC_FechaRegistro` timestamp NULL DEFAULT CURRENT_TIMESTAMP,
  `EMPRC_FechaModificacion` datetime DEFAULT NULL,
  `EMPRC_FlagEstado` char(1) DEFAULT '1',
  PRIMARY KEY (`EMPRP_Codigo`),
  KEY `FK_cji_empresa_cji_ciiu` (`CIIUP_Codigo`),
  KEY `FK_cji_empresa_cji_tipocodigo` (`TIPCOD_Codigo`),
  KEY `FK_empresa_cliente` (`CLIP_Codigo`),
  CONSTRAINT `FK_cji_empresa_cji_ciiu` FOREIGN KEY (`CIIUP_Codigo`) REFERENCES `ciiu` (`CIIUP_Codigo`) ON DELETE NO ACTION ON UPDATE NO ACTION,
  CONSTRAINT `FK_empresa_cliente` FOREIGN KEY (`CLIP_Codigo`) REFERENCES `cliente` (`CLIP_Codigo`) ON DELETE NO ACTION ON UPDATE NO ACTION,
  CONSTRAINT `FK_empresa_tipocodigo` FOREIGN KEY (`TIPCOD_Codigo`) REFERENCES `tipocodigo` (`TIPCOD_Codigo`) ON DELETE NO ACTION ON UPDATE NO ACTION
) ENGINE=InnoDB AUTO_INCREMENT=101 DEFAULT CHARSET=latin1;

/*Data for the table `empresa` */

insert  into `empresa`(`EMPRP_Codigo`,`CIIUP_Codigo`,`TIPCOD_Codigo`,`CLIP_Codigo`,`EMPRC_Ruc`,`EMPRC_RazonSocial`,`EMPRC_Telefono`,`EMPRC_Movil`,`EMPRC_Fax`,`EMPRC_Web`,`EMPRC_Email`,`EMPRC_FechaRegistro`,`EMPRC_FechaModificacion`,`EMPRC_FlagEstado`) values 
(0,0,1,1,NULL,'EMPRESA NO REGISTRADA',NULL,NULL,NULL,NULL,NULL,'2010-12-16 12:34:32',NULL,'1'),
(1,0,1,1,'11111111111','W','','','','','','2011-01-08 23:30:35',NULL,'0'),
(2,0,1,1,'22222222222','COMERCIAL DEL ACERO S.A.','23234','4234324','234234','','','2011-01-09 01:13:00',NULL,'0'),
(3,0,1,1,'20100045193','DISTRIBUIDOR INCORESA S.A.','6197373','','','','','2011-01-09 03:13:40',NULL,'1'),
(4,0,1,1,'20169999113','INDUSTRIAS DEL ESPINO S.A ','4424100','','4424100','www.palmasdelespino.com','jgarcia@palmasdelespino.com','2011-01-09 05:33:10',NULL,'1'),
(5,0,1,1,'20104121374','PALMAS DEL ESPINO S.A ','4424100','','4424100','www.palmasdelespino.com','jgarcia@industriasdelespino.com','2011-01-09 05:38:54',NULL,'1'),
(6,0,1,1,'20312372895','YURA S.A ','4707170','','','','','2011-01-11 07:39:15',NULL,'1'),
(7,0,1,1,'20418453177','TRUPAL SA','3852043','','','','','2011-01-11 07:41:12',NULL,'1'),
(8,0,1,1,'20293847038','TEXTILES CAMONES S.A ','5486464','','','www.textiles camones.com','','2011-01-11 07:44:24',NULL,'1'),
(9,0,1,1,'20425542193','CONSTRUCCIONES MODULARES S A. ','3322255','','','www.modulos.com','mcarrillo@ranza.net','2011-01-11 07:47:07',NULL,'1'),
(10,0,1,1,'20100039207','RANSA COMERCIAL S.A ','3361900','','','www.ransa.com','mocanaa@ransa.net','2011-01-11 07:54:05',NULL,'1'),
(11,0,1,1,'20936836545','ARDILES IMPORT S.A.C ','3190660','856965','3267341','wwww.hotmail.com','ventas@ardilesimport.com','2011-01-22 04:28:13',NULL,'1'),
(12,0,1,1,'20106897914','NEXTEL DEL PERU S.A','6117777','','','','','2011-01-22 04:36:28',NULL,'1'),
(13,0,1,1,'20418140551','ALBIS S.A (BOTICAS ARCANGEL)','','','','','','2011-01-22 04:43:55',NULL,'1'),
(14,0,1,1,'20514007048','MAESTRO DRYWALL SAC','4473259 ','','','','','2011-01-22 04:47:46',NULL,'1'),
(15,0,1,1,'20100737401','DAMASOLD SAC','3230132 ','','','www damasoldsac.com','','2011-01-22 04:51:25',NULL,'1'),
(16,0,1,1,'0',' COMERCIAL UNO S.A.C. (CASTOR)','6267373 ','','','','','2011-01-22 05:04:44',NULL,'1'),
(17,0,1,1,'20467463684','HEAP LEACHING CONSULTING SAC ','7178620','994268027','7178621 - 112','www.hlcsac.com','egamarra@hlcsac.com','2011-01-22 05:10:04',NULL,'1'),
(18,0,1,1,'20101392369','JAHESA S.A.','4524849 ','','4645710 ','','','2011-01-22 05:24:50',NULL,'1'),
(19,0,1,1,'20100087198','TRADI S.A.','4730357 ','','6187236 ','www.tradisa.com.pe','','2011-01-22 05:41:35',NULL,'1'),
(20,0,1,1,'20100030838','G W YICHANG & CIA S A','6112868 ','','','','','2011-01-22 05:56:49',NULL,'1'),
(21,0,1,1,'20509771708','FERRE UNION SOCIEDAD ANONIMA CERRADA','4289617','','','','','2011-01-22 06:03:43',NULL,'1'),
(22,0,1,1,'20107840266','OFICENTRO S.A.C','7117900 / 71976','','7117907 ','','','2011-01-22 06:07:38',NULL,'1'),
(23,0,1,1,'20100456495','POLIMETALES S.A.C.','4514696 ','','4520314 ','','','2011-01-22 06:11:50',NULL,'1'),
(24,0,1,1,'20100030242','ENGELS,MERKEL Y CIA (PERU)S.A.C.','3365388','','3365129','','','2011-01-22 06:35:06',NULL,'1'),
(25,0,1,1,'20510957319','ANYPSA PERU S.A.','6139090','','6139093 ','','','2011-01-22 06:39:16',NULL,'1'),
(26,0,1,1,'20512719393','MENDOZA & AQUASISTEMAS S.R.L','4276574 ','','','','','2011-01-22 06:41:11',NULL,'1'),
(27,0,1,1,'20100048290','VALVOSANITARIA INDUSTRIAL S A','3368096','','3368227 ','','','2011-01-22 06:43:30',NULL,'1'),
(28,0,1,1,'20510782764','CORPORACION VEGATECHOS S.A.C.','3872157 ','','','','','2011-01-22 06:45:34',NULL,'1'),
(29,0,1,1,'20510847211','CORPORACION ASUNCION DE CACHUY EIRL','4231295 ','','','','','2011-01-22 06:55:53',NULL,'1'),
(30,0,1,1,'20217857415','MERCADO INDUSTRIAL PERUANO S A (MIPERSA)','4521661','998363090','4524365 ','','','2011-01-22 07:03:08',NULL,'0'),
(31,0,1,1,'20217857415','MERCADO INDUSTRIAL PERUANO S A (MIPERSA)','4521661','998363090','4524365 ','','','2011-01-22 07:03:09',NULL,'1'),
(32,0,1,1,'0',' LOSARO E I R LTDA','5225396 ','','','','','2011-01-22 07:05:35',NULL,'1'),
(33,0,1,1,'20112273922','MAESTRO PERU SOCIEDAD ANONIMA','2433614','','2216465 ','','','2011-01-22 07:08:15',NULL,'1'),
(34,0,1,1,'45445454564','COAPFSA S.R.L.','4268898 ','8587587','45787','www.hotamcl.com','martin_trujillo1105@hotmail.com','2011-01-22 07:10:21',NULL,'1'),
(35,0,1,1,'20502585216','LANYARD S.A.C.','5616133 ','','5616134 ','','','2011-01-22 07:12:24',NULL,'1'),
(36,0,1,1,'20337362151','CARPICENTRO S.A.C.','5335721','','5333255 ','','','2011-01-22 07:14:52',NULL,'1'),
(37,0,1,1,'0',' E-BUSINESS INTERCHANGE ZONE S.A.C.','4342539 ','','5183364 ','','','2011-01-22 07:17:14',NULL,'1'),
(38,0,1,1,'20511817359','GRUPO SANTA CRUZ S.A.C.','','','','','','2011-01-22 07:19:31',NULL,'1'),
(39,0,1,1,'20506706948','CABLECENTRO S.A.C','5752608','','','','','2011-01-22 07:22:51',NULL,'1'),
(40,0,1,1,'20100244714','TECNIFAJAS S.A.',' 5610600 ','','4518510','','','2011-01-22 07:24:51',NULL,'1'),
(41,0,1,1,'20512306633','INDUSTRIAS GASPY SOCIEDAD ANONIMA CERRADA','2434008 ','','','','','2011-01-22 07:26:57',NULL,'1'),
(42,0,1,1,'20512221131',' VALOIS & PLASTICOS S.A.C.','5332062','','','','','2011-01-22 07:29:52',NULL,'1'),
(43,0,1,1,'20514568155','FERNANDO MENDOZA  TEJADA EIRL ','4492283','101*734','27117862','','d.mendozadelcastillo@gmail.com','2011-01-22 22:35:00',NULL,'1'),
(44,0,1,1,'20118792174','EMPRESA AGRARIA  AZUCARERA  ANDAHUASI S.A.A','','','','','','2011-01-22 22:41:32',NULL,'1'),
(45,0,1,1,'20474053351','COMPAñIA MINERA SAN SIMON S.A ','','','','','','2011-01-22 22:52:37',NULL,'1'),
(46,0,1,1,'20115039262','CEMENTO SUR S.A ','','','','','','2011-01-22 22:53:52',NULL,'1'),
(47,0,1,1,'20100190797','GLORIA S.A ','','','','','','2011-01-22 22:55:29',NULL,'1'),
(48,0,1,1,'20418453177','TRUPAL S.A ','','','','','','2011-01-22 22:56:50',NULL,'0'),
(49,0,1,1,'20506475288','AGROINDUSTRIAL DEL PERU SAC ','','','','','','2011-01-22 22:57:59',NULL,'1'),
(50,0,1,1,'20450125904','PALMAS DEL SHANUSI S.A ','','','','','','2011-01-22 23:00:53',NULL,'1'),
(51,0,1,1,'20133530003','CIA IND. TEXTIL CREDISA TRUTEX S.A.A','','','','','','2011-01-22 23:02:18',NULL,'1'),
(52,0,1,1,'20100737826','EMPRESA ALGODONERA  S.A ','','','','','','2011-01-22 23:04:17',NULL,'1'),
(53,0,1,1,'20109989992','CIA MINERA AURIFERA SANTA ROSA S. A','','','','','','2011-01-22 23:05:51',NULL,'1'),
(54,0,1,1,'20522308880','PROCESADORA  TORRE BLANCA  S.A ','','','','','','2011-01-22 23:07:50',NULL,'1'),
(55,0,1,1,'20429006300','A Y A EDIFICACIONES  SAC ','3450045','99456554','4456543','','','2011-01-22 23:09:39',NULL,'1'),
(56,0,1,1,'20100112214','FAMESA EXPLOSIVOS SAC ','6139800','','','','','2011-01-22 23:15:19',NULL,'1'),
(57,0,1,1,'20100083010','FILAMENTOS INDUSTRIALES S.A ','4852100','','','','','2011-01-22 23:18:25',NULL,'1'),
(58,0,1,1,'20414548491','AMCOR RIGID PLASTICS DEL PERU S.A ','4767654','1231231','2257790','','','2011-01-22 23:27:35',NULL,'1'),
(59,0,1,1,'20297986130','TECNOLOGIA TEXTIL S.A ','4585857','','4595318','','','2011-01-22 23:31:10',NULL,'1'),
(60,0,1,1,'0',' INDUSTRIAS DEL PERNO S.A.C. EWER','','','','','','2011-01-23 00:05:14',NULL,'1'),
(61,0,1,1,'20100052564','GULDA & CIA S.A.C.','6176900 ','','6176901','','','2011-01-23 00:08:03',NULL,'1'),
(62,0,1,1,'20301821388','TUBISA S.A.C.','7115000 ','','7115001','','','2011-01-23 00:11:10',NULL,'1'),
(63,0,1,1,'20440815716',' VENUS PERUANA S.A.C.','4300069 ','','4302947 ','','','2011-01-23 00:32:04',NULL,'1'),
(64,0,1,1,'20100047722','INDUSTRIAS VENCEDOR SA','2020000 ','','4512485 ','','','2011-01-23 00:41:47',NULL,'1'),
(65,0,1,1,'20111740438','V Y F TECNOLOGIA COMERCIAL S.A.C.','7195500','','7195501','','','2011-01-23 00:44:44',NULL,'1'),
(66,0,1,1,'20510017618','COM. FERRETERA EDURAF S.A.C.','4079598','990299357 ','','','','2011-01-23 00:59:59',NULL,'1'),
(67,0,1,1,'20252814036','CHEMIFABRIK PERU S.A.C.','3621122 ','','3496852','','','2011-01-23 01:02:31',NULL,'1'),
(68,0,1,1,'20418420830','CEMFINOR E.I.R.L.','4280899 ','','4269855','','','2011-01-23 01:08:21',NULL,'1'),
(69,0,1,1,'20257511325','PROALAM S.A.C. (TREFIDE)',' 5288652  ','','5281230','','','2011-01-23 01:11:40',NULL,'1'),
(70,0,1,1,'20100265479','IMPORTADORA TECNICA INDUSTRIAL Y COMERCI AL SA','3368407','','3368408 ','','','2011-01-23 01:16:08',NULL,'1'),
(71,0,1,1,'20390932864','IMPORTACIONES GELCO SAC','7972861 ','','6104301','','','2011-01-23 01:20:16',NULL,'1'),
(72,0,1,1,'20505605111','CIARFESA S.A.C.','4247200 ','','3306328','','','2011-01-23 01:29:25',NULL,'1'),
(73,0,1,1,'20100073723','CPPQ S.A.','6126000','','6126001','','','2011-01-23 01:38:40',NULL,'1'),
(74,0,1,1,'20514753483','PROMATISA CORP','4282000 ','','','','','2011-01-23 01:40:52',NULL,'1'),
(75,0,1,1,'20100073219','JORVEX S.A.','4170202 ','','4319324','','','2011-01-23 01:43:59',NULL,'1'),
(76,0,1,1,'20370146994','CORPORACION ACEROS AREQUIPA S.A.','232430','','219796','','','2011-01-23 01:47:47',NULL,'1'),
(77,0,1,1,'20340274122','PRODUCTOS INDUSTRIALES MAP S.A.C.','4260606 ','','','','','2011-01-23 01:51:53',NULL,'1'),
(78,0,1,1,'20515593986','INDUSTRIAS VELSA E.I.R.L.','5431422','','','','','2011-01-23 01:54:50',NULL,'1'),
(79,0,1,1,'20100518946','ICSA S.A.','5641313','','5641911','','','2011-01-23 01:57:17',NULL,'1'),
(80,0,1,1,'20100821371','AUTOESPAR S A','4364325','','4342351','','','2011-01-23 02:00:27',NULL,'1'),
(81,0,1,1,'11111111111','FERRESAT S.A.',NULL,NULL,NULL,NULL,NULL,'2011-02-16 23:38:34',NULL,'1'),
(82,0,1,1,'20206820943','INDUSTRIAL IPEP S.R.L.','5220525','','','www.industrialipep.com','','2011-05-25 05:15:27',NULL,'1'),
(83,0,1,1,'10077647550','ALLEMANT SANCARRANCO MARTIN SANTIAGO','4605545','999276763','','','martin_allemant@hotmail.com','2011-06-10 03:03:08',NULL,'1'),
(84,0,1,1,'20101256422','FIORELLA REPRESENTACIONES SRL ','5610808','','','www.fiorellarepre.com','','2011-06-11 04:59:13',NULL,'1'),
(85,0,1,1,'12131231311','AAAAA','','','','','','2011-06-13 23:35:35',NULL,'0'),
(86,0,1,1,'12123132132','ZZZZZ','','','','','','2011-06-13 23:40:11',NULL,'0'),
(87,0,1,1,'20523115350','FAHECARE SAC ','3498946','','','','contabilidadfahecare@hotmail.com','2011-07-06 01:57:42',NULL,'1'),
(88,0,1,1,'0','FERRESAT SRL','','','5337266','www.ferresat.com','','2011-07-07 04:47:33',NULL,'1'),
(89,0,1,1,'20500242966','AJUSTE PERFECTO SAC ','4520355','','','','ventas@ajusteperfecto.com','2011-07-07 06:06:37',NULL,'1'),
(90,0,1,1,'20305909611','MEXICHEM PERU SA.','3620016','','3623791','www.pavco.com.pe','predialperu@mexichem.com','2011-07-08 04:24:46',NULL,'1'),
(91,0,1,1,'20299759068','DIMFOR SRL','3326253','','','','','2011-07-09 01:01:22',NULL,'1'),
(92,0,1,1,'20341013616','CODEFE SAC ','4528215','','','','','2011-07-13 06:42:50',NULL,'1'),
(93,0,1,1,'10106853202','FRANCK  ANGEL VICENTE HUERTA  ','','','','','','2011-07-14 02:02:08',NULL,'1'),
(94,0,1,1,'20524506166','ROBERT BOSCH PERU S.A ','7061104','','','','','2011-07-16 04:06:46',NULL,'1'),
(95,0,1,1,'20171707596','INDUSTRIAL UCAYALI  SAC ','4255300','','','','','2011-07-16 06:32:44',NULL,'1'),
(96,0,1,1,'20423427770','ROMACO SA','5519874','','','','','2011-07-18 22:20:16',NULL,'1'),
(97,0,1,1,'20536164295','CORPORACION MAKROLON SAC ','2749191','427*2311','','','','2011-07-20 03:46:32',NULL,'1'),
(98,0,1,1,'45345345345','AAAAAAAAAAAAAAAAAAAAAA','32424234','2342','432','4324234','','2011-07-22 08:53:43',NULL,'1'),
(99,0,1,1,'32423232342','TQEWRQWRWQER','','','','','','2011-07-22 08:55:29',NULL,'1'),
(100,0,1,1,'23213213123','SDFASDFASFDADF','','','','','','2011-08-14 10:13:39',NULL,'1');

/*Table structure for table `emprestablecimiento` */

DROP TABLE IF EXISTS `emprestablecimiento`;

CREATE TABLE `emprestablecimiento` (
  `EESTABP_Codigo` int(11) NOT NULL AUTO_INCREMENT,
  `TESTP_Codigo` int(11) NOT NULL,
  `EMPRP_Codigo` int(11) NOT NULL,
  `UBIGP_Codigo` char(6) NOT NULL,
  `EESTABC_Descripcion` varchar(150) DEFAULT NULL,
  `EESTAC_Direccion` varchar(200) DEFAULT NULL,
  `EESTABC_FechaRegistro` timestamp NOT NULL DEFAULT CURRENT_TIMESTAMP,
  `EESTABC_FechaModificacion` datetime DEFAULT NULL,
  `EESTABC_FlagTipo` char(1) DEFAULT '0' COMMENT '1::Principal, 0::Secundarios',
  `EESTABC_FlagEstado` char(1) DEFAULT '1',
  PRIMARY KEY (`EESTABP_Codigo`),
  KEY `fk_CJ_EMPRESTABLECIMIENTO_CJ_TIPOESTABLECIMIENTO1` (`TESTP_Codigo`),
  KEY `fk_CJ_EMPRESTABLECIMIENTO_CJ_EMPRESA1` (`EMPRP_Codigo`),
  KEY `fk_CJ_EMPRESTABLECIMIENTO_CJ_UBIGEO1` (`UBIGP_Codigo`),
  CONSTRAINT `fk_CJ_EMPRESTABLECIMIENTO_CJ_EMPRESA1` FOREIGN KEY (`EMPRP_Codigo`) REFERENCES `empresa` (`EMPRP_Codigo`) ON DELETE NO ACTION ON UPDATE NO ACTION,
  CONSTRAINT `fk_CJ_EMPRESTABLECIMIENTO_CJ_TIPOESTABLECIMIENTO1` FOREIGN KEY (`TESTP_Codigo`) REFERENCES `tipoestablecimiento` (`TESTP_Codigo`) ON DELETE NO ACTION ON UPDATE NO ACTION,
  CONSTRAINT `fk_CJ_EMPRESTABLECIMIENTO_CJ_UBIGEO1` FOREIGN KEY (`UBIGP_Codigo`) REFERENCES `ubigeo` (`UBIGP_Codigo`) ON DELETE NO ACTION ON UPDATE NO ACTION
) ENGINE=InnoDB AUTO_INCREMENT=120 DEFAULT CHARSET=latin1;

/*Data for the table `emprestablecimiento` */

insert  into `emprestablecimiento`(`EESTABP_Codigo`,`TESTP_Codigo`,`EMPRP_Codigo`,`UBIGP_Codigo`,`EESTABC_Descripcion`,`EESTAC_Direccion`,`EESTABC_FechaRegistro`,`EESTABC_FechaModificacion`,`EESTABC_FlagTipo`,`EESTABC_FlagEstado`) values 
(1,1,1,'150100','PRINCIPAL','','2011-01-08 23:30:35',NULL,'1','0'),
(2,1,2,'150126','PRINCIPAL','AV PERU 1425','2011-01-09 01:13:01',NULL,'1','0'),
(3,1,3,'150101','PRINCIPAL','AV SANTA BERNARDITA 024/034 URB PALOMINO','2011-01-09 03:13:40',NULL,'1','1'),
(4,1,4,'220100','PRINCIPAL','TOCACHE  UCHIZA ','2011-01-09 05:33:10',NULL,'1','1'),
(5,1,5,'220902','PRINCIPAL','TOCACHE  S/N  UCHIZA','2011-01-09 05:38:54',NULL,'1','1'),
(6,1,6,'150131','PRINCIPAL','AV REPUBLICA DE PANAMA  2461','2011-01-11 07:39:15',NULL,'1','1'),
(7,1,7,'150111','PRINCIPAL','AV EVITAMIENTO  3636 ','2011-01-11 07:41:12',NULL,'1','1'),
(8,1,8,'150125','PRINCIPAL','AV. SANTA JOSEFINA  N° 527','2011-01-11 07:44:24',NULL,'1','1'),
(9,1,9,'070101','PRINCIPAL','AV ARGENTINA  N° 2833','2011-01-11 07:47:07',NULL,'1','1'),
(10,1,10,'070101','PRINCIPAL','AV/AGT/2860/2/losls/er','2011-01-11 07:54:05',NULL,'1','1'),
(11,1,11,'150107','PRINCIPAL','AV  STA  MARIA  230 URB LA AURORA ','2011-01-22 04:28:13',NULL,'1','1'),
(12,1,12,'150131','PRINCIPAL','AV. REPUBLICA DE  COLOMBIA 791 PISO 14 ','2011-01-22 04:36:28',NULL,'1','1'),
(13,1,13,'150141','PRINCIPAL','CALLE LOS NEGOCIOS N185 URB JARDIN','2011-01-22 04:43:55',NULL,'1','1'),
(14,1,14,'150141','PRINCIPAL','AV. REPUBLICA DE PANAMA NRO. 5351 URB. DEL ME','2011-01-22 04:47:46',NULL,'1','1'),
(15,1,15,'150115','PRINCIPAL','AV. MEXICO NRO. 1380 INT. A LIMA - LIMA - LA ','2011-01-22 04:51:25',NULL,'1','1'),
(16,1,16,'150141','PRINCIPAL','AV./REP. DE PANAMA NRO. 4613 LIMA - LIMA - SU','2011-01-22 05:04:44',NULL,'1','1'),
(17,1,17,'150130','PRINCIPAL','CALLE SALVADOR  DALI N° 193  SAN BORJA','2011-01-22 05:10:04',NULL,'1','1'),
(18,1,18,'070101','PRINCIPAL','CAL. LAMBDA NRO. 180 URB. PARQUE INTERN. IND.','2011-01-22 05:24:50',NULL,'1','1'),
(19,2,18,'070103','JAHESA S.A.','AV. ARGENTINA NRO. 5971 Z.I. ZONA INDUSTRIAL PROV. CONST. DEL CALLAO PROV. CONST. DEL CALLAO CARMEN DE LA LEGUA REYNOSO ','2011-01-22 05:28:11',NULL,'0','1'),
(20,3,16,'150112','CASTOR','AV. TUPAC AMARU NRO. 4696 URB. JOSE A. QUIÑONES LIMA LIMA INDEPENDENCIA ','2011-01-22 05:30:56',NULL,'0','1'),
(21,1,19,'150115','PRINCIPAL','JR. PROLONGACION HUAMANGA NRO. 1500 ','2011-01-22 05:41:35',NULL,'1','1'),
(22,3,19,'150112','TRADI S A','AV. GERARDO UNGER NRO. 3685 Z.I. PANAMERICANA NORTE LIMA LIMA INDEPENDENCIA ','2011-01-22 05:43:07',NULL,'0','1'),
(23,3,19,'150108','TRADI S A','AV. EL SOL NRO. 1243 URB. LA CAMPIÑA (ALT CDRA 5 Y 6 AV GUARDIA CIVIL) LIMA LIMA CHORRILLOS ','2011-01-22 05:44:02',NULL,'0','1'),
(24,3,19,'150134','TRADI S A','AV. AGUSTIN ROSA TORO NRO. 337 URB. SAN LUIS LIMA LIMA SAN LUIS ','2011-01-22 05:46:57',NULL,'0','1'),
(25,1,20,'150131','PRINCIPAL','CAL. CALLE 31 NRO. 125 URB. CORPAC ','2011-01-22 05:56:49',NULL,'1','1'),
(26,2,20,'150134',' G W YICHANG ','AV. NICOLAS AYLLON NRO. 1450 LIMA LIMA SAN LUIS ','2011-01-22 05:59:23',NULL,'0','1'),
(27,1,21,'150101','PRINCIPAL','JR. AZANGARO NRO. 980 ','2011-01-22 06:03:43',NULL,'1','1'),
(28,1,22,'150130','PRINCIPAL','AV. JAVIER PRADO NRO. 2498 INT. 304 ','2011-01-22 06:07:38',NULL,'1','1'),
(29,3,22,'150112','OFICENTRO S.A.C','AV. ALFREDO MENDIOLA NRO. 3698 INT. 37 (CENTRO COMERCIAL MEGA PLAZA TDA. 37) LIMA LIMA INDEPENDENCIA ','2011-01-22 06:09:57',NULL,'0','1'),
(30,1,23,'150101','PRINCIPAL','AV. ARGENTINA NRO. 2787 Z.I. ZONA INDUSTRIAL ','2011-01-22 06:11:50',NULL,'1','1'),
(31,2,23,'150101','POLIMETALES S.A.C.','CAL. JOSE CELENDON CONDESTABLE NRO. 973 (N 985) LIMA LIMA LIMA ','2011-01-22 06:15:00',NULL,'0','1'),
(32,1,24,'150117','PRINCIPAL','AV. GERARDO UNGER NRO. 5261 URB. INDUSTRIAL I','2011-01-22 06:35:06',NULL,'1','1'),
(33,1,25,'150106','PRINCIPAL','CAR. CHILLON TRAPICHE MZA. S/N LOTE. 73-2 URB','2011-01-22 06:39:16',NULL,'1','1'),
(34,1,26,'150117','PRINCIPAL','AV./ANGELICA GAMARRA/623/URB./EL TREBOL ','2011-01-22 06:41:11',NULL,'1','1'),
(35,1,27,'150101','PRINCIPAL','JR. MANUEL ANGOSTO NRO. 783 INDUSTRIAL','2011-01-22 06:43:31',NULL,'1','1'),
(36,1,28,'150132','PRINCIPAL','AV. CANTO GRANDE NRO. 2923 URB. CANTO BELLO ','2011-01-22 06:45:34',NULL,'1','1'),
(37,1,29,'150140','PRINCIPAL','AV. MANUEL OLGUIN NRO. 571 INT. 101 URB. EL D','2011-01-22 06:55:53',NULL,'1','1'),
(38,1,30,'070102','PRINCIPAL','AV. OSCAR R. BENAVIDES NRO. 5328 URB. URB. SA','2011-01-22 07:03:09',NULL,'1','0'),
(39,1,31,'070102','PRINCIPAL','AV. OSCAR R. BENAVIDES NRO. 5328 URB. URB. SA','2011-01-22 07:03:09',NULL,'1','1'),
(40,1,32,'150117','PRINCIPAL','AV. GERARDO UNGER NRO. 5261 URB. INDUSTRIAL I','2011-01-22 07:05:35',NULL,'1','1'),
(41,1,33,'150141','PRINCIPAL','AV. REPUBLICA DE PANAMA NRO. 4679 ','2011-01-22 07:08:15',NULL,'1','1'),
(42,1,34,'150117','PRINCIPAL','AV./ANGELICA GAMARRA/ 623/URB./EL TREBOL ','2011-01-22 07:10:21',NULL,'1','1'),
(43,1,35,'150136','PRINCIPAL','CAL. MOLLOCMARCA NRO. 429 URB. MARANGA 4TA ET','2011-01-22 07:12:24',NULL,'1','1'),
(44,1,36,'150112','PRINCIPAL','AV. GERARDO UNGER NRO. 3209 Z.I. URB. PANAM. ','2011-01-22 07:14:53',NULL,'1','1'),
(45,1,37,'150140','PRINCIPAL','AV. MANUEL OLGUIN NRO. 571 INT. 101 URB. EL D','2011-01-22 07:17:14',NULL,'1','1'),
(46,1,38,'150135','PRINCIPAL',' AV. GERARDO UNGER NRO. 4775 URB. IND. EL NAR','2011-01-22 07:19:31',NULL,'1','1'),
(47,1,39,'150135','PRINCIPAL','AV. CANTA CALLAO MZA. B LOTE. 17 URB. FILADEL','2011-01-22 07:22:51',NULL,'1','1'),
(48,1,40,'150101','PRINCIPAL','AV. ARGENTINA NRO. 3006 AV ARGENTINA ','2011-01-22 07:24:51',NULL,'1','1'),
(49,1,41,'150141','PRINCIPAL','PJ. SAN LORENZO NRO. 1298','2011-01-22 07:26:57',NULL,'1','1'),
(50,1,42,'150117','PRINCIPAL','AV. ANGELICA GAMARRA NRO. 623 URB. EL TREBOL ','2011-01-22 07:29:52',NULL,'1','1'),
(51,1,43,'150140','PRINCIPAL','AV TOMAS MARSANO N| 2875   601  SURCO ','2011-01-22 22:35:00',NULL,'1','1'),
(52,1,44,'150100','PRINCIPAL','CARRETERA /HUARA  /SAYAN/ KM 41.5 LIMA ','2011-01-22 22:41:32',NULL,'1','1'),
(53,1,45,'150103','PRINCIPAL','AV SEPARADORA  INDUSTRIAL  821  URB. SAN MIGU','2011-01-22 22:52:37',NULL,'1','1'),
(54,1,46,'150115','PRINCIPAL','AV REPUBLICA  DE PANAMA  2461  LA VICTORIA ','2011-01-22 22:53:52',NULL,'1','1'),
(55,1,47,'150115','PRINCIPAL','AV  REPUBLICA  DE PANAMA  2461  LA VICTORIA','2011-01-22 22:55:29',NULL,'1','1'),
(56,1,48,'150111','PRINCIPAL','AV EVITAMIENTO  3636 EL AGUSTINO ','2011-01-22 22:56:50',NULL,'1','0'),
(57,1,49,'150115','PRINCIPAL','AV REPUBLICA DE PANAMA  2461  LA VICTORIA ','2011-01-22 22:57:59',NULL,'1','1'),
(58,1,50,'010101','PRINCIPAL','CARRETERA TARAPOTO YURIMAGUAS  S/ LORETO  ALT','2011-01-22 23:00:53',NULL,'1','1'),
(59,1,51,'150103','PRINCIPAL','CALLE LOS HORNOS  185  URB. VULCANO  ATE .','2011-01-22 23:02:18',NULL,'1','1'),
(60,1,52,'150101','PRINCIPAL','AV./OSCAR R. BENAVIDES/1779','2011-01-22 23:04:17',NULL,'1','1'),
(61,1,53,'150103','PRINCIPAL','AV NICOLAS  AYLLON  1928  ATE','2011-01-22 23:05:51',NULL,'1','1'),
(62,1,54,'070101','PRINCIPAL','AV ARGENTINA 2833  Z I INDUSTRIAL CALLAO','2011-01-22 23:07:51',NULL,'1','1'),
(63,1,55,'150141','PRINCIPAL','CALLE/LAUREL ROSA MZ B LOTE 2 URB LOS SAUCES ','2011-01-22 23:09:39',NULL,'1','1'),
(64,1,56,'150125','PRINCIPAL','KN 28 AUTOPISTA ANCON  PTE PIEDRA ','2011-01-22 23:15:19',NULL,'1','1'),
(65,1,57,'150115','PRINCIPAL','AV. NICOLAS ARRIOLA N° 824    301  SANTA CATA','2011-01-22 23:18:25',NULL,'1','1'),
(66,1,58,'150135','PRINCIPAL','AV. GERARDO UNGER NRO. 7141 URB. SAN MARTIN D','2011-01-22 23:27:36',NULL,'1','1'),
(67,1,59,'150132','PRINCIPAL','AV CAJAMARQUILLA  1085  ZARATE ','2011-01-22 23:31:11',NULL,'1','1'),
(68,1,60,'150101','PRINCIPAL','AV. OSCAR R. BENAVIDES NRO. 1779 LIMA ','2011-01-23 00:05:14',NULL,'1','1'),
(69,1,61,'150108','PRINCIPAL','CAL. ELECTRA NRO. 165 URB. LA CAMPIÑA','2011-01-23 00:08:03',NULL,'1','1'),
(70,1,62,'150120','PRINCIPAL','JR. DANIEL ALCIDES CARRION NRO. 1012','2011-01-23 00:11:10',NULL,'1','1'),
(71,1,63,'150119','PRINCIPAL','AV. LOS EUCALIPTOS NRO. S/N URB. HUERTOS DE S','2011-01-23 00:32:04',NULL,'1','1'),
(72,1,64,'150122','PRINCIPAL','AV. JORGE CHAVEZ NRO. 154 INT. 803','2011-01-23 00:41:47',NULL,'1','1'),
(73,1,65,'150131','PRINCIPAL','AV. CANAVAL Y MOREYRA ENRIQUE NRO. 385','2011-01-23 00:44:44',NULL,'1','1'),
(74,5,65,'000000','V Y F TECNOLOGIA COMERCIAL S.A.C.','AV. FRANKLIN ROOSEVELT NRO. 381 CERCADO LIMA LIMA LIMA','2011-01-23 00:49:59',NULL,'0','0'),
(75,5,65,'150101','V Y F TECNOLOGIA COMERCIAL S.A.C.','AV. FRANKLIN ROOSEVELT NRO. 381 CERCADO LIMA LIMA LIMA ','2011-01-23 00:55:44',NULL,'0','1'),
(76,1,66,'150135','PRINCIPAL','AV. GERARDO UNGER NRO. 7141 URB. SAN MARTIN D','2011-01-23 00:59:59',NULL,'1','1'),
(77,1,67,'150103','PRINCIPAL','JR. SUCRE NRO. 129 URB. VULCANO ','2011-01-23 01:02:31',NULL,'1','1'),
(78,1,68,'150135','PRINCIPAL','AV. ALFREDO MENDIOLA NRO. 1765 ','2011-01-23 01:08:21',NULL,'1','1'),
(79,1,69,'150117','PRINCIPAL','AV. LOS PLATINOS NRO. 299 Z.I. URB.INDUSTRIAL','2011-01-23 01:11:40',NULL,'1','1'),
(80,1,70,'150101','PRINCIPAL','AV. INDUSTRIAL NRO. 765 Z.I.','2011-01-23 01:16:08',NULL,'1','1'),
(81,1,71,'150142','PRINCIPAL','AV. PANAMERICANA SUR KM. 18.5 MZA. D LOTE. 11','2011-01-23 01:20:19',NULL,'1','1'),
(82,5,71,'150101','IMPORTACIONES GELCO SAC','AV. ARGENTINA NRO. 501 INT. L058 CC. BOULEV.PLAZA ACOPROM (STAND L-058) LIMA LIMA LIMA','2011-01-23 01:22:20',NULL,'0','1'),
(83,1,72,'150101','PRINCIPAL','AV. GUILLERMO DANSEY NRO. 421','2011-01-23 01:29:25',NULL,'1','1'),
(84,1,73,'150111','PRINCIPAL','AV. CESAR VALLEJO NRO. 1851 ZONA CERENZA','2011-01-23 01:38:41',NULL,'1','1'),
(85,1,74,'150101','PRINCIPAL','JR. AZANGARO NRO. 1008 ','2011-01-23 01:40:52',NULL,'1','1'),
(86,1,75,'150105','PRINCIPAL','AV. TINGO MARIA NRO. 311 ','2011-01-23 01:43:59',NULL,'1','1'),
(87,1,76,'040101','PRINCIPAL','CAL. JACINTO IBANEZ NRO. 111 Z.I. PARQUE INDU','2011-01-23 01:47:47',NULL,'1','1'),
(88,1,76,'150117','PRINCIPAL','CALLE/HUAR/158/URB/MESA ','2011-01-23 01:49:30',NULL,'0','1'),
(89,1,77,'150101','PRINCIPAL','JR. COTABAMBAS NRO. 595','2011-01-23 01:51:54',NULL,'1','1'),
(90,1,78,'150106','PRINCIPAL','CAL. LAS BEGONIAS MZA. 75 LOTE. 18 URB. LOS H','2011-01-23 01:54:50',NULL,'1','1'),
(91,1,79,'150101','PRINCIPAL','AV. COLONIAL NRO. 2479 URB. LOS CIPRESES ','2011-01-23 01:57:17',NULL,'1','1'),
(92,1,80,'150135','PRINCIPAL','AV. ALFREDO MENDIOLA NRO. 1635 URB. LA MILLA ','2011-01-23 02:00:27',NULL,'1','1'),
(93,4,58,'150104','SUCURSALES','LOS OLIVOS','2011-03-09 08:16:19',NULL,'0','1'),
(94,2,55,'150105','','MILOS 4444','2011-03-09 08:16:58',NULL,'0','1'),
(95,1,82,'150117','PRINCIPAL','CALLE LOS HORNOS  MZ J LT 4  ','2011-05-25 05:15:27',NULL,'1','1'),
(96,1,83,'150120','PRINCIPAL','AV JAVIER PRADO OESTE N°48 INT 52  LIMA ','2011-06-10 03:03:09',NULL,'1','1'),
(97,1,84,'150100','PRINCIPAL','CALLE OMICRON N° 215  CALLAO','2011-06-11 04:59:13',NULL,'1','1'),
(98,1,85,'150105','PRINCIPAL','','2011-06-13 23:35:35',NULL,'1','0'),
(99,1,86,'150126','PRINCIPAL','','2011-06-13 23:40:11',NULL,'1','0'),
(100,1,87,'150103','PRINCIPAL','CALLE CAMILO DONGO Y DONGO MZ B LOTE 8  ASOC ','2011-07-06 01:57:42',NULL,'1','1'),
(101,1,88,'150117','PRINCIPAL','CALLE/HUARI/158/ URB./MESA REDONDA','2011-07-07 04:47:33',NULL,'1','1'),
(102,1,89,'150100','PRINCIPAL','CALLE OMICROM 340- 348 PARQUE INDUSTRIA Y COM','2011-07-07 06:06:37',NULL,'1','1'),
(103,1,90,'150103','PRINCIPAL','AV NUGGET N° 555  ATE ','2011-07-08 04:24:46',NULL,'1','1'),
(104,1,91,'150105','PRINCIPAL','AV VENEZUELA  N° 1760 -1762','2011-07-09 01:01:22',NULL,'1','1'),
(105,1,92,'150101','PRINCIPAL','JR BAMBAS N° 447 LIMA ','2011-07-13 06:42:51',NULL,'1','1'),
(106,1,93,'150135','PRINCIPAL','MZA A LOTE 14 ASOC.  VIVIENDA VILLA VICTORIA ','2011-07-14 02:02:08',NULL,'1','1'),
(107,1,94,'150131','PRINCIPAL','CALLE LOS PINOS 463','2011-07-16 04:06:46',NULL,'1','1'),
(108,1,95,'150101','PRINCIPAL','AV COLONIAL N° 1523   CERCADO DE LIMA ','2011-07-16 06:32:44',NULL,'1','1'),
(109,1,96,'150135','PRINCIPAL','AV ALFREDO MENNDIOLA  N° 1048 ','2011-07-18 22:20:16',NULL,'1','1'),
(110,1,97,'150140','PRINCIPAL','JR MARQUES DE GUADALCASAR  N° 220 URB. LA VIR','2011-07-20 03:46:32',NULL,'1','1'),
(111,2,88,'150114','ALMACEN PRINCIPAL','AV/PERU/2458/2/LIBRE','2011-07-20 19:48:16',NULL,'0','1'),
(112,2,88,'150127','ALMACEN SECUNDARIO','AV/LIMA/2869/2/LIBRE','2011-07-20 19:49:04',NULL,'0','1'),
(113,2,88,'150135','ALMACEN TERCERAIO','CALLE/HUARI/325/2/MESA REDONDA','2011-07-20 19:51:29',NULL,'0','1'),
(114,1,98,'150109','PRINCIPAL','AV/PERU/1258/LIMA','2011-07-22 08:53:43',NULL,'1','1'),
(115,1,99,'150112','PRINCIPAL','QEWRWEQR','2011-07-22 08:55:29',NULL,'1','1'),
(116,5,44,'150108','DIREC FISCAL','AV/ANTERIOR/258/52','2011-08-13 01:27:01',NULL,'0','1'),
(117,1,100,'150108','PRINCIPAL','','2011-08-14 10:13:39',NULL,'1','1'),
(118,4,55,'150104','','av/28 de julio/2589/','2011-08-14 14:57:14',NULL,'0','1'),
(119,1,55,'150108','','AV/PERU/258//TERMINAL','2011-08-17 06:24:50',NULL,'0','1');

/*Table structure for table `estadocivil` */

DROP TABLE IF EXISTS `estadocivil`;

CREATE TABLE `estadocivil` (
  `ESTCP_Codigo` int(11) NOT NULL AUTO_INCREMENT,
  `COMPP_Codigo` int(11) DEFAULT NULL,
  `ESTCC_Descripcion` varchar(150) DEFAULT NULL,
  `ESTCC_FechaRegistro` timestamp NULL DEFAULT CURRENT_TIMESTAMP,
  `ESTCC_FechaModificacion` datetime DEFAULT NULL,
  `ESTCC_FlagEstado` char(1) DEFAULT '1',
  PRIMARY KEY (`ESTCP_Codigo`),
  KEY `FK_estadocivil_compania` (`COMPP_Codigo`),
  CONSTRAINT `FK_estadocivil_compania` FOREIGN KEY (`COMPP_Codigo`) REFERENCES `compania` (`COMPP_Codigo`) ON DELETE NO ACTION ON UPDATE NO ACTION
) ENGINE=InnoDB AUTO_INCREMENT=6 DEFAULT CHARSET=latin1;

/*Data for the table `estadocivil` */

insert  into `estadocivil`(`ESTCP_Codigo`,`COMPP_Codigo`,`ESTCC_Descripcion`,`ESTCC_FechaRegistro`,`ESTCC_FechaModificacion`,`ESTCC_FlagEstado`) values 
(0,1,'::Seleccione::','2010-12-23 11:06:30',NULL,'1'),
(1,1,'SOLTERO','2010-12-13 18:06:06',NULL,'1'),
(2,1,'CASADO','2010-12-13 18:06:15',NULL,'1'),
(3,1,'VIUDO','2010-12-13 18:06:21',NULL,'1'),
(4,1,'DIVORCIADO','2010-12-13 18:06:27',NULL,'1'),
(5,1,'CONVIVIENTE','2010-12-13 18:06:33',NULL,'1');

/*Table structure for table `fabricante` */

DROP TABLE IF EXISTS `fabricante`;

CREATE TABLE `fabricante` (
  `FABRIP_Codigo` int(11) NOT NULL AUTO_INCREMENT,
  `COMPP_Codigo` int(11) NOT NULL,
  `FABRIC_Descripcion` varchar(150) DEFAULT NULL,
  `FABRIC_FechaRegistro` timestamp NOT NULL DEFAULT CURRENT_TIMESTAMP ON UPDATE CURRENT_TIMESTAMP,
  `FABRIC_FechaModificacion` datetime DEFAULT NULL,
  `FABRIC_CodigoUsuario` varchar(20) DEFAULT NULL,
  PRIMARY KEY (`FABRIP_Codigo`),
  KEY `FK_fabricante_compania` (`COMPP_Codigo`),
  CONSTRAINT `FK_fabricante_compania` FOREIGN KEY (`COMPP_Codigo`) REFERENCES `compania` (`COMPP_Codigo`) ON DELETE NO ACTION ON UPDATE NO ACTION
) ENGINE=InnoDB AUTO_INCREMENT=2 DEFAULT CHARSET=utf8;

/*Data for the table `fabricante` */

insert  into `fabricante`(`FABRIP_Codigo`,`COMPP_Codigo`,`FABRIC_Descripcion`,`FABRIC_FechaRegistro`,`FABRIC_FechaModificacion`,`FABRIC_CodigoUsuario`) values 
(0,1,'::: Seleccione ::','2014-10-05 19:17:21',NULL,NULL),
(1,1,'IMACO','2014-10-05 19:17:25',NULL,'');

/*Table structure for table `factura` */

DROP TABLE IF EXISTS `factura`;

CREATE TABLE `factura` (
  `FACTP_Codigo` int(11) NOT NULL AUTO_INCREMENT,
  `PRESUP_Codigo` int(11) NOT NULL,
  `COMPP_Codigo` int(11) NOT NULL,
  `FACTC_Serie` char(3) NOT NULL,
  `FACTC_Numero` int(11) DEFAULT NULL,
  `CLIP_Codigo` int(11) DEFAULT NULL,
  `USUA_Codigo` int(11) DEFAULT NULL,
  `MONED_Codigo` int(11) DEFAULT NULL,
  `FORPAP_Codigo` int(11) NOT NULL,
  `FACTC_subtotal` double DEFAULT NULL,
  `FACTC_descuento` double DEFAULT NULL,
  `FACTC_igv` double DEFAULT NULL,
  `FACTC_total` double DEFAULT NULL,
  `FACTC_igv100` int(11) NOT NULL DEFAULT '0',
  `FACTC_descuento100` int(11) NOT NULL DEFAULT '0',
  `FACTC_Concepto` varchar(250) DEFAULT NULL,
  `FACTC_Observacion` varchar(250) DEFAULT NULL,
  `FACTC_Fecha` date DEFAULT NULL,
  `FACTC_FechaRegistro` timestamp NOT NULL DEFAULT CURRENT_TIMESTAMP,
  `FACTC_FechaModificacion` datetime DEFAULT NULL,
  `FACTC_FlagEstado` char(1) DEFAULT '1',
  PRIMARY KEY (`FACTP_Codigo`),
  KEY `FK_cji_factura_cji_presupuesto` (`PRESUP_Codigo`),
  KEY `FK_cji_factura_cji_compania` (`COMPP_Codigo`),
  KEY `FK_cji_factura_cji_cliente` (`CLIP_Codigo`),
  KEY `FK_cji_factura_cji_usuario` (`USUA_Codigo`),
  KEY `FK_cji_factura_cji_moneda` (`MONED_Codigo`),
  KEY `FK_cji_factura_cji_formapago` (`FORPAP_Codigo`)
) ENGINE=InnoDB DEFAULT CHARSET=utf8;

/*Data for the table `factura` */

/*Table structure for table `facturadetalle` */

DROP TABLE IF EXISTS `facturadetalle`;

CREATE TABLE `facturadetalle` (
  `FACTDEP_Codigo` int(11) NOT NULL AUTO_INCREMENT,
  `FACTP_Codigo` int(11) NOT NULL,
  `PROD_Codigo` int(11) NOT NULL,
  `UNDMED_Codigo` int(11) DEFAULT NULL,
  `FACTDEC_Pu` double NOT NULL DEFAULT '0',
  `FACTDEC_Cantidad` double DEFAULT '0',
  `FACTDEC_Subtotal` double DEFAULT '0',
  `FACTDEC_Igv` double DEFAULT '0',
  `FACTDEC_Descuento` double DEFAULT '0',
  `FACTDEC_Total` double DEFAULT '0',
  `FACTDEC_Igv100` int(11) DEFAULT '0',
  `FACTDEC_Descuento100` int(11) DEFAULT '0',
  `FACTDEC_Observacion` varchar(250) DEFAULT NULL,
  `FACTDEC_FechaRegistro` timestamp NOT NULL DEFAULT CURRENT_TIMESTAMP,
  `FACTDEC_FechaModificacion` datetime DEFAULT NULL,
  `FACTDEC_FlagEstado` char(1) DEFAULT '1',
  PRIMARY KEY (`FACTDEP_Codigo`),
  KEY `FK_Reference_64` (`PROD_Codigo`),
  KEY `FK_Reference_59` (`FACTP_Codigo`),
  KEY `FK_cji_facturadetalle_cji_unidadmedida` (`UNDMED_Codigo`)
) ENGINE=InnoDB DEFAULT CHARSET=utf8;

/*Data for the table `facturadetalle` */

/*Table structure for table `familia` */

DROP TABLE IF EXISTS `familia`;

CREATE TABLE `familia` (
  `FAMI_Codigo` int(11) NOT NULL AUTO_INCREMENT,
  `COMPP_Codigo` int(11) NOT NULL,
  `FAMI_Descripcion` varchar(350) DEFAULT NULL,
  `FAMI_Codigo2` int(11) DEFAULT NULL,
  `FAMI_CodigoInterno` char(3) DEFAULT NULL,
  `FAMI_CodigoUsuario` varchar(20) DEFAULT NULL,
  `FAMI_Numeracion` int(11) DEFAULT '0',
  `FAMI_FechaRegistro` timestamp NOT NULL DEFAULT CURRENT_TIMESTAMP,
  `FAMI_FechaModificacion` datetime DEFAULT NULL,
  `FAMI_FlagEstado` char(1) DEFAULT '1',
  PRIMARY KEY (`FAMI_Codigo`),
  KEY `COMPP_Codigo` (`COMPP_Codigo`),
  CONSTRAINT `familia_ibfk_1` FOREIGN KEY (`COMPP_Codigo`) REFERENCES `compania` (`COMPP_Codigo`) ON DELETE NO ACTION ON UPDATE NO ACTION
) ENGINE=InnoDB AUTO_INCREMENT=349 DEFAULT CHARSET=utf8;

/*Data for the table `familia` */

insert  into `familia`(`FAMI_Codigo`,`COMPP_Codigo`,`FAMI_Descripcion`,`FAMI_Codigo2`,`FAMI_CodigoInterno`,`FAMI_CodigoUsuario`,`FAMI_Numeracion`,`FAMI_FechaRegistro`,`FAMI_FechaModificacion`,`FAMI_FlagEstado`) values 
(0,1,'0',NULL,NULL,NULL,0,'2010-12-30 11:52:00',NULL,'1'),
(30,1,'HERRAMIENTAS  DE CORTE Y TERMINACION ',0,'001',NULL,0,'2011-01-09 01:15:36',NULL,'1'),
(31,1,'TUBERIAS',0,'002',NULL,0,'2011-01-09 01:15:47',NULL,'1'),
(32,1,'CONEXIONES',0,'003',NULL,0,'2011-01-09 01:15:54',NULL,'1'),
(33,1,'PLANCHAS',0,'004',NULL,2,'2011-01-09 01:16:02',NULL,'1'),
(34,1,'GALVAIZADA',33,'001',NULL,0,'2011-01-09 01:21:39',NULL,'1'),
(35,1,'INOXIDABLE',33,'002',NULL,0,'2011-01-09 01:21:56',NULL,'1'),
(36,1,'FIERRO NEGRO',33,'003',NULL,0,'2011-01-09 01:22:09',NULL,'1'),
(37,1,'LAF',36,'001',NULL,0,'2011-01-09 01:22:24',NULL,'1'),
(38,1,'LAC',36,'002',NULL,9,'2011-01-09 01:22:31',NULL,'1'),
(39,1,'SIN COSTURA SCH-40',31,'001',NULL,0,'2011-01-09 01:57:05',NULL,'1'),
(40,1,'SIN COSTURA SCH-80',31,'002',NULL,0,'2011-01-09 01:57:41',NULL,'1'),
(41,1,'PERFILES',0,'005',NULL,0,'2011-01-09 02:18:23',NULL,'1'),
(42,1,'PLATINAS',41,'001',NULL,0,'2011-01-09 02:18:38',NULL,'1'),
(43,1,'PLATINAS',41,'05.',NULL,0,'2011-01-09 02:18:40',NULL,'0'),
(44,1,'PLATINAS',41,'05.',NULL,0,'2011-01-09 02:18:47',NULL,'0'),
(45,1,'ANGULOS ESTRUCTURALES',41,'002',NULL,0,'2011-01-09 02:18:58',NULL,'1'),
(46,1,'ANGULOS DE ALTA RESISTENCIA',41,'003',NULL,0,'2011-01-09 02:19:14',NULL,'1'),
(47,1,'TEES',41,'004',NULL,0,'2011-01-09 02:19:24',NULL,'1'),
(48,1,'BARRAS CUADRADAS',41,'005',NULL,0,'2011-01-09 02:19:44','2011-01-09 02:21:00','1'),
(49,1,'BARRAS CUADRARAS ORNAMENTALES',41,'006',NULL,0,'2011-01-09 02:19:57',NULL,'1'),
(50,1,'BARRAS REDONDAS LISAS',41,'007',NULL,0,'2011-01-09 02:20:09',NULL,'1'),
(51,1,'BARRAS HEXAGONALES',41,'008',NULL,1,'2011-01-09 02:20:21',NULL,'1'),
(52,1,'EJES Y BARRAS CALIBRADAS',0,'006',NULL,0,'2011-01-09 02:21:36',NULL,'1'),
(53,1,'BARRAS REDONDAS CALIBRADAS',52,'001',NULL,0,'2011-01-09 02:21:53',NULL,'1'),
(54,1,'BARRAS HEXAGONALES CALIBRADAS',52,'002',NULL,0,'2011-01-09 02:22:06',NULL,'1'),
(55,1,'BARRAS DE CONSTRUCCION',0,'007',NULL,1,'2011-01-09 02:22:21',NULL,'1'),
(56,1,'ALAMBRES DE CONSTRUCCION ',0,'008',NULL,1,'2011-01-09 02:23:15',NULL,'1'),
(57,1,'ALAMBRON LISO Y CORRUGADO',56,'001',NULL,0,'2011-01-09 02:23:33','2011-01-09 02:23:58','0'),
(58,1,'ALAMBRON PARA PERFILERIA',56,'002',NULL,0,'2011-01-09 02:24:17',NULL,'0'),
(59,1,'ALAMBRE NEGRO Y RECOCIDO',56,'003',NULL,0,'2011-01-09 02:24:31',NULL,'0'),
(60,1,'ALAMBRE GALVANIZADO',56,'004',NULL,1,'2011-01-09 02:24:46',NULL,'0'),
(61,1,'MALLAS ELECTROSOLDADAS',56,'005',NULL,0,'2011-01-09 02:24:56',NULL,'0'),
(62,1,'VIGAS',0,'009',NULL,0,'2011-01-09 02:25:11',NULL,'1'),
(63,1,'CANALES U STANDAR',62,'001',NULL,0,'2011-01-09 02:25:28',NULL,'1'),
(64,1,'VIGAS I O DOBLE T',62,'002',NULL,0,'2011-01-09 02:25:36','2011-01-09 02:25:48','1'),
(65,1,'VIGAS H ALAS ANCHAS WF',62,'003',NULL,0,'2011-01-09 02:25:58','2011-01-09 02:26:18','1'),
(66,1,'TUBOS NEGROS Y GALVANIZADOS',31,'003',NULL,0,'2011-01-09 02:27:08',NULL,'1'),
(67,1,'TUBOS ELECTROSOLDADOS REDONDOS',31,'004',NULL,0,'2011-01-09 02:27:37',NULL,'1'),
(68,1,'TUBOS CUADRADOS',31,'005',NULL,1,'2011-01-09 02:27:53',NULL,'1'),
(69,1,'TUBOS RECTANGULARES',31,'006',NULL,0,'2011-01-09 02:28:06',NULL,'1'),
(70,1,'TUBOS REDONDOS NEGROS Y GALVANIZADOS',31,'007',NULL,0,'2011-01-09 02:28:19','2011-01-09 02:28:30','1'),
(71,1,'TUBOS CUADRADOS LAC',31,'008',NULL,0,'2011-01-09 02:28:48',NULL,'1'),
(72,1,'TUBO CUADRADO REDONDO LAC',31,'009',NULL,1,'2011-01-09 02:29:05',NULL,'1'),
(73,1,'TUBO RECTANGULAR LAC',31,'010',NULL,0,'2011-01-09 02:29:17',NULL,'1'),
(74,1,'TUBOS DE ACERO INOXIDABLE',31,'011',NULL,0,'2011-01-09 02:29:43',NULL,'1'),
(75,1,'SOLDADURAS Y DISCOS DE CORTE',0,'010',NULL,2,'2011-01-09 02:30:41',NULL,'1'),
(76,1,'LINEA DE COBERTURA',0,'011',NULL,0,'2011-01-09 02:32:01',NULL,'1'),
(77,1,'SISTEMA DE CONSTRUCCION EN SECO ETERNIT(DRYWALL)',0,'012',NULL,0,'2011-01-09 02:32:26',NULL,'1'),
(78,1,'LINEA DE BALDOSAS PARA CIELOS RASOS',0,'013',NULL,0,'2011-01-09 02:32:43',NULL,'1'),
(79,1,'LINEA DE TANQUE DE POLIETILENO',0,'014',NULL,0,'2011-01-09 02:32:58',NULL,'1'),
(80,1,'LINEA MOLDEADOS Y ACCESORIOS',0,'015',NULL,0,'2011-01-09 02:33:15',NULL,'1'),
(81,1,'PLANCHAS ONDULADAS',76,'001',NULL,0,'2011-01-09 02:33:34',NULL,'1'),
(82,1,'TEJAS DECORATIVAS',76,'002',NULL,0,'2011-01-09 02:33:42',NULL,'1'),
(83,1,'PERFIL GRAN ONDA',81,'001',NULL,0,'2011-01-09 02:34:04',NULL,'1'),
(84,1,'PERFIL 4',81,'002',NULL,0,'2011-01-09 02:34:16',NULL,'1'),
(85,1,'PERFIL SUPERTECHALIT',81,'003',NULL,0,'2011-01-09 02:34:35',NULL,'1'),
(86,1,'PLANCHAS TRANSPARENTES DE POLICARBONATO',81,'004',NULL,0,'2011-01-09 02:35:01',NULL,'1'),
(87,1,'TEJA ANDINA',82,'001',NULL,0,'2011-01-09 02:35:18',NULL,'1'),
(88,1,'TEJA RESIDENCIAL',82,'002',NULL,0,'2011-01-09 02:35:27',NULL,'1'),
(89,1,'TEJA COLONIAL',82,'003',NULL,0,'2011-01-09 02:35:39',NULL,'1'),
(90,1,'TEJA PIZARRA',82,'004',NULL,0,'2011-01-09 02:35:46',NULL,'1'),
(91,1,'PLACAS PLANAS',77,'001',NULL,0,'2011-01-09 02:36:25',NULL,'1'),
(92,1,'PLACA DE FIBROCEMENTO SUPERBOARD',91,'001',NULL,0,'2011-01-09 02:36:41',NULL,'1'),
(93,1,'PLACA DE ROCA DE YESO GYPLAC',91,'002',NULL,0,'2011-01-09 02:36:55',NULL,'1'),
(94,1,'BALDOSAS CERTAIN TEED',78,'001',NULL,0,'2011-01-09 02:37:14',NULL,'1'),
(95,1,'BALDOSAS ECONOBOARD',78,'002',NULL,0,'2011-01-09 02:37:38','2011-01-09 02:37:52','1'),
(96,1,'STAR-COMET-VINIL',95,'001',NULL,0,'2011-01-09 02:38:37',NULL,'1'),
(97,1,'ANDINA RUSTICO',95,'002',NULL,0,'2011-01-09 02:38:47',NULL,'1'),
(98,1,'BALDOSAS DECODIEL',78,'003',NULL,0,'2011-01-09 02:39:04',NULL,'1'),
(99,1,'SUSPENSION METALICA',78,'004',NULL,0,'2011-01-09 02:39:16',NULL,'1'),
(100,1,'TANQUES DE POLIETILENO PARA AGUA',79,'001',NULL,0,'2011-01-09 02:39:48',NULL,'1'),
(101,1,'TANQUES AGROINDUSTRIALES',79,'002',NULL,0,'2011-01-09 02:39:58',NULL,'1'),
(102,1,'TANQUE ETERNIT TOTALMENTE EQUIPADO',100,'001',NULL,0,'2011-01-09 02:40:20',NULL,'1'),
(103,1,'TANQUE ETERNIT CON ACCESORIOS BASICOS',100,'002',NULL,0,'2011-01-09 02:40:41',NULL,'1'),
(104,1,'TANQUE PERDURIT',100,'003',NULL,0,'2011-01-09 02:40:51',NULL,'1'),
(105,1,'TANQUE CISTERNA',100,'004',NULL,0,'2011-01-09 02:41:04',NULL,'1'),
(106,1,'TANQUE ACEITUNERO',101,'001',NULL,0,'2011-01-09 02:41:38',NULL,'1'),
(107,1,'TANQUE PARA LA ELABORACION DE PISCO',101,'002',NULL,0,'2011-01-09 02:41:51',NULL,'1'),
(108,1,'LETRINAS',80,'001',NULL,0,'2011-01-09 02:42:09',NULL,'1'),
(109,1,'CAMPANAS',80,'002',NULL,0,'2011-01-09 02:42:19',NULL,'1'),
(110,1,'TERMINALES Y DUCTOS',80,'003',NULL,0,'2011-01-09 02:42:28',NULL,'1'),
(111,1,'CANALETAS',80,'004',NULL,0,'2011-01-09 02:42:36',NULL,'1'),
(112,1,'MECANICAS',30,'001',NULL,0,'2011-01-23 01:57:25',NULL,'1'),
(113,1,'DE MEDICION Y TRAZADO',30,'002',NULL,0,'2011-01-23 01:57:42',NULL,'1'),
(114,1,'DE GOLPE',30,'003',NULL,0,'2011-01-23 01:57:49',NULL,'1'),
(115,1,'DE AJUSTE',30,'004',NULL,0,'2011-01-23 01:57:57',NULL,'1'),
(116,1,'DE FIJACION',30,'005',NULL,0,'2011-01-23 01:58:06',NULL,'1'),
(117,1,'DE JARDINERIA',30,'006',NULL,0,'2011-01-23 01:58:14',NULL,'1'),
(118,1,'PARA SEGURIDAD',30,'007',NULL,0,'2011-01-23 01:58:22',NULL,'1'),
(119,1,'AUTOMOTRICES',30,'008',NULL,0,'2011-01-23 01:58:33',NULL,'1'),
(120,1,'ALICATES',30,'009',NULL,0,'2011-01-23 01:58:55',NULL,'1'),
(121,1,'DE CORTE Y TERMINACION',30,'010',NULL,0,'2011-01-23 01:59:10',NULL,'1'),
(122,1,'DADOS',112,'001',NULL,0,'2011-01-23 01:59:51',NULL,'1'),
(123,1,'ALMACENAJE DE HERRAMIENTAS',30,'011',NULL,0,'2011-01-23 02:00:46',NULL,'1'),
(124,1,'EXHIBIORES',30,'012',NULL,0,'2011-01-23 02:00:58',NULL,'1'),
(125,1,'HERRAJES',30,'013',NULL,0,'2011-01-23 02:01:07',NULL,'1'),
(126,1,'CUCHILLAS INTERLOCK ETRACTILES',121,'001',NULL,0,'2011-01-23 02:01:52',NULL,'1'),
(127,1,'CUCHILLAS SAP-OFF',121,'002',NULL,0,'2011-01-23 02:02:06',NULL,'1'),
(128,1,'CUCHILLAS DE HOJA FINA',121,'003',NULL,0,'2011-01-23 02:02:23',NULL,'1'),
(129,1,'CUCHILLAS VARIAS',121,'004',NULL,2,'2011-01-23 02:02:34',NULL,'1'),
(130,1,'HOJAS DE REPUESTO',121,'005',NULL,0,'2011-01-23 02:02:44',NULL,'1'),
(131,1,'CORTA VIDRIOS',121,'006',NULL,4,'2011-01-23 02:02:53',NULL,'1'),
(132,1,'SERRUCHOS',121,'007',NULL,0,'2011-01-23 02:03:01',NULL,'1'),
(133,1,'CAJA DE INGLETE',121,'008',NULL,0,'2011-01-23 02:03:14',NULL,'1'),
(134,1,'SERRUCHOS DE CALAR',121,'009',NULL,0,'2011-01-23 02:03:28',NULL,'1'),
(135,1,'ARCOS DE SIERRA',121,'010',NULL,0,'2011-01-23 02:03:38',NULL,'1'),
(136,1,'TIJERAS',121,'011',NULL,0,'2011-01-23 02:03:49',NULL,'1'),
(137,1,'CORTA PERNOS',121,'012',NULL,0,'2011-01-23 02:03:59',NULL,'1'),
(138,1,'CORTA TUBOS',121,'013',NULL,0,'2011-01-23 02:04:07',NULL,'1'),
(139,1,'CEPILLOS',121,'014',NULL,58,'2011-01-23 02:04:15',NULL,'1'),
(140,1,'ESCARIADORAS',121,'015',NULL,0,'2011-01-23 02:04:26',NULL,'1'),
(141,1,'PRODUCTOS SURFORM',121,'016',NULL,0,'2011-01-23 02:04:42',NULL,'1'),
(142,1,'LIMA',121,'017',NULL,0,'2011-01-23 02:04:53',NULL,'1'),
(143,1,'CUCHARAS DE ALBALINERIA',121,'018',NULL,0,'2011-01-23 02:05:07',NULL,'1'),
(144,1,'RASPADORES',30,'014',NULL,0,'2011-01-23 02:05:33',NULL,'1'),
(145,1,'CINTAS METRICAS',113,'001',NULL,3,'2011-01-23 02:05:57',NULL,'1'),
(146,1,'CINTAS LARGAS',113,'002',NULL,0,'2011-01-23 02:06:05',NULL,'1'),
(147,1,'RUEDA MEDIDORAS',113,'003',NULL,0,'2011-01-23 02:06:15',NULL,'1'),
(148,1,'HERRAMIENTAS LASER',113,'004',NULL,0,'2011-01-23 02:06:24',NULL,'1'),
(149,1,'NIVELES',113,'005',NULL,2,'2011-01-23 02:06:31',NULL,'1'),
(150,1,'ESCUADRAS',113,'006',NULL,0,'2011-01-23 02:06:39',NULL,'1'),
(151,1,'HERRAMIENTAS DE MARCADO',113,'007',NULL,0,'2011-01-23 02:06:50',NULL,'1'),
(152,1,'MARTILLOS',114,'001',NULL,1,'2011-01-23 02:07:07',NULL,'1'),
(153,1,'MAZOS',114,'002',NULL,0,'2011-01-23 02:07:14',NULL,'1'),
(154,1,'MAZOS DE GOMA',114,'003',NULL,0,'2011-01-23 02:07:24',NULL,'1'),
(155,1,'MARTILLOS DE SUPERFICIE SUAVE',114,'004',NULL,0,'2011-01-23 02:07:46',NULL,'1'),
(156,1,'FORMONES',114,'005',NULL,0,'2011-01-23 02:07:55',NULL,'1'),
(157,1,'CORTAFRIOS / CINCELES',114,'006',NULL,0,'2011-01-23 02:08:18',NULL,'1'),
(158,1,'PUNZONES',114,'007',NULL,0,'2011-01-23 02:08:27',NULL,'1'),
(159,1,'BARRETAS',114,'008',NULL,2,'2011-01-23 02:08:38',NULL,'1'),
(160,1,'DESTORNILLADORES 100 PLUS',115,'001',NULL,0,'2011-01-23 02:09:20',NULL,'1'),
(161,1,'DESTORNILLADORES AISLADOS',115,'002',NULL,0,'2011-01-23 02:09:34',NULL,'1'),
(162,1,'DESTORNILLADORES PRO',115,'003',NULL,0,'2011-01-23 02:09:49',NULL,'1'),
(163,1,'DESTORNILLADORES CUSHION GRIP',115,'004',NULL,0,'2011-01-23 02:10:07',NULL,'1'),
(164,1,'DESTORNILLADORES BASIC',115,'005',NULL,0,'2011-01-23 02:10:23',NULL,'1'),
(165,1,'DESTORNILLADORES ESPECIALES',115,'006',NULL,0,'2011-01-23 02:10:36',NULL,'1'),
(166,1,'PUNTAS DE DESTORNILLADOR',115,'007',NULL,0,'2011-01-23 02:10:48',NULL,'1'),
(167,1,'JUEGOS DE PUNTAS DE DESTORNILLADOR',115,'008',NULL,0,'2011-01-23 02:11:05',NULL,'1'),
(168,1,'DESTORNILLADORES AUTOMATICOS YANKEE',115,'009',NULL,0,'2011-01-23 02:11:54',NULL,'1'),
(169,1,'LLAVES HEXAGONALES',30,'015',NULL,0,'2011-01-23 02:12:27',NULL,'1'),
(170,1,'ENGRAPADORAS Y CLAVADORAS',116,'001',NULL,0,'2011-01-23 02:12:47',NULL,'1'),
(171,1,'LINEAS DE GRAPAS',116,'002',NULL,0,'2011-01-23 02:12:58',NULL,'1'),
(172,1,'GRAPAS',116,'003',NULL,0,'2011-01-23 02:13:07',NULL,'1'),
(173,1,'CLAVILLOS',116,'004',NULL,0,'2011-01-23 02:13:15',NULL,'1'),
(174,1,'REMACHADORAS',116,'005',NULL,0,'2011-01-23 02:13:25',NULL,'1'),
(175,1,'REMACHES',116,'006',NULL,0,'2011-01-23 02:13:32',NULL,'1'),
(176,1,'HERRAMIENTAS PARA OJALES',116,'007',NULL,0,'2011-01-23 02:13:43',NULL,'1'),
(177,1,'PISTOLAS APLICADORAS DE ADHESIVO',116,'008',NULL,0,'2011-01-23 02:13:58',NULL,'1'),
(178,1,'SOLDADORAS',116,'009',NULL,0,'2011-01-23 02:14:08',NULL,'1'),
(179,1,'BERBIQUIES',116,'010',NULL,0,'2011-01-23 02:14:18',NULL,'1'),
(180,1,'RASTRILLOS',117,'001',NULL,0,'2011-01-23 02:14:46',NULL,'1'),
(181,1,'GUANTES',118,'001',NULL,0,'2011-01-23 02:15:36',NULL,'1'),
(182,1,'GAFAS',118,'002',NULL,0,'2011-01-23 02:15:46',NULL,'1'),
(183,1,'HERRAMIENTAS NEUMATICAS',119,'001',NULL,0,'2011-01-23 02:16:06',NULL,'1'),
(184,1,'HERRAMIENTAS DE ILUMINACION',119,'002',NULL,0,'2011-01-23 02:16:19',NULL,'1'),
(185,1,'ACCESORIOS PARA MECANICA AUTOMOTRIZ',119,'003',NULL,0,'2011-01-23 02:16:38',NULL,'1'),
(186,1,'ACCESORIOS',112,'002',NULL,0,'2011-01-23 02:17:11',NULL,'1'),
(187,1,'ACCESORIOS DE IMPACTO',112,'003',NULL,0,'2011-01-23 02:17:26',NULL,'1'),
(188,1,'JUEGOS DE DADOS',112,'004',NULL,0,'2011-01-23 02:17:35',NULL,'1'),
(189,1,'LLAVES COMBINADAS',112,'005',NULL,0,'2011-01-23 02:17:48',NULL,'1'),
(190,1,'LLAVES DE BOCA',112,'006',NULL,0,'2011-01-23 02:17:59',NULL,'1'),
(191,1,'LLAVES CORONA',112,'007',NULL,0,'2011-01-23 02:18:08',NULL,'1'),
(192,1,'LLAVE DOBLE TORX',112,'008',NULL,0,'2011-01-23 02:18:23',NULL,'1'),
(193,1,'LLAVES ABOCINADAS',112,'009',NULL,0,'2011-01-23 02:18:38',NULL,'1'),
(194,1,'LLAVES DE DADO ACODAAS',112,'010',NULL,0,'2011-01-23 02:18:49',NULL,'1'),
(195,1,'LLAVES AJUSTABLES',112,'011',NULL,0,'2011-01-23 02:18:59',NULL,'1'),
(196,1,'JUEGOS DE LLAVES',112,'012',NULL,0,'2011-01-23 02:19:10',NULL,'1'),
(197,1,'TORQUIMETROS',112,'013',NULL,0,'2011-01-23 02:19:17',NULL,'1'),
(198,1,'LLAVES DE TUBO',112,'014',NULL,0,'2011-01-23 02:19:25',NULL,'1'),
(199,1,'PRENSA \"C\"',112,'015',NULL,0,'2011-01-23 02:19:38',NULL,'1'),
(200,1,'ALICATES MAXSTEEL VDE',120,'001',NULL,0,'2011-01-23 02:20:05',NULL,'1'),
(201,1,'ALICATES PRO',120,'002',NULL,0,'2011-01-23 02:20:13',NULL,'1'),
(202,1,'ALICATES BASICOS',120,'003',NULL,0,'2011-01-23 02:20:22',NULL,'1'),
(203,1,'TENAZAS',120,'004',NULL,0,'2011-01-23 02:20:27',NULL,'1'),
(204,1,'ALICATES DE PRESION',120,'005',NULL,0,'2011-01-23 02:20:40',NULL,'1'),
(205,1,'JUEGOS DE ALICATES',120,'006',NULL,0,'2011-01-23 02:20:47',NULL,'1'),
(206,1,'CAJA DE HERRAMIENTAS GABINETES DE METAL',123,'001',NULL,0,'2011-01-23 02:21:17',NULL,'1'),
(207,1,'CAJA DE HERRAMIENTAS DE PLASTICO',123,'002',NULL,0,'2011-01-23 02:26:17',NULL,'1'),
(208,1,'COMPARTIMIENTOS',123,'003',NULL,0,'2011-01-23 02:26:29',NULL,'1'),
(209,1,'LINEA DE TELA',123,'004',NULL,0,'2011-01-23 02:26:42',NULL,'1'),
(210,1,'EXHIBIDORES',124,'001',NULL,0,'2011-01-23 02:27:10',NULL,'1'),
(211,1,'CATALOGOS',124,'002',NULL,0,'2011-01-23 02:27:20',NULL,'1'),
(212,1,'FICHA TECNICA DE BENEFICIOS',124,'003',NULL,0,'2011-01-23 02:27:34',NULL,'1'),
(213,1,'BISAGRAS',125,'001',NULL,0,'2011-01-23 02:27:51',NULL,'1'),
(214,1,'MENSULAS',125,'002',NULL,0,'2011-01-23 02:27:59',NULL,'1'),
(215,1,'PASADORES Y CERROJOS',125,'003',NULL,0,'2011-01-23 02:28:13',NULL,'1'),
(216,1,'HERRAJES PARA GABINETES',125,'004',NULL,0,'2011-01-23 02:28:29',NULL,'1'),
(217,1,'CERRADORES Y SOPORTES DE PUERTAS',125,'005',NULL,0,'2011-01-23 02:28:41',NULL,'1'),
(218,1,'SOPORTES DE ESQUINA',125,'006',NULL,0,'2011-01-23 02:28:50',NULL,'1'),
(219,1,'HERRAJES PARA CLOSET',125,'007',NULL,0,'2011-01-23 02:29:04',NULL,'1'),
(220,1,'RIELES DE GAVETA',125,'008',NULL,0,'2011-01-23 02:29:18',NULL,'1'),
(221,1,'RIELES Y RUEDAS',125,'009',NULL,0,'2011-01-23 02:29:27',NULL,'1'),
(222,1,'RUEDAS ',0,'016',NULL,1,'2011-05-25 05:07:48',NULL,'1'),
(223,1,'SOGAS ',0,'017',NULL,0,'2011-05-25 06:36:27',NULL,'1'),
(224,1,'DISCOS  ABRASIVOS ',0,'018',NULL,280,'2011-05-25 06:37:05',NULL,'1'),
(225,1,'PERNOS  FIERRO NEGRO ',0,'019',NULL,0,'2011-05-25 06:37:52',NULL,'1'),
(226,1,'PERNOS INOXIDABLES ',0,'020',NULL,6,'2011-05-25 06:38:49',NULL,'1'),
(227,1,'CEMENTOS ',0,'021',NULL,3,'2011-05-25 06:40:03',NULL,'1'),
(228,1,'SEGURIDAD INDUSTRIAL ',0,'022',NULL,3,'2011-05-25 06:40:23',NULL,'1'),
(229,1,'CERRADURAS ',0,'023',NULL,0,'2011-05-25 06:40:32',NULL,'1'),
(230,1,'SANITARIOS ',0,'024',NULL,0,'2011-05-25 06:41:50',NULL,'1'),
(231,1,'HERRAMIENTAS DE AJUSTE ',0,'025',NULL,0,'2011-05-25 06:43:27',NULL,'1'),
(232,1,'HERRAMIENTAS AUTOMOTRICES',0,'026',NULL,0,'2011-05-25 06:43:47',NULL,'1'),
(233,1,'HERRAMIENTAS NEUMATICAS ',0,'027',NULL,2,'2011-05-25 06:43:59',NULL,'1'),
(234,1,'HERRAMIENTAS PARA EXTRACCION ',0,'028',NULL,1,'2011-05-25 06:44:16',NULL,'1'),
(235,1,'HERRAMIENTAS DE PRESICION ',0,'029',NULL,2,'2011-05-25 06:44:32',NULL,'1'),
(236,1,'DADOS  YA ACCESORIOS ',0,'030',NULL,0,'2011-05-25 06:44:54',NULL,'1'),
(237,1,'LLAVES COMBINADAS ',0,'031',NULL,0,'2011-05-25 06:46:43',NULL,'1'),
(238,1,'JUEGOS DE LLAVES ',0,'032',NULL,0,'2011-05-25 06:46:59',NULL,'1'),
(239,1,'PRENSAS Y TORNILOS DE BANCOS ',0,'033',NULL,0,'2011-05-25 06:47:13',NULL,'1'),
(240,1,'ALICATES ',0,'034',NULL,10,'2011-05-25 06:53:32',NULL,'1'),
(241,1,'ALMACENAJES  MALETINES HERRAMIENTAS ',0,'035',NULL,1,'2011-05-25 06:53:49',NULL,'1'),
(242,1,'TRIPLAY CONSTRUCCION EN SECO ',33,'004',NULL,13,'2011-05-25 06:56:36',NULL,'1'),
(243,1,'CONEXIONES GALVANIZADAS',32,'001',NULL,0,'2011-05-25 06:59:11',NULL,'1'),
(244,1,'CONEXIONES ACERO INOXIDABLES ',32,'001',NULL,0,'2011-05-25 06:59:12',NULL,'1'),
(245,1,'CONEXIONES  PVC ',32,'002',NULL,0,'2011-05-25 06:59:48',NULL,'1'),
(246,1,'CONEXIONES  SCH ',32,'003',NULL,0,'2011-05-25 07:00:06',NULL,'1'),
(247,1,'CONEXIONES FIERRO NEGRO ',32,'004',NULL,0,'2011-05-25 07:00:24',NULL,'1'),
(248,1,'UNIONES DE PVC 1/2 ',245,'001',NULL,0,'2011-05-25 07:02:37',NULL,'1'),
(249,1,'UNIONES DE PVC 3/4 ',245,'002',NULL,0,'2011-05-25 07:02:53',NULL,'1'),
(250,1,'UNIONES DE PVC  1\" ',245,'003',NULL,0,'2011-05-25 07:03:08',NULL,'1'),
(251,1,'UNIONES PVC 1\" ',245,'004',NULL,0,'2011-05-25 07:03:21',NULL,'0'),
(252,1,'UNIONES DE  PVC 1  1/4 ',245,'005',NULL,0,'2011-05-25 07:03:42',NULL,'1'),
(253,1,'UNIONES DE PVC  2\" ',245,'006',NULL,0,'2011-05-25 07:05:15',NULL,'1'),
(254,1,'UNIONES  DE PVC 3\"',245,'007',NULL,0,'2011-05-25 07:06:48',NULL,'1'),
(255,1,'CONEXIONES SCH 40  1/2 ',246,'001',NULL,0,'2011-05-25 07:07:27',NULL,'1'),
(256,1,'CONEXIONES  SHC 40    1/2\"',255,'001',NULL,0,'2011-05-25 07:07:48',NULL,'1'),
(257,1,'CONEXIONES  SCH  40  3/4 \" ',255,'002',NULL,0,'2011-05-25 07:08:07',NULL,'1'),
(258,1,'CONEXIONES   SCH  40  1\" ',255,'003',NULL,0,'2011-05-25 07:08:30',NULL,'1'),
(259,1,'CONEXIONES  SCH  40  1  1/2\"',255,'004',NULL,0,'2011-05-25 07:09:17',NULL,'1'),
(260,1,'CONEXIONES  SCH 40  2\" ',255,'005',NULL,0,'2011-05-25 07:09:36',NULL,'1'),
(261,1,'CONEXIONES  SCH 40 2  1/2 \" ',255,'006',NULL,0,'2011-05-25 07:09:58',NULL,'1'),
(262,1,'CONEXIONES SCH 40    3\" ',255,'007',NULL,0,'2011-05-25 07:10:27',NULL,'1'),
(263,1,'CONEXIONES SCH 40  3/4\" ',246,'002',NULL,0,'2011-05-25 07:11:15',NULL,'1'),
(264,1,'CONEXIONES  SCH 40  1\"',246,'003',NULL,0,'2011-05-25 07:11:29',NULL,'1'),
(265,1,'CONEXIONES  SCH 40 1   1/2 \"',246,'004',NULL,0,'2011-05-25 07:11:50',NULL,'1'),
(266,1,'CONEXIONES  SCH 40  2\" ',246,'005',NULL,0,'2011-05-25 07:12:07',NULL,'1'),
(267,1,'CONEXIONES SCH 40 2  1/2\"',246,'006',NULL,0,'2011-05-25 07:12:33',NULL,'1'),
(268,1,'UNIONES SIMPLES ACERO INOXIDABLES  1/2',244,'001',NULL,0,'2011-05-25 07:14:23',NULL,'1'),
(269,1,'UNIONES  SIMPLES ACERO INOXIDABLES  3/4 ',244,'002',NULL,0,'2011-05-25 07:15:09',NULL,'1'),
(270,1,'UNIONES SIMPLES ACERO INOXIDABLES  1\" ',244,'003',NULL,0,'2011-05-25 07:15:35',NULL,'1'),
(271,1,'UNIONES SIMPLES ACERO INOXIDABLES 1  1/2 \"',244,'004',NULL,0,'2011-05-25 07:15:55',NULL,'1'),
(272,1,'UNIONES SIMPLES ACERO INOXIDABLES  2\"',244,'005',NULL,0,'2011-05-25 07:16:22',NULL,'1'),
(273,1,'CEMENTO ANDINO ',227,'001',NULL,0,'2011-05-25 07:21:17',NULL,'1'),
(274,1,'CEMENTO SOL VERDE ',227,'002',NULL,0,'2011-05-25 07:21:29',NULL,'1'),
(275,1,'CEMENTO ANDINO PORTLAND ',227,'003',NULL,0,'2011-05-25 07:21:43',NULL,'1'),
(276,1,'CERRADURAS CHAPAS YALE ',229,'001',NULL,29,'2011-05-25 07:22:37',NULL,'1'),
(277,1,'CANDADOS YALE ',229,'002',NULL,0,'2011-05-25 07:22:51',NULL,'1'),
(278,1,'CANDADOS  FORTE ',229,'003',NULL,4,'2011-05-25 07:23:06',NULL,'1'),
(279,1,'CANDADOS FORTE 25MM',278,'001',NULL,0,'2011-05-25 07:23:42',NULL,'0'),
(280,1,'CANDADO FORTE  DE 50MM ',279,'001',NULL,0,'2011-05-25 07:24:03',NULL,'0'),
(281,1,'CANDADO FORTE DE 60MM ',279,'002',NULL,0,'2011-05-25 07:24:22',NULL,'0'),
(282,1,'CANDADO FORTE DE 70MM ',279,'003',NULL,0,'2011-05-25 07:24:38',NULL,'0'),
(283,1,'CANDADO FORTE DE 75 MM ',279,'004',NULL,0,'2011-05-25 07:24:53',NULL,'0'),
(284,1,'CANDADO JUMBO DE 80MM FORTE ',279,'005',NULL,0,'2011-05-25 07:25:22',NULL,'0'),
(285,1,'HERRAMIENTA PARA PINTADO',0,'036',NULL,150,'2011-06-07 04:58:40',NULL,'1'),
(286,1,'PINTURAS',0,'037',NULL,57,'2011-06-08 21:16:50',NULL,'1'),
(287,1,'VALVULAS',0,'038',NULL,44,'2011-06-10 00:15:04',NULL,'1'),
(288,1,'VVV',0,'039',NULL,0,'2011-06-13 23:21:32',NULL,'0'),
(289,1,'UUU',0,'039',NULL,0,'2011-06-13 23:28:09',NULL,'0'),
(290,1,'AAA AAA',0,'039',NULL,0,'2011-06-13 23:28:36',NULL,'0'),
(291,1,'PEGAMENTOS Y ADHESIVOS',0,'039',NULL,249,'2011-06-15 20:35:18',NULL,'1'),
(292,1,'HERRAMIENTAS DE PERFORACION',0,'040',NULL,37,'2011-06-16 00:31:33',NULL,'1'),
(293,1,'HERRAMIENTAS PARA CONSTRUCCION',0,'041',NULL,42,'2011-06-16 23:01:53',NULL,'1'),
(294,1,'COMBA',114,'009',NULL,11,'2011-06-17 00:30:53',NULL,'1'),
(295,1,'CORTA CERAMICA Y REPUESTO',121,'019',NULL,7,'2011-06-17 00:32:13',NULL,'1'),
(296,1,'NIVEL DE ALUMINIO',116,'011',NULL,2,'2011-06-17 00:33:16',NULL,'0'),
(297,1,'HERRAMIENTAS PARA CARPINTERIA',0,'042',NULL,4,'2011-06-17 02:24:12',NULL,'1'),
(298,1,'HERRAMIENTAS DE JARDINERIA',0,'043',NULL,20,'2011-06-18 22:52:35',NULL,'1'),
(299,1,'PERNOS DE ANCLAJE',0,'044',NULL,3,'2011-07-05 22:06:51',NULL,'1'),
(300,1,'PERNOS DE SUJECCION ',0,'045',NULL,0,'2011-07-05 22:07:07',NULL,'1'),
(301,1,'GRIFERIAS ',0,'046',NULL,0,'2011-07-05 22:22:02',NULL,'1'),
(302,1,'GRIFERIAS CLASSIC  VAINSA ',301,'001',NULL,1,'2011-07-05 22:23:12',NULL,'1'),
(303,1,' LLAVES DE LAVADERO STD GIRATORIO \"L\" CON AEREADOR SIMPLE CROMO CLASSIC VAINSA PARA PARED ',302,'001',NULL,1,'2011-07-05 22:25:54',NULL,'0'),
(304,1,'PILAS ',0,'047',NULL,1,'2011-07-07 04:51:23',NULL,'1'),
(305,1,'WINCHAS DE 5MTS  STANLEY  X 3/4 ',235,'001',NULL,0,'2011-07-07 05:47:05',NULL,'0'),
(306,1,'TUBERIAS DE PVC ',0,'048',NULL,0,'2011-07-08 03:36:41',NULL,'1'),
(307,1,'TUBERIAS PVC AGUA FRIA',306,'001',NULL,0,'2011-07-08 03:37:08',NULL,'1'),
(308,1,'TUBERIAS  CPVC AGUA CALIENTE ',306,'002',NULL,0,'2011-07-08 03:37:37',NULL,'1'),
(309,1,'TUBERIAS PVC AGUA FRIA PRESION ',307,'001',NULL,15,'2011-07-08 03:40:05',NULL,'1'),
(310,1,'TUBERIAS PVC AGUA FRIA CON ROSCA',307,'002',NULL,0,'2011-07-08 03:40:48',NULL,'1'),
(311,1,'VARILLAS DE CONSTRUCCION ',55,'001',NULL,5,'2011-07-08 23:55:10',NULL,'1'),
(312,1,'PLANCHAS LUPUNA DE TRIPLAY 4X 8 X 4MM ',242,'001',NULL,1,'2011-07-09 00:52:52',NULL,'0'),
(313,1,'LLANTA Y ARO PARA CARRETILLA BUGGI  DE 6 LONAS ',222,'001',NULL,1,'2011-07-09 00:53:57',NULL,'1'),
(314,1,'PINTURAS ESMALTES MAESTRO ANIPSA ',286,'001',NULL,6,'2011-07-09 05:33:10',NULL,'1'),
(315,1,'PINTURA ESMALTE  MAESTRO ANIPSA COLOR VERDE CROMO',314,'001',NULL,0,'2011-07-09 05:33:55',NULL,'0'),
(316,1,'PINTURA ESMALTE MAESTRO ANIPSA COLOR BLANCO ',314,'002',NULL,0,'2011-07-09 05:36:38',NULL,'0'),
(317,1,'PINTURA TRAFICO MAESTRO ANIPSA',286,'002',NULL,1,'2011-07-09 05:41:38',NULL,'1'),
(318,1,'PINTURA TRAFICO COLOR AMARILLO MAESTRO ANIPSA ',314,'001',NULL,0,'2011-07-09 05:42:08',NULL,'0'),
(319,1,'PINTURA TRAFICO COLOR BLANCO MAESTRO  ANIPSA ',314,'002',NULL,0,'2011-07-09 05:42:28',NULL,'0'),
(320,1,'SOLVENTES ',0,'049',NULL,0,'2011-07-09 05:43:13',NULL,'1'),
(321,1,'SOLVENTES BENCINA ',320,'001',NULL,0,'2011-07-09 05:43:36',NULL,'1'),
(322,1,'SOLVENTES THINNER STD',320,'002',NULL,0,'2011-07-09 05:43:56',NULL,'0'),
(323,1,'THNINER',320,'002',NULL,3,'2011-07-09 05:44:28',NULL,'1'),
(324,1,'CALAMINAS FIBRAFIRTE  DE 1.10MM X 3MTS  X 22MM ',242,'002',NULL,0,'2011-07-13 03:31:19',NULL,'0'),
(325,1,'PLANCHAS DE FIBRAFORTE ',242,'002',NULL,0,'2011-07-13 03:31:54',NULL,'1'),
(326,1,'CODO PVC  CLASE 10   2 X 90  PARA PEGAR  PAVCO ',254,'001',NULL,0,'2011-07-13 03:33:07',NULL,'1'),
(327,1,'VARILLAS FE ',0,'050',NULL,1,'2011-07-13 03:48:27',NULL,'1'),
(328,1,'FIBRAFORTE',33,'005',NULL,3,'2011-07-13 03:58:20',NULL,'1'),
(329,1,'PINTURAS ESMALTE SINTETICO AZUL ACERO ',314,'001',NULL,0,'2011-07-13 04:42:23',NULL,'0'),
(330,1,'CLAVOS ',0,'051',NULL,0,'2011-07-14 01:06:52',NULL,'1'),
(331,1,'CLAVOS DE MADERA ',330,'001',NULL,0,'2011-07-14 01:07:12',NULL,'1'),
(332,1,'CLAVOS DE CALAMINAS ',330,'002',NULL,1,'2011-07-14 01:07:31',NULL,'1'),
(333,1,'TUBERIAS PVC DESAGUE ',306,'003',NULL,1,'2011-07-14 03:41:48',NULL,'1'),
(334,1,'PINTURAS GLOSS ANIPSA ',286,'003',NULL,1,'2011-07-14 06:57:43',NULL,'1'),
(335,1,'PINTURAS EPOXICAS X JGO 3 COMPONETES ',286,'004',NULL,1,'2011-07-14 07:12:30',NULL,'1'),
(336,1,'ESCOBILLAS ACERO INOXIDABLES ',121,'020',NULL,1,'2011-07-14 08:31:39',NULL,'1'),
(337,1,'AMOLADORA BOSCH MODELO 6WS 8-125  220V 800W - 125M 1100 RPM ',235,'001',NULL,0,'2011-07-16 03:58:01',NULL,'0'),
(338,1,'HERRAMIENTAS ELECTRICAS ',0,'052',NULL,1,'2011-07-16 04:00:11',NULL,'1'),
(339,1,'PLANCHAS LUPUNA DE TRIPLAY  4 X8  X 18MM ',242,'003',NULL,0,'2011-07-16 04:26:04',NULL,'0'),
(340,1,'PLANCHAS DE TRIPLAY LUPUNA ',242,'003',NULL,2,'2011-07-16 04:27:26',NULL,'1'),
(341,1,'PLANCHAS MULTIPLACA DE 4 X 8 X 4MM ETERNIT ',242,'004',NULL,0,'2011-07-18 21:30:30',NULL,'0'),
(342,1,'PLANCHAS DE MULTIPLACA ETERNIT',242,'004',NULL,1,'2011-07-18 21:31:55',NULL,'1'),
(343,1,'MAYOLICAS Y CERAMICOS ',0,'053',NULL,2,'2011-07-18 22:25:13',NULL,'1'),
(344,1,'PINTURA LATEX',286,'005',NULL,1,'2011-07-18 22:56:58',NULL,'1'),
(345,1,'CEMENTO BLANCO ',227,'004',NULL,0,'2011-07-18 23:31:19',NULL,'1'),
(346,1,'PORCELANA BLANCA',345,'001',NULL,1,'2011-07-18 23:31:43',NULL,'1'),
(347,1,'PLANCHAS DE POLICARBONATO  MAKROLON',33,'006','',1,'2011-07-20 03:30:31',NULL,'1'),
(348,1,'LOLO',0,'054','',0,'2014-09-24 04:20:50',NULL,'1');

/*Table structure for table `formapago` */

DROP TABLE IF EXISTS `formapago`;

CREATE TABLE `formapago` (
  `FORPAP_Codigo` int(11) NOT NULL AUTO_INCREMENT,
  `FORPAC_Descripcion` varchar(250) DEFAULT NULL,
  `FORPAC_FechaRegistro` timestamp NOT NULL DEFAULT CURRENT_TIMESTAMP,
  `FORPAC_FechaModificacion` datetime DEFAULT NULL,
  `FORPAC_FlagEstado` char(1) DEFAULT '1',
  PRIMARY KEY (`FORPAP_Codigo`)
) ENGINE=InnoDB AUTO_INCREMENT=13 DEFAULT CHARSET=utf8;

/*Data for the table `formapago` */

insert  into `formapago`(`FORPAP_Codigo`,`FORPAC_Descripcion`,`FORPAC_FechaRegistro`,`FORPAC_FechaModificacion`,`FORPAC_FlagEstado`) values 
(1,'Factura 7 dias','2011-01-13 12:00:03',NULL,'1'),
(2,'Factura 15 dias','2011-01-13 12:00:03',NULL,'1'),
(3,'Factura 30 dias','2011-01-13 12:00:03',NULL,'1'),
(4,'Letra 30 dias','2011-01-13 12:00:03',NULL,'1'),
(5,'Letra 45 dias','2011-01-13 12:00:03',NULL,'1'),
(6,'Letra 60 dias','2011-01-13 12:00:03',NULL,'1'),
(7,'Letra 90 dias','2011-01-13 12:00:03',NULL,'1'),
(8,'Cheque 45 - 60 dias','2011-01-13 12:00:03',NULL,'1'),
(9,'A CONVENIR','2011-01-13 12:00:03',NULL,'1'),
(10,'Ver glosa','2011-01-13 12:00:03',NULL,'1'),
(11,'Cheque 30 dias','2011-01-13 12:00:03',NULL,'1'),
(12,'DDD','2011-07-21 14:43:41',NULL,'1');

/*Table structure for table `guiain` */

DROP TABLE IF EXISTS `guiain`;

CREATE TABLE `guiain` (
  `GUIAINP_Codigo` int(11) NOT NULL AUTO_INCREMENT,
  `TIPOMOVP_Codigo` int(11) NOT NULL,
  `ALMAP_Codigo` int(11) NOT NULL,
  `USUA_Codigo` int(11) NOT NULL,
  `PROVP_Codigo` int(11) NOT NULL,
  `OCOMP_Codigo` int(11) NOT NULL,
  `DOCUP_Codigo` int(11) NOT NULL,
  `GUIAINC_NumeroRef` varchar(50) NOT NULL,
  `GUIAINC_Numero` varchar(10) DEFAULT NULL,
  `GUIAINC_Fecha` datetime DEFAULT NULL,
  `GUIAINC_FechaEmision` datetime NOT NULL,
  `GUIAINC_Observacion` varchar(45) DEFAULT NULL,
  `GUIAINC_MarcaPlaca` varchar(100) NOT NULL,
  `GUIAINC_Certificado` varchar(100) NOT NULL,
  `GUIAINC_Licencia` varchar(100) NOT NULL,
  `GUIAINC_RucTransportista` varchar(11) NOT NULL,
  `GUIAINC_NombreTransportista` varchar(150) NOT NULL,
  `GUIAINC_FechaRegistro` timestamp NOT NULL DEFAULT CURRENT_TIMESTAMP,
  `GUIAINC_FechaModificacion` datetime DEFAULT NULL,
  `GUIAINC_FlagEstado` char(1) NOT NULL DEFAULT '1',
  PRIMARY KEY (`GUIAINP_Codigo`),
  KEY `fk_almacen` (`ALMAP_Codigo`),
  KEY `fk_usuario` (`USUA_Codigo`),
  KEY `fk_cji_guiain_cji_tipomovimiento1` (`TIPOMOVP_Codigo`),
  KEY `FK_cji_guiain_cji_ordencompra` (`OCOMP_Codigo`),
  KEY `FK_cji_guiain_cji_proveedor` (`PROVP_Codigo`),
  KEY `FK_cji_guiain_cji_documento` (`DOCUP_Codigo`),
  CONSTRAINT `FK_cji_guiain_cji_ordencompra` FOREIGN KEY (`OCOMP_Codigo`) REFERENCES `ordencompra` (`OCOMP_Codigo`) ON DELETE NO ACTION ON UPDATE NO ACTION,
  CONSTRAINT `fk_almacen` FOREIGN KEY (`ALMAP_Codigo`) REFERENCES `almacen` (`ALMAP_Codigo`) ON DELETE NO ACTION ON UPDATE NO ACTION,
  CONSTRAINT `fk_cji_guiain_cji_tipomovimiento1` FOREIGN KEY (`TIPOMOVP_Codigo`) REFERENCES `tipomovimiento` (`TIPOMOVP_Codigo`) ON DELETE NO ACTION ON UPDATE NO ACTION,
  CONSTRAINT `fk_usuario` FOREIGN KEY (`USUA_Codigo`) REFERENCES `usuario` (`USUA_Codigo`) ON DELETE NO ACTION ON UPDATE NO ACTION,
  CONSTRAINT `guiain_ibfk_1` FOREIGN KEY (`PROVP_Codigo`) REFERENCES `proveedor` (`PROVP_Codigo`) ON DELETE NO ACTION ON UPDATE NO ACTION,
  CONSTRAINT `guiain_ibfk_2` FOREIGN KEY (`DOCUP_Codigo`) REFERENCES `documento` (`DOCUP_Codigo`) ON DELETE NO ACTION ON UPDATE NO ACTION
) ENGINE=InnoDB AUTO_INCREMENT=23 DEFAULT CHARSET=utf8;

/*Data for the table `guiain` */

insert  into `guiain`(`GUIAINP_Codigo`,`TIPOMOVP_Codigo`,`ALMAP_Codigo`,`USUA_Codigo`,`PROVP_Codigo`,`OCOMP_Codigo`,`DOCUP_Codigo`,`GUIAINC_NumeroRef`,`GUIAINC_Numero`,`GUIAINC_Fecha`,`GUIAINC_FechaEmision`,`GUIAINC_Observacion`,`GUIAINC_MarcaPlaca`,`GUIAINC_Certificado`,`GUIAINC_Licencia`,`GUIAINC_RucTransportista`,`GUIAINC_NombreTransportista`,`GUIAINC_FechaRegistro`,`GUIAINC_FechaModificacion`,`GUIAINC_FlagEstado`) values 
(1,3,1,7,20,35,10,'','5','2011-07-09 00:00:00','0000-00-00 00:00:00','eqweqwe','','','','','','2011-07-09 20:44:12',NULL,'1'),
(2,3,1,7,20,35,10,'','6','2011-07-09 00:00:00','0000-00-00 00:00:00','sadad','','','','','','2011-07-09 20:45:41',NULL,'1'),
(3,3,1,7,13,34,10,'','7','2011-07-09 00:00:00','0000-00-00 00:00:00','','','','','','','2011-07-09 20:46:30',NULL,'1'),
(4,3,1,7,66,29,10,'','8','2011-07-09 00:00:00','0000-00-00 00:00:00','','','','','','','2011-07-09 20:47:11',NULL,'1'),
(5,3,1,7,20,35,10,'','9','2011-07-09 00:00:00','0000-00-00 00:00:00','sfsfsfsdf','','','','','','2011-07-09 22:59:27',NULL,'1'),
(6,3,1,7,13,65,10,'','10','2011-07-20 00:00:00','0000-00-00 00:00:00','','','','','','','2011-07-20 00:00:16',NULL,'1'),
(7,3,2,7,29,71,10,'','11','2011-07-20 00:00:00','0000-00-00 00:00:00','SDFSDF','','','','','','2011-07-20 14:16:17',NULL,'1'),
(8,3,2,7,24,72,10,'','12','2011-07-21 00:00:00','0000-00-00 00:00:00','','','','','','','2011-07-21 14:16:30',NULL,'1'),
(9,3,2,7,54,73,10,'','13','2011-07-21 00:00:00','0000-00-00 00:00:00','','','','','','','2011-07-21 14:34:19',NULL,'1'),
(10,3,1,7,37,74,10,'',NULL,'2011-07-21 00:00:00','0000-00-00 00:00:00','dfg','','','','','','2011-07-21 15:14:55',NULL,'1'),
(11,3,2,7,45,75,10,'','15','2011-07-21 00:00:00','0000-00-00 00:00:00','adfs','','','','','','2011-07-21 15:17:45',NULL,'1'),
(14,3,1,7,29,78,10,'','18','2011-07-21 00:00:00','0000-00-00 00:00:00','','','','','','','2011-07-21 16:56:19',NULL,'1'),
(15,3,1,7,51,79,10,'','19','2011-07-22 00:00:00','0000-00-00 00:00:00','','','','','','','2011-07-22 09:04:11',NULL,'1'),
(16,3,1,7,9,80,10,'','20','2011-07-22 00:00:00','0000-00-00 00:00:00','','','','','','','2011-07-22 10:05:52',NULL,'1'),
(17,3,1,7,23,81,10,'','21','2011-07-22 00:00:00','0000-00-00 00:00:00','dfgdfgdfg','','','','','','2011-07-22 10:12:00',NULL,'1'),
(18,3,1,7,31,82,10,'','22','2011-07-22 00:00:00','0000-00-00 00:00:00','jñjklñ','','','','','','2011-07-22 10:49:39','2011-07-22 11:51:39','1'),
(19,3,1,7,14,83,10,'','23','2011-07-22 00:00:00','0000-00-00 00:00:00','','','','','','','2011-07-22 11:34:09',NULL,'1'),
(20,3,1,7,54,84,10,'','24','2011-07-22 00:00:00','0000-00-00 00:00:00','','','','','','','2011-07-22 11:58:56','2011-07-22 12:59:31','1'),
(21,3,1,7,44,85,10,'','25','2011-07-22 00:00:00','0000-00-00 00:00:00','asdasd','','','','','','2011-07-22 12:19:23',NULL,'1'),
(22,3,1,7,44,86,10,'','26','2011-07-22 00:00:00','0000-00-00 00:00:00','123132','','','','','','2011-07-22 12:22:12','2011-07-22 01:22:41','1');

/*Table structure for table `guiaindetalle` */

DROP TABLE IF EXISTS `guiaindetalle`;

CREATE TABLE `guiaindetalle` (
  `GUIAINDETP_Codigo` int(11) NOT NULL AUTO_INCREMENT,
  `GUIAINP_Codigo` int(11) NOT NULL,
  `PRODCTOP_Codigo` int(11) NOT NULL,
  `UNDMED_Codigo` int(11) NOT NULL,
  `GUIIAINDETC_GenInd` char(1) NOT NULL DEFAULT 'G' COMMENT 'G:Generico; I indiviual',
  `GUIAINDETC_Cantidad` double DEFAULT '0',
  `GUIAINDETC_Costo` double DEFAULT '0',
  `GUIAINDETC_FechaRegistro` timestamp NOT NULL DEFAULT CURRENT_TIMESTAMP,
  `GUIAINDET_FechaModificacion` datetime DEFAULT NULL,
  `GUIAINDETC_FlagEstado` char(1) DEFAULT NULL,
  PRIMARY KEY (`GUIAINDETP_Codigo`),
  KEY `fk_cji_guiaindetalle_cji_guiain1` (`GUIAINP_Codigo`),
  KEY `fk_cji_guiaindetalle_cji_producto` (`PRODCTOP_Codigo`),
  KEY `fk_cji_guiaindetalle_cji_unidadmedida` (`UNDMED_Codigo`),
  CONSTRAINT `fk_cji_guiaindetalle_cji_guiain1` FOREIGN KEY (`GUIAINP_Codigo`) REFERENCES `guiain` (`GUIAINP_Codigo`) ON DELETE NO ACTION ON UPDATE NO ACTION,
  CONSTRAINT `fk_cji_guiaindetalle_cji_producto` FOREIGN KEY (`PRODCTOP_Codigo`) REFERENCES `producto` (`PROD_Codigo`) ON DELETE NO ACTION ON UPDATE NO ACTION,
  CONSTRAINT `guiaindetalle_ibfk_1` FOREIGN KEY (`UNDMED_Codigo`) REFERENCES `unidadmedida` (`UNDMED_Codigo`) ON DELETE NO ACTION ON UPDATE NO ACTION
) ENGINE=InnoDB AUTO_INCREMENT=46 DEFAULT CHARSET=utf8;

/*Data for the table `guiaindetalle` */

insert  into `guiaindetalle`(`GUIAINDETP_Codigo`,`GUIAINP_Codigo`,`PRODCTOP_Codigo`,`UNDMED_Codigo`,`GUIIAINDETC_GenInd`,`GUIAINDETC_Cantidad`,`GUIAINDETC_Costo`,`GUIAINDETC_FechaRegistro`,`GUIAINDET_FechaModificacion`,`GUIAINDETC_FlagEstado`) values 
(1,1,1057,9,'G',4,22,'2011-07-09 20:44:13',NULL,NULL),
(2,3,1055,1,'G',100,1.11,'2011-07-09 20:46:31',NULL,NULL),
(3,4,1029,7,'G',500,0.02975,'2011-07-09 20:47:12',NULL,NULL),
(4,4,1028,16,'G',500,0.1207,'2011-07-09 20:47:13',NULL,NULL),
(5,4,1030,7,'G',1000,0.0153,'2011-07-09 20:47:15',NULL,NULL),
(6,4,1031,7,'G',1000,0.0323,'2011-07-09 20:47:16',NULL,NULL),
(7,4,1032,7,'G',1000,0.0807,'2011-07-09 20:47:18',NULL,NULL),
(8,4,1033,7,'G',2000,0.01955,'2011-07-09 20:47:19',NULL,NULL),
(9,5,1057,9,'G',4,22,'2011-07-09 22:59:27',NULL,NULL),
(10,5,1056,9,'G',5,22,'2011-07-09 22:59:27',NULL,NULL),
(11,5,1060,9,'G',4,31.36,'2011-07-09 22:59:27',NULL,NULL),
(12,6,1121,16,'G',6,21.61,'2011-07-20 00:00:17',NULL,NULL),
(13,6,1050,16,'G',25,13.53,'2011-07-20 00:00:33',NULL,NULL),
(14,7,948,16,'G',12,8,'2011-07-20 14:16:17',NULL,NULL),
(15,7,110,7,'I',6,3,'2011-07-20 14:16:17',NULL,NULL),
(16,8,110,7,'I',11,2.3,'2011-07-21 14:16:30',NULL,NULL),
(17,9,110,7,'I',10,1.8,'2011-07-21 14:34:19',NULL,NULL),
(18,10,526,7,'G',20,2.2,'2011-07-21 15:14:55',NULL,NULL),
(19,11,80,7,'G',18,2.2,'2011-07-21 15:17:45',NULL,NULL),
(31,14,934,16,'G',4,3.9,'2011-07-21 16:56:19',NULL,NULL),
(32,15,526,7,'G',25,1.8,'2011-07-22 09:04:11',NULL,NULL),
(33,16,934,16,'G',17,5.8,'2011-07-22 10:05:52',NULL,NULL),
(34,17,80,7,'G',11,8.6,'2011-07-22 10:12:00',NULL,NULL),
(37,18,1064,16,'G',36,8.9,'2011-07-22 10:51:15',NULL,NULL),
(38,19,526,7,'G',12,8.6,'2011-07-22 11:34:09',NULL,NULL),
(41,20,934,16,'G',35,15.3,'2011-07-22 11:59:08',NULL,NULL),
(42,20,1055,1,'G',11,8.9,'2011-07-22 11:59:08',NULL,NULL),
(43,21,934,16,'G',58,8.9,'2011-07-22 12:19:23',NULL,NULL),
(45,22,934,16,'G',24,8.9,'2011-07-22 12:22:17',NULL,NULL);

/*Table structure for table `guiarem` */

DROP TABLE IF EXISTS `guiarem`;

CREATE TABLE `guiarem` (
  `GUIAREMP_Codigo` int(11) NOT NULL AUTO_INCREMENT,
  `TIPOMOVP_Codigo` int(11) NOT NULL,
  `ALMAP_Codigo` int(11) NOT NULL,
  `USUA_Codigo` int(11) NOT NULL,
  `CLIP_Codigo` int(11) NOT NULL,
  `GUIASAP_Codigo` int(11) NOT NULL,
  `COMPP_Codigo` int(11) NOT NULL,
  `DOCUP_Codigo` int(11) NOT NULL,
  `GUIAREMC_Fecha` date DEFAULT NULL,
  `GUIAREMC_NumeroRef` varchar(50) DEFAULT NULL,
  `GUIAREMC_Numero` varchar(10) DEFAULT NULL,
  `GUIAREMC_FechaTraslado` date DEFAULT NULL,
  `GUIAREMC_DirEntrega` varchar(150) DEFAULT NULL,
  `GUIAREMC_Observacion` varchar(45) DEFAULT NULL,
  `GUIAREMC_MarcaPlaca` varchar(100) DEFAULT NULL,
  `GUIAREMC_Certificado` varchar(100) DEFAULT NULL,
  `GUIAREMC_Licencia` varchar(100) DEFAULT NULL,
  `GUIAREMC_RucTransportista` varchar(11) DEFAULT NULL,
  `GUIAREMC_NombreTransportista` varchar(150) DEFAULT NULL,
  `GUIAREMC_FechaRegistro` timestamp NOT NULL DEFAULT CURRENT_TIMESTAMP,
  `GUIAREMC_FechaModificacion` datetime DEFAULT NULL,
  `GUIAREMC_FlagEstado` char(1) NOT NULL DEFAULT '1',
  PRIMARY KEY (`GUIAREMP_Codigo`),
  KEY `index2` (`ALMAP_Codigo`),
  KEY `fk_almacen` (`ALMAP_Codigo`),
  KEY `fk_usuario` (`USUA_Codigo`),
  KEY `fk_cji_guiain_cji_tipomovimiento1` (`TIPOMOVP_Codigo`),
  KEY `fk_cji_guiarem_cji_cliente1` (`CLIP_Codigo`),
  KEY `fk_cji_guiarem_cji_guiasa` (`GUIASAP_Codigo`),
  KEY `FK_guiarem_compania` (`COMPP_Codigo`),
  KEY `FK_guiarem_documento` (`DOCUP_Codigo`),
  CONSTRAINT `FK_guiarem_compania` FOREIGN KEY (`COMPP_Codigo`) REFERENCES `compania` (`COMPP_Codigo`) ON DELETE NO ACTION ON UPDATE NO ACTION,
  CONSTRAINT `FK_guiarem_documento` FOREIGN KEY (`DOCUP_Codigo`) REFERENCES `documento` (`DOCUP_Codigo`) ON DELETE NO ACTION ON UPDATE NO ACTION,
  CONSTRAINT `fk_almacen1` FOREIGN KEY (`ALMAP_Codigo`) REFERENCES `almacen` (`ALMAP_Codigo`) ON DELETE NO ACTION ON UPDATE NO ACTION,
  CONSTRAINT `fk_cji_guiain_cji_tipomovimiento11` FOREIGN KEY (`TIPOMOVP_Codigo`) REFERENCES `tipomovimiento` (`TIPOMOVP_Codigo`) ON DELETE NO ACTION ON UPDATE NO ACTION,
  CONSTRAINT `fk_cji_guiarem_cji_cliente1` FOREIGN KEY (`CLIP_Codigo`) REFERENCES `cliente` (`CLIP_Codigo`) ON DELETE NO ACTION ON UPDATE NO ACTION,
  CONSTRAINT `fk_usuario1` FOREIGN KEY (`USUA_Codigo`) REFERENCES `usuario` (`USUA_Codigo`) ON DELETE NO ACTION ON UPDATE NO ACTION,
  CONSTRAINT `guiarem_ibfk_1` FOREIGN KEY (`GUIASAP_Codigo`) REFERENCES `guiasa` (`GUIASAP_Codigo`) ON DELETE NO ACTION ON UPDATE NO ACTION
) ENGINE=InnoDB AUTO_INCREMENT=24 DEFAULT CHARSET=utf8;

/*Data for the table `guiarem` */

insert  into `guiarem`(`GUIAREMP_Codigo`,`TIPOMOVP_Codigo`,`ALMAP_Codigo`,`USUA_Codigo`,`CLIP_Codigo`,`GUIASAP_Codigo`,`COMPP_Codigo`,`DOCUP_Codigo`,`GUIAREMC_Fecha`,`GUIAREMC_NumeroRef`,`GUIAREMC_Numero`,`GUIAREMC_FechaTraslado`,`GUIAREMC_DirEntrega`,`GUIAREMC_Observacion`,`GUIAREMC_MarcaPlaca`,`GUIAREMC_Certificado`,`GUIAREMC_Licencia`,`GUIAREMC_RucTransportista`,`GUIAREMC_NombreTransportista`,`GUIAREMC_FechaRegistro`,`GUIAREMC_FechaModificacion`,`GUIAREMC_FlagEstado`) values 
(1,1,1,10,11,1,1,8,NULL,'','22','2011-07-04','0','','','','','','','2011-07-15 23:00:00',NULL,'1'),
(2,1,1,7,4,7,1,8,'2011-07-20','','23','0000-00-00','0','sadfsadf','','','','','','2011-07-19 23:00:00',NULL,'1'),
(3,12,1,7,18,8,1,8,'2011-07-20','001-529859','24','2011-07-07','0','fasdfasdfasdf FGWER','ewrwer','324ERWERWE','fafdr324','54564654654','FERRESAT S','2011-07-19 23:00:00',NULL,'1'),
(4,1,1,7,7,9,1,8,'2011-07-20','001-623','25','2011-07-01','0','asdfasdf','HYUNDAI GG','ASDF324324','FDA324324F','34234234342','ferresat','2011-07-19 23:00:00',NULL,'1'),
(5,1,2,7,25,10,1,8,'2011-07-21','','26','2011-07-13','0','','','','','','','2011-07-20 23:00:00',NULL,'1'),
(6,1,1,7,10,11,1,8,'2011-07-21','','7821','0000-00-00','0','ertert','','','','','','2011-07-20 23:00:00',NULL,'1'),
(7,1,2,7,17,17,1,8,'2011-07-21','','7822','0000-00-00','0','dsadasd','','','','','','2011-07-20 23:00:00',NULL,'1'),
(8,1,2,7,9,19,1,8,'2011-07-21','','7823','0000-00-00','0','','','','','','','2011-07-20 23:00:00',NULL,'1'),
(9,1,2,7,1,20,1,8,'2011-07-21','','7824','0000-00-00','0','asdfsadfasdf','','','','','','2011-07-20 23:00:00',NULL,'1'),
(10,1,2,7,4,21,1,8,'2011-07-21','','7825','0000-00-00','0','asdfsadf','','','','','','2011-07-20 23:00:00',NULL,'1'),
(11,1,2,7,20,24,1,8,'2011-07-21','','7826','0000-00-00','0','asdf','','','','','','2011-07-20 23:00:00',NULL,'1'),
(12,1,1,7,2,47,1,8,'2011-07-22','','7827','0000-00-00','0','zxcv','','','','','','2011-07-21 23:00:00',NULL,'1'),
(13,1,1,7,26,48,1,8,'2011-07-22','','7828','0000-00-00','0','sdfsdfs','','','','','','2011-07-21 23:00:00',NULL,'1'),
(20,1,1,7,10,55,1,8,'2011-07-22','','7835','2011-08-12','0','asdasdasd','','','','','','2011-07-21 23:00:00',NULL,'1'),
(21,1,1,7,5,56,1,8,'2011-07-22','','7836','2011-08-12','0','dsa fsdaf asdfasdf','','','','','','2011-07-21 23:00:00',NULL,'1'),
(22,1,1,7,21,58,1,8,'2011-08-15','001-25487','7837','2011-08-16','118','gdfgdfgfdg','','','','20508309342','FERRESAT S.R.L.','2011-08-15 00:00:00',NULL,'1'),
(23,1,1,7,15,59,1,8,'2011-08-16','','7838','2011-08-17','jr/mariano angulo/1975//lima','asdfasfd','','','','20508309342','FERRESAT S.R.L.','2011-08-16 00:00:00',NULL,'1');

/*Table structure for table `guiaremdetalle` */

DROP TABLE IF EXISTS `guiaremdetalle`;

CREATE TABLE `guiaremdetalle` (
  `GUIAREMDETP_Codigo` int(11) NOT NULL AUTO_INCREMENT,
  `COMPP_Codigo` int(11) NOT NULL,
  `PROD_Codigo` int(11) NOT NULL,
  `UNDMED_Codigo` int(11) NOT NULL,
  `GUIAREMP_Codigo` int(11) NOT NULL,
  `GUIAREMDETC_GenInd` char(1) NOT NULL DEFAULT 'G' COMMENT 'G:Generico; I indiviual',
  `GUIAREMDETC_Cantidad` varchar(45) DEFAULT NULL,
  `GUIAREMDETC_Costo` double DEFAULT NULL,
  `GUIAREMDETC_Venta` double DEFAULT NULL,
  `GUIAREMDETC_Peso` double DEFAULT NULL,
  `GUIAREMDETC_Descripcion` varchar(250) DEFAULT NULL,
  `GUIAREMDETC_FechaRegistro` timestamp NOT NULL DEFAULT CURRENT_TIMESTAMP,
  `GUIAREMDET_FechaModificacion` datetime DEFAULT NULL,
  `GUIAREMDETC_FlagEstado` char(1) NOT NULL DEFAULT '1',
  PRIMARY KEY (`GUIAREMDETP_Codigo`),
  KEY `fk_cji_guiaindetalle_cji_producto` (`PROD_Codigo`),
  KEY `fk_cji_unidadmedida` (`UNDMED_Codigo`),
  KEY `fk_cji_guiaremdetalle_cji_guiarem1` (`GUIAREMP_Codigo`),
  KEY `FK_guiaremdetalle_compania` (`COMPP_Codigo`),
  CONSTRAINT `FK_guiaremdetalle_compania` FOREIGN KEY (`COMPP_Codigo`) REFERENCES `compania` (`COMPP_Codigo`) ON DELETE NO ACTION ON UPDATE NO ACTION,
  CONSTRAINT `f00` FOREIGN KEY (`UNDMED_Codigo`) REFERENCES `unidadmedida` (`UNDMED_Codigo`) ON DELETE NO ACTION ON UPDATE NO ACTION,
  CONSTRAINT `fk_cji_guiaindetalle_cji_producto00` FOREIGN KEY (`PROD_Codigo`) REFERENCES `producto` (`PROD_Codigo`) ON DELETE NO ACTION ON UPDATE NO ACTION,
  CONSTRAINT `fk_cji_guiaremdetalle_cji_guiarem1` FOREIGN KEY (`GUIAREMP_Codigo`) REFERENCES `guiarem` (`GUIAREMP_Codigo`) ON DELETE NO ACTION ON UPDATE NO ACTION
) ENGINE=InnoDB AUTO_INCREMENT=37 DEFAULT CHARSET=utf8;

/*Data for the table `guiaremdetalle` */

insert  into `guiaremdetalle`(`GUIAREMDETP_Codigo`,`COMPP_Codigo`,`PROD_Codigo`,`UNDMED_Codigo`,`GUIAREMP_Codigo`,`GUIAREMDETC_GenInd`,`GUIAREMDETC_Cantidad`,`GUIAREMDETC_Costo`,`GUIAREMDETC_Venta`,`GUIAREMDETC_Peso`,`GUIAREMDETC_Descripcion`,`GUIAREMDETC_FechaRegistro`,`GUIAREMDET_FechaModificacion`,`GUIAREMDETC_FlagEstado`) values 
(1,1,922,16,1,'G','10',0,0,0,'COMBA CON MANGO 10LB','2011-07-16 07:21:28',NULL,'1'),
(2,1,1121,16,2,'G','3',21.61,0,0,'VARILLAS DE FIERRO CONSTRUCCION  FE NE 1/2 ACEROS AREQUIPA ','2011-07-20 19:30:04',NULL,'1'),
(3,1,1050,16,2,'G','22',13.53,0,0,'VARILLA DE CONSTRUCCION DE 3/8\"','2011-07-20 19:30:04',NULL,'1'),
(4,1,1030,7,3,'G','800',0.0153,0,0,'ARANDELAS PLANA INOXIDABLES C304 M5','2011-07-20 19:31:24',NULL,'1'),
(5,1,1121,16,3,'G','3',21.61,0,0,'VARILLAS DE FIERRO CONSTRUCCION  FE NE 1/2 ACEROS AREQUIPA ','2011-07-20 19:31:24',NULL,'1'),
(6,1,1029,7,3,'G','5',0.02975,0,0,'TUERCAS HEXAGONALES  UNC INOXIDABLES C 304 M 5','2011-07-20 19:31:24',NULL,'1'),
(7,1,1056,9,4,'G','2',22,0,0,'PINTURAS ESMALTES MAESTRO COLOR VERDE CROMO ANIPSA','2011-07-20 19:31:49',NULL,'1'),
(8,1,948,16,5,'G','5',8,0,0,'AZUELA 3.1/2\" X 7.1/2\" CON MANGO THOR 77275/204','2011-07-21 09:57:02',NULL,'1'),
(9,1,1029,7,6,'G','3',0.02975,0,0,'TUERCAS HEXAGONALES  UNC INOXIDABLES C 304 M 5','2011-07-21 09:57:58',NULL,'1'),
(10,1,110,7,7,'G','2',0,0,0,' BROCHA TUMI NYLON 5','2011-07-21 14:13:22',NULL,'1'),
(11,1,110,7,8,'G','2',2.8111111111111,0,0,' BROCHA TUMI NYLON 5','2011-07-21 14:17:54',NULL,'1'),
(12,1,110,7,9,'G','3',2.8111111111111,0,0,' BROCHA TUMI NYLON 5','2011-07-21 14:21:36',NULL,'1'),
(13,1,110,7,10,'G','2',2.8111111111111,0,0,' BROCHA TUMI NYLON 5','2011-07-21 14:24:51',NULL,'1'),
(14,1,110,7,11,'I','3',1.8,0,0,' BROCHA TUMI NYLON 5','2011-07-21 14:35:17',NULL,'1'),
(15,1,526,7,12,'G','10',8.6,0,0,'ABRALOX GR. 220  2','2011-07-22 11:43:58',NULL,'1'),
(17,1,526,7,13,'','11',8.6,0,0,'ABRALOX GR. 220  2','2011-07-22 11:48:39',NULL,'1'),
(33,1,934,16,20,'G','20',8.9,0,0,'ZAPAPICO SIN MANGO 5LB 070150','2011-08-13 01:24:01',NULL,'1'),
(34,1,934,16,22,'G','20',8.9,0,0,'ZAPAPICO SIN MANGO 5LB 070150','2011-08-16 05:32:16',NULL,'1'),
(36,1,934,16,23,'G','12',8.9,0,0,'ZAPAPICO SIN MANGO 5LB 070150','2011-08-17 06:19:23',NULL,'1');

/*Table structure for table `guiasa` */

DROP TABLE IF EXISTS `guiasa`;

CREATE TABLE `guiasa` (
  `GUIASAP_Codigo` int(11) NOT NULL AUTO_INCREMENT,
  `TIPOMOVP_Codigo` int(11) NOT NULL,
  `ALMAP_Codigo` int(11) NOT NULL,
  `USUA_Codigo` int(11) NOT NULL,
  `CLIP_Codigo` int(11) NOT NULL,
  `GUIASAC_Fecha` date DEFAULT NULL,
  `GUIASAC_Numero` varchar(10) DEFAULT NULL,
  `GUIASAC_Observacion` varchar(45) DEFAULT NULL,
  `GUIASAC_FechaRegistro` timestamp NULL DEFAULT CURRENT_TIMESTAMP,
  `GUIASAC_FechaModificacion` datetime DEFAULT NULL,
  `GUIASAC_FlagEstado` char(1) NOT NULL DEFAULT '1',
  PRIMARY KEY (`GUIASAP_Codigo`),
  KEY `index2` (`ALMAP_Codigo`),
  KEY `fk_almacen` (`ALMAP_Codigo`),
  KEY `fk_usuario` (`USUA_Codigo`),
  KEY `fk_cji_guiain_cji_tipomovimiento1` (`TIPOMOVP_Codigo`),
  KEY `fk_cji_guiasa_cji_cliente1` (`CLIP_Codigo`),
  CONSTRAINT `fk_almacen0` FOREIGN KEY (`ALMAP_Codigo`) REFERENCES `almacen` (`ALMAP_Codigo`) ON DELETE NO ACTION ON UPDATE NO ACTION,
  CONSTRAINT `fk_cji_guiain_cji_tipomovimiento10` FOREIGN KEY (`TIPOMOVP_Codigo`) REFERENCES `tipomovimiento` (`TIPOMOVP_Codigo`) ON DELETE NO ACTION ON UPDATE NO ACTION,
  CONSTRAINT `fk_cji_guiasa_cji_cliente1` FOREIGN KEY (`CLIP_Codigo`) REFERENCES `cliente` (`CLIP_Codigo`) ON DELETE NO ACTION ON UPDATE NO ACTION,
  CONSTRAINT `fk_usuario0` FOREIGN KEY (`USUA_Codigo`) REFERENCES `usuario` (`USUA_Codigo`) ON DELETE NO ACTION ON UPDATE NO ACTION
) ENGINE=InnoDB AUTO_INCREMENT=60 DEFAULT CHARSET=utf8;

/*Data for the table `guiasa` */

insert  into `guiasa`(`GUIASAP_Codigo`,`TIPOMOVP_Codigo`,`ALMAP_Codigo`,`USUA_Codigo`,`CLIP_Codigo`,`GUIASAC_Fecha`,`GUIASAC_Numero`,`GUIASAC_Observacion`,`GUIASAC_FechaRegistro`,`GUIASAC_FechaModificacion`,`GUIASAC_FlagEstado`) values 
(1,1,1,7,17,NULL,'3','dfsadfsadf fewrw','2011-07-08 23:00:00',NULL,'1'),
(2,1,1,7,4,NULL,'4','asdasd','2011-07-08 23:00:00',NULL,'1'),
(3,1,1,7,25,NULL,'5','asdasd','2011-07-08 23:00:00',NULL,'1'),
(4,1,1,7,25,NULL,'6','fdgdfg','2011-07-08 23:00:00',NULL,'1'),
(5,1,1,7,25,NULL,'7','gk','2011-07-19 23:00:00',NULL,'1'),
(6,9,1,7,1,NULL,'8','klñjlñjklñ','2011-07-19 23:00:00',NULL,'1'),
(7,1,1,7,4,'2011-07-20','9','sadfsadf','2011-07-20 19:30:04',NULL,'1'),
(8,1,1,7,18,'2011-07-20','10','fasdfasdfasdf','2011-07-20 19:31:23',NULL,'1'),
(9,1,1,7,7,'2011-07-20','11','asdfasdf','2011-07-20 19:31:49',NULL,'1'),
(10,1,2,7,25,'2011-07-21','12','','2011-07-21 09:57:01',NULL,'1'),
(11,1,1,7,10,'2011-07-21','13','ertert','2011-07-21 09:57:57',NULL,'1'),
(12,1,2,7,9,NULL,'14','dfsd fdsa','2011-07-20 23:00:00',NULL,'1'),
(13,1,2,7,7,NULL,'15','dafd ddsd','2011-07-20 23:00:00',NULL,'1'),
(14,1,2,7,23,NULL,'16','ads fdsaf sd','2011-07-20 23:00:00',NULL,'1'),
(15,1,2,7,2,NULL,'17','dsadsdad','2011-07-20 23:00:00',NULL,'1'),
(16,1,2,7,16,NULL,'18','asdf','2011-07-20 23:00:00',NULL,'1'),
(17,1,2,7,17,'2011-07-21','19','dsadasd','2011-07-21 14:13:22',NULL,'1'),
(18,1,2,7,21,NULL,'20','asdfasdfasdf','2011-07-20 23:00:00',NULL,'1'),
(19,1,2,7,9,'2011-07-21','21','','2011-07-21 14:17:53',NULL,'1'),
(20,1,2,7,1,'2011-07-21','22','asdfsadfasdf','2011-07-21 14:21:36',NULL,'1'),
(21,1,2,7,4,'2011-07-21','23','asdfsadf','2011-07-21 14:24:51',NULL,'1'),
(22,1,2,7,24,'2011-07-21','24','jñjñkljñ','2011-07-21 14:32:12',NULL,'1'),
(23,1,2,7,20,NULL,'25','asdfasdf','2011-07-20 23:00:00',NULL,'1'),
(24,1,2,7,20,'2011-07-21','26','asdf','2011-07-21 14:35:17',NULL,'1'),
(25,1,2,7,2,NULL,'27','asdf fdasdf','2011-07-20 23:00:00',NULL,'1'),
(26,1,1,7,10,'2011-07-21','28','yuytu uyt u','2011-07-20 23:00:00',NULL,'1'),
(27,1,1,7,2,'2011-07-21','29','dfasdf fdsa fsda','2011-07-20 23:00:00',NULL,'1'),
(28,1,1,7,12,'2011-07-21','30','lñkñk','2011-07-20 23:00:00',NULL,'1'),
(29,1,2,7,16,'2011-07-21','31','123','2011-07-20 23:00:00',NULL,'1'),
(30,1,1,7,5,'2011-07-21','32','asdf','2011-07-20 23:00:00',NULL,'1'),
(31,1,1,7,12,'2011-07-21','33','dfhdfh','2011-07-20 23:00:00',NULL,'1'),
(32,12,1,7,2,'2011-07-21','34','dsfa','2011-07-20 23:00:00',NULL,'1'),
(33,1,2,7,17,'2011-07-21','35','sdaf','2011-07-20 23:00:00',NULL,'1'),
(34,1,2,7,13,'2011-07-21','36','sas','2011-07-20 23:00:00',NULL,'1'),
(35,1,1,7,2,'2011-07-21','37','asdf','2011-07-20 23:00:00',NULL,'1'),
(36,1,1,7,16,'2011-07-22','38','dfs','2011-07-21 23:00:00',NULL,'1'),
(37,1,1,7,2,'2011-07-22','39','sdfsdf','2011-07-21 23:00:00',NULL,'1'),
(38,1,1,7,25,'2011-07-22','40','zXCZXC','2011-07-21 23:00:00',NULL,'1'),
(39,1,1,7,20,'2011-07-22','41','xcdffsfs','2011-07-21 23:00:00',NULL,'1'),
(40,1,1,7,7,'2011-07-22','42','ads dsa dsadsa dsa bbb','2011-07-21 23:00:00',NULL,'1'),
(41,1,1,7,25,'2011-07-22','43','','2011-07-21 23:00:00',NULL,'1'),
(42,1,1,7,26,'2011-07-22','44',' b b ','2011-07-21 23:00:00',NULL,'1'),
(43,1,1,7,5,'2011-07-22','45','asdf','2011-07-21 23:00:00',NULL,'1'),
(44,1,1,7,25,'2011-07-22','46','asd','2011-07-21 23:00:00',NULL,'1'),
(47,1,1,7,2,'2011-07-22','49','zxcv','2011-07-22 11:43:58',NULL,'1'),
(48,1,1,7,26,'2011-07-22','50','sdfsdfs','2011-07-22 11:47:10',NULL,'1'),
(51,1,1,7,2,'2011-07-22','53','xcvzxcv','2011-07-22 12:03:40',NULL,'1'),
(55,1,1,7,10,'2011-07-22','57','asdasdasd','2011-07-22 12:20:06',NULL,'1'),
(56,1,1,7,5,'2011-07-22','58','dsa fsdaf asdfasdf','2011-07-22 12:23:20',NULL,'1'),
(57,1,1,7,21,'2011-08-15','59','dfgfdgf','2011-08-16 05:30:19',NULL,'1'),
(58,1,1,7,21,'2011-08-15','60','gdfgdfgfdg','2011-08-16 05:32:16',NULL,'1'),
(59,1,1,7,15,'2011-08-16','61','asdfasfd','2011-08-17 06:14:29',NULL,'1');

/*Table structure for table `guiasadetalle` */

DROP TABLE IF EXISTS `guiasadetalle`;

CREATE TABLE `guiasadetalle` (
  `GUIASADETP_Codigo` int(11) NOT NULL AUTO_INCREMENT,
  `GUIASAP_Codigo` int(11) NOT NULL,
  `PRODCTOP_Codigo` int(11) NOT NULL,
  `UNDMED_Codigo` int(11) NOT NULL,
  `GUIASADETC_GenInd` char(1) NOT NULL DEFAULT 'G' COMMENT 'G:Generico; I indiviual',
  `GUIASADETC_Cantidad` varchar(45) DEFAULT NULL,
  `GUIASADETC_Costo` varchar(45) DEFAULT NULL,
  `GUIASADETC_Descripcion` varchar(300) DEFAULT NULL,
  `GUIASADETC_FechaRegistro` timestamp NOT NULL DEFAULT CURRENT_TIMESTAMP,
  `GUIASADET_FechaModificacion` datetime DEFAULT NULL,
  `GUIASADETC_FlagEstado` char(1) NOT NULL DEFAULT '1',
  PRIMARY KEY (`GUIASADETP_Codigo`),
  KEY `fk_cji_guiaindetalle_cji_producto` (`PRODCTOP_Codigo`),
  KEY `fk_cji_unidadmedida` (`UNDMED_Codigo`),
  KEY `fk_cji_guiaindetalle_copy1_cji_guiasa1` (`GUIASAP_Codigo`),
  CONSTRAINT `f0` FOREIGN KEY (`UNDMED_Codigo`) REFERENCES `unidadmedida` (`UNDMED_Codigo`) ON DELETE NO ACTION ON UPDATE NO ACTION,
  CONSTRAINT `fk_cji_guiaindetalle_cji_producto0` FOREIGN KEY (`PRODCTOP_Codigo`) REFERENCES `producto` (`PROD_Codigo`) ON DELETE NO ACTION ON UPDATE NO ACTION,
  CONSTRAINT `fk_cji_guiaindetalle_copy1_cji_guiasa1` FOREIGN KEY (`GUIASAP_Codigo`) REFERENCES `guiasa` (`GUIASAP_Codigo`) ON DELETE NO ACTION ON UPDATE NO ACTION
) ENGINE=InnoDB AUTO_INCREMENT=84 DEFAULT CHARSET=utf8;

/*Data for the table `guiasadetalle` */

insert  into `guiasadetalle`(`GUIASADETP_Codigo`,`GUIASAP_Codigo`,`PRODCTOP_Codigo`,`UNDMED_Codigo`,`GUIASADETC_GenInd`,`GUIASADETC_Cantidad`,`GUIASADETC_Costo`,`GUIASADETC_Descripcion`,`GUIASADETC_FechaRegistro`,`GUIASADET_FechaModificacion`,`GUIASADETC_FlagEstado`) values 
(1,1,986,16,'G','12','0',NULL,'2011-07-09 20:48:15',NULL,'1'),
(2,2,110,7,'G','52','0',NULL,'2011-07-09 20:48:54',NULL,'1'),
(3,3,945,16,'G','12','0',NULL,'2011-07-09 20:50:13',NULL,'1'),
(4,4,1031,7,'G','30','0',NULL,'2011-07-09 21:12:07',NULL,'1'),
(5,5,1029,7,'G','21','0.02975',NULL,'2011-07-20 00:02:54',NULL,'1'),
(6,6,1029,7,'G','21','0.02975',NULL,'2011-07-20 00:05:32',NULL,'1'),
(7,6,1055,1,'G','4','1.11',NULL,'2011-07-20 00:05:35',NULL,'1'),
(8,6,1055,1,'G','4','1.11',NULL,'2011-07-20 00:05:37',NULL,'1'),
(9,7,1121,16,'G','3','21.61',NULL,'2011-07-20 19:30:04',NULL,'1'),
(10,7,1050,16,'G','22','13.53',NULL,'2011-07-20 19:30:04',NULL,'1'),
(11,8,1030,7,'G','800','0.0153',NULL,'2011-07-20 19:31:24',NULL,'1'),
(12,8,1121,16,'G','3','21.61',NULL,'2011-07-20 19:31:24',NULL,'1'),
(13,8,1029,7,'G','5','0.02975',NULL,'2011-07-20 19:31:24',NULL,'1'),
(14,9,1056,9,'G','2','22',NULL,'2011-07-20 19:31:49',NULL,'1'),
(15,10,948,16,'G','5','8',NULL,'2011-07-21 09:57:01',NULL,'1'),
(16,11,1029,7,'G','3','0.02975',NULL,'2011-07-21 09:57:57',NULL,'1'),
(17,12,110,7,'G','2','3',NULL,'2011-07-21 11:15:59',NULL,'1'),
(21,15,110,7,'','2','3',NULL,'2011-07-21 12:16:57',NULL,'1'),
(22,14,110,7,'I','1','3',NULL,'2011-07-21 12:18:24',NULL,'1'),
(24,13,110,7,'I','1','3',NULL,'2011-07-21 12:21:38',NULL,'1'),
(25,16,110,7,'I','1','3',NULL,'2011-07-21 12:22:45',NULL,'1'),
(26,17,110,7,'G','2','0',NULL,'2011-07-21 14:13:22',NULL,'1'),
(28,18,110,7,'I','2','2.8111111111111',NULL,'2011-07-21 14:17:12',NULL,'1'),
(29,19,110,7,'G','2','2.8111111111111',NULL,'2011-07-21 14:17:54',NULL,'1'),
(30,20,110,7,'I','3','2.8111111111111',NULL,'2011-07-21 14:21:36',NULL,'1'),
(31,21,110,7,'I','2','2.8111111111111',NULL,'2011-07-21 14:24:51',NULL,'1'),
(32,23,110,7,'I','2','1.8',NULL,'2011-07-21 14:34:44',NULL,'1'),
(33,24,110,7,'I','3','1.8',NULL,'2011-07-21 14:35:17',NULL,'1'),
(34,25,110,7,'I','3','1.8',NULL,'2011-07-21 14:39:57',NULL,'1'),
(35,26,526,7,'G','4','2.2',NULL,'2011-07-21 16:52:44',NULL,'1'),
(38,28,934,16,'G','3','3.9',NULL,'2011-07-21 17:27:32',NULL,'1'),
(40,27,526,7,'G','2','2.2',NULL,'2011-07-21 17:27:56',NULL,'1'),
(42,29,80,7,'G','15','2.2',NULL,'2011-07-21 17:30:18',NULL,'1'),
(43,30,526,7,'G','3','2.2',NULL,'2011-07-21 17:35:28',NULL,'1'),
(44,31,526,7,'G','9','2.2',NULL,'2011-07-21 17:36:37',NULL,'1'),
(45,32,526,7,'G','2','2.2',NULL,'2011-07-21 17:37:38',NULL,'1'),
(46,33,80,7,'G','1','2.2',NULL,'2011-07-21 17:39:12',NULL,'1'),
(47,34,82,7,'G','0','0',NULL,'2011-07-21 17:40:38',NULL,'1'),
(48,35,934,16,'G','1','3.9',NULL,'2011-07-21 17:41:50',NULL,'1'),
(49,36,526,7,'G','3','1.8',NULL,'2011-07-22 10:01:38',NULL,'1'),
(50,37,526,7,'G','2','1.8',NULL,'2011-07-22 10:03:12',NULL,'1'),
(51,38,526,7,'G','4','1.8',NULL,'2011-07-22 10:03:52',NULL,'1'),
(52,39,934,16,'G','3','5.8',NULL,'2011-07-22 10:06:15',NULL,'1'),
(54,40,80,7,'G','5','8.6',NULL,'2011-07-22 10:25:49',NULL,'1'),
(55,41,1064,16,'G','11','8.9',NULL,'2011-07-22 10:52:06',NULL,'1'),
(56,42,1064,16,'G','5','8.9',NULL,'2011-07-22 10:56:38',NULL,'1'),
(57,43,1064,16,'G','2','8.9',NULL,'2011-07-22 10:59:09',NULL,'1'),
(58,44,1064,16,'G','4','8.9',NULL,'2011-07-22 11:00:36',NULL,'1'),
(62,47,526,7,'G','10','8.6',NULL,'2011-07-22 11:43:58',NULL,'1'),
(64,48,526,7,'','11','8.6',NULL,'2011-07-22 11:48:39',NULL,'1'),
(80,55,934,16,'G','20','8.9','ZAPAPICO SIN MANGO 5LB 070150','2011-08-13 01:24:01',NULL,'1'),
(81,58,934,16,'G','20','8.9','ZAPAPICO SIN MANGO 5LB 070150','2011-08-16 05:32:16',NULL,'1'),
(83,59,934,16,'G','12','8.9','ZAPAPICO SIN MANGO 5LB 070150','2011-08-17 06:19:23',NULL,'1');

/*Table structure for table `kardex` */

DROP TABLE IF EXISTS `kardex`;

CREATE TABLE `kardex` (
  `KARDP_Codigo` int(11) NOT NULL AUTO_INCREMENT,
  `COMPP_Codigo` int(11) NOT NULL,
  `PROD_Codigo` int(11) NOT NULL DEFAULT '0',
  `DOCUP_Codigo` int(11) NOT NULL,
  `TIPOMOVP_Codigo` int(11) NOT NULL,
  `LOTP_Codigo` int(11) NOT NULL,
  `KARDC_CodigoDoc` varchar(50) NOT NULL,
  `KARDC_TipoIngreso` char(1) NOT NULL COMMENT '''1 Ingreso, 2 Salida''',
  `KARD_Fecha` datetime NOT NULL,
  `KARDC_Cantidad` double DEFAULT '0',
  `KARDC_Costo` double DEFAULT '0',
  PRIMARY KEY (`KARDP_Codigo`),
  KEY `FK_cji_kardex_cji_producto` (`PROD_Codigo`),
  KEY `COMPP_Codigo` (`COMPP_Codigo`),
  KEY `fk_cji_kardex_cji_documento1` (`DOCUP_Codigo`),
  KEY `fk_cji_kardex_cji_tipomovimiento1` (`TIPOMOVP_Codigo`),
  KEY `fk_cji_kardex_cji_lote` (`LOTP_Codigo`),
  CONSTRAINT `FK_cji_kardex_cji_producto` FOREIGN KEY (`PROD_Codigo`) REFERENCES `producto` (`PROD_Codigo`) ON DELETE NO ACTION ON UPDATE NO ACTION,
  CONSTRAINT `fk_cji_kardex_cji_documento1` FOREIGN KEY (`DOCUP_Codigo`) REFERENCES `documento` (`DOCUP_Codigo`) ON DELETE NO ACTION ON UPDATE NO ACTION,
  CONSTRAINT `fk_cji_kardex_cji_tipomovimiento1` FOREIGN KEY (`TIPOMOVP_Codigo`) REFERENCES `tipomovimiento` (`TIPOMOVP_Codigo`) ON DELETE NO ACTION ON UPDATE NO ACTION,
  CONSTRAINT `kardex_ibfk_1` FOREIGN KEY (`COMPP_Codigo`) REFERENCES `compania` (`COMPP_Codigo`) ON DELETE NO ACTION ON UPDATE NO ACTION,
  CONSTRAINT `kardex_ibfk_2` FOREIGN KEY (`LOTP_Codigo`) REFERENCES `lote` (`LOTP_Codigo`) ON DELETE NO ACTION ON UPDATE NO ACTION
) ENGINE=InnoDB AUTO_INCREMENT=16 DEFAULT CHARSET=utf8;

/*Data for the table `kardex` */

insert  into `kardex`(`KARDP_Codigo`,`COMPP_Codigo`,`PROD_Codigo`,`DOCUP_Codigo`,`TIPOMOVP_Codigo`,`LOTP_Codigo`,`KARDC_CodigoDoc`,`KARDC_TipoIngreso`,`KARD_Fecha`,`KARDC_Cantidad`,`KARDC_Costo`) values 
(1,1,934,5,3,1,'21','1','2011-07-22 00:00:00',58,8.9),
(7,1,934,5,3,3,'22','1','2011-07-22 00:00:00',24,8.9),
(12,1,934,6,1,1,'55','2','2011-07-22 12:20:06',20,8.9),
(13,1,934,6,1,1,'58','2','2011-08-16 05:32:16',20,8.9),
(15,1,934,6,1,1,'59','2','2011-08-17 06:14:29',12,8.9);

/*Table structure for table `linea` */

DROP TABLE IF EXISTS `linea`;

CREATE TABLE `linea` (
  `LINP_Codigo` int(11) NOT NULL AUTO_INCREMENT,
  `COMPP_Codigo` int(11) NOT NULL,
  `LINC_CodigoUsuario` varchar(20) DEFAULT NULL,
  `LINC_Descripcion` varchar(150) DEFAULT NULL,
  `LINC_FechaRegistro` timestamp NOT NULL DEFAULT CURRENT_TIMESTAMP ON UPDATE CURRENT_TIMESTAMP,
  `LINC_FechaModificacion` datetime DEFAULT NULL,
  PRIMARY KEY (`LINP_Codigo`),
  KEY `FK_linea_compania` (`COMPP_Codigo`),
  CONSTRAINT `FK_linea_compania` FOREIGN KEY (`COMPP_Codigo`) REFERENCES `compania` (`COMPP_Codigo`) ON DELETE NO ACTION ON UPDATE NO ACTION
) ENGINE=InnoDB AUTO_INCREMENT=4 DEFAULT CHARSET=utf8;

/*Data for the table `linea` */

insert  into `linea`(`LINP_Codigo`,`COMPP_Codigo`,`LINC_CodigoUsuario`,`LINC_Descripcion`,`LINC_FechaRegistro`,`LINC_FechaModificacion`) values 
(0,1,NULL,':: Seleccione ::','2014-10-06 04:05:11',NULL),
(1,1,'','BLANCA','2014-10-06 04:05:12',NULL),
(2,1,'','ADASD','2014-10-06 04:05:13',NULL),
(3,1,'','XXXX','2014-10-06 04:05:14',NULL);

/*Table structure for table `lote` */

DROP TABLE IF EXISTS `lote`;

CREATE TABLE `lote` (
  `LOTP_Codigo` int(11) NOT NULL AUTO_INCREMENT,
  `PROD_Codigo` int(11) NOT NULL,
  `LOTC_Cantidad` double NOT NULL DEFAULT '0',
  `LOTC_Costo` double NOT NULL DEFAULT '0',
  `LOTC_FechaRegistro` timestamp NULL DEFAULT CURRENT_TIMESTAMP,
  `LOTC_FechaModificacion` datetime DEFAULT NULL,
  `LOTC_FlagEstado` char(1) NOT NULL DEFAULT '1',
  PRIMARY KEY (`LOTP_Codigo`),
  KEY `fk_cji_lote_cji_producto1` (`PROD_Codigo`),
  CONSTRAINT `fk_cji_lote_cji_producto1` FOREIGN KEY (`PROD_Codigo`) REFERENCES `producto` (`PROD_Codigo`) ON DELETE NO ACTION ON UPDATE NO ACTION
) ENGINE=InnoDB AUTO_INCREMENT=4 DEFAULT CHARSET=utf8;

/*Data for the table `lote` */

insert  into `lote`(`LOTP_Codigo`,`PROD_Codigo`,`LOTC_Cantidad`,`LOTC_Costo`,`LOTC_FechaRegistro`,`LOTC_FechaModificacion`,`LOTC_FlagEstado`) values 
(1,934,6,8.9,'2011-07-22 12:19:24','2011-08-17 06:19:46','1'),
(3,934,24,8.9,'2011-07-22 12:22:17','2011-08-12 11:34:00','1');

/*Table structure for table `marca` */

DROP TABLE IF EXISTS `marca`;

CREATE TABLE `marca` (
  `MARCP_Codigo` int(10) NOT NULL AUTO_INCREMENT,
  `COMPP_Codigo` int(11) NOT NULL,
  `MARCC_CodigoUsuario` varchar(20) DEFAULT NULL,
  `MARCC_Descripcion` varchar(150) DEFAULT NULL,
  `MARCC_FechaRegistro` timestamp NOT NULL DEFAULT CURRENT_TIMESTAMP,
  `MARCC_FechaModificacion` datetime DEFAULT NULL,
  PRIMARY KEY (`MARCP_Codigo`),
  KEY `FK_marca_compania` (`COMPP_Codigo`),
  CONSTRAINT `FK_marca_compania` FOREIGN KEY (`COMPP_Codigo`) REFERENCES `compania` (`COMPP_Codigo`) ON DELETE NO ACTION ON UPDATE NO ACTION
) ENGINE=InnoDB AUTO_INCREMENT=2 DEFAULT CHARSET=utf8;

/*Data for the table `marca` */

insert  into `marca`(`MARCP_Codigo`,`COMPP_Codigo`,`MARCC_CodigoUsuario`,`MARCC_Descripcion`,`MARCC_FechaRegistro`,`MARCC_FechaModificacion`) values 
(0,1,NULL,':: Seleccione::','2011-06-23 15:34:10',NULL),
(1,1,'','PHILLIPS','2011-07-22 13:07:14',NULL);

/*Table structure for table `menu` */

DROP TABLE IF EXISTS `menu`;

CREATE TABLE `menu` (
  `MENU_Codigo` int(11) NOT NULL AUTO_INCREMENT,
  `MENU_Codigo_Padre` int(11) NOT NULL DEFAULT '0',
  `MENU_Descripcion` varchar(150) DEFAULT NULL,
  `MENU_Url` varchar(250) DEFAULT NULL,
  `MENU_Orden` int(1) NOT NULL DEFAULT '1',
  `MENU_FechaRegistro` timestamp NOT NULL DEFAULT CURRENT_TIMESTAMP ON UPDATE CURRENT_TIMESTAMP,
  `MENU_FechaModificacion` datetime DEFAULT NULL,
  `MENU_FlagEstado` char(1) DEFAULT '1',
  PRIMARY KEY (`MENU_Codigo`)
) ENGINE=InnoDB AUTO_INCREMENT=66 DEFAULT CHARSET=utf8;

/*Data for the table `menu` */

insert  into `menu`(`MENU_Codigo`,`MENU_Codigo_Padre`,`MENU_Descripcion`,`MENU_Url`,`MENU_Orden`,`MENU_FechaRegistro`,`MENU_FechaModificacion`,`MENU_FlagEstado`) values 
(2,1,'Principal','index.php/maestros/persona/listar',1,'2014-10-04 10:59:00',NULL,'1'),
(3,1,'Almacen','compras/proveedor/proveedores',3,'2014-10-20 21:10:35',NULL,'1'),
(4,1,'Ventas','compras/proveedor/proveedores',5,'2014-10-20 21:10:40',NULL,'1'),
(5,1,'Compras','compras/proveedor/proveedores',4,'2014-10-20 21:10:38',NULL,'1'),
(6,1,'Tesoreria','compras/proveedor/proveedores',6,'2014-10-20 21:10:45',NULL,'1'),
(7,1,'Mantenimientos','compras/proveedor/proveedores',2,'2014-10-20 21:10:29',NULL,'1'),
(8,1,'Copia Seguridad','compras/proveedor/proveedores',8,'2014-10-20 21:24:00',NULL,'1'),
(10,2,'Proveedores','compras/proveedor/proveedores',1,'2014-10-04 10:56:23',NULL,'1'),
(11,2,'Clientes','index.php/ventas/cliente/listar',1,'2017-12-29 09:26:15',NULL,'1'),
(12,3,'Productos','index.php/almacen/producto/listar',1,'2014-10-04 18:24:59',NULL,'1'),
(13,3,'Familias','almacen/familia/familias',1,'2014-10-04 10:56:23',NULL,'1'),
(14,3,'Constancia de Ingreo','index.php/almacen/guiain/listar',1,'2014-10-22 08:21:35',NULL,'1'),
(15,3,'Constancia de Salida','index.php/almacen/guiasa/listar',1,'2014-10-22 08:21:49',NULL,'1'),
(16,3,'Guia de Remision','index.php/almacen/guiarem/editar',1,'2014-10-29 08:41:17',NULL,'1'),
(17,4,'Presupuestos','ventas/presupuesto/presupuestos',1,'2014-10-04 10:56:23',NULL,'1'),
(18,4,'Facturas','ventas/comprobante/comprobantes/V/F',3,'2014-10-20 21:04:51',NULL,'1'),
(19,5,'Solicitudes de Cotizaciones','compras/cotizacion/cotizaciones',1,'2014-10-04 10:56:23',NULL,'1'),
(20,5,'Orden de Compra','compras/ocompra/ocompras',1,'2014-10-04 10:56:23',NULL,'1'),
(21,6,'Cobros',NULL,1,'2014-10-04 10:56:23',NULL,'1'),
(22,6,'Pagos','index.php/finanzas/voucher/listar',1,'2014-10-04 10:56:23',NULL,'1'),
(23,6,'Caja Diaria',NULL,1,'2014-10-04 10:56:23',NULL,'1'),
(24,6,'Libro Diario',NULL,1,'2014-10-04 10:56:23',NULL,'1'),
(25,7,'Configuracion del sistema','maestros/configuracion/editar_configuracion',1,'2014-10-04 10:56:23',NULL,'1'),
(26,7,'Cargos','maestros/cargo/cargos',1,'2014-10-04 10:56:23',NULL,'1'),
(27,7,'Areas','maestros/area/areas',1,'2014-10-04 10:56:23',NULL,'1'),
(28,7,'Usuarios','index.php/seguridad/usuario/listar',1,'2014-10-08 15:20:39',NULL,'1'),
(29,7,'Establecimientos','maestros/establecimiento/establecimientos',1,'2014-10-04 10:56:23',NULL,'1'),
(30,7,'Almacenes','index.php/almacen/almacen/listar',1,'2014-10-16 09:32:14',NULL,'1'),
(31,7,'Unidad Medida','index.php/almacen/unidadmedida/editar',1,'2014-10-30 06:58:46',NULL,'1'),
(32,7,'Forma de pago','maestros/formapago/listar',1,'2014-10-04 10:56:23',NULL,'1'),
(33,7,'Fabricante','almacen/fabricante/listar',1,'2014-10-04 10:56:23',NULL,'1'),
(34,7,'Marca','almacen/marca/listar',1,'2014-10-04 10:56:23',NULL,'1'),
(35,7,'Línea','almacen/linea/listar',1,'2014-10-04 10:56:23',NULL,'1'),
(36,8,'Hacer copia',NULL,1,'2014-10-04 10:56:23',NULL,'1'),
(37,3,'Tipos de Artículo','almacen/tipoproducto/tipoproductos',1,'2014-10-04 10:56:23',NULL,'1'),
(38,5,'Evaluación de O. de Compra','compras/ocompra/ocompras/0/1',1,'2014-10-04 10:56:23',NULL,'1'),
(39,3,'Stock almacen','almacen/almacenproducto/listar',1,'2014-10-04 10:56:23',NULL,'1'),
(40,3,'Kardex producto','almacen/kardex/listarFIFO',1,'2014-10-04 10:56:23',NULL,'1'),
(46,7,'Categorías de Clientes','ventas/tipocliente/listar',1,'2014-10-04 10:56:23',NULL,'1'),
(47,2,'Personas','index.php/maestros/persona/listar',1,'2014-10-04 10:56:23',NULL,'1'),
(48,2,'Empresas','maestros/empresa/empresas',1,'2014-10-04 10:56:23',NULL,'1'),
(49,7,'Roles','seguridad/rol/listar',1,'2014-10-04 10:56:23',NULL,'1'),
(50,7,'Tipos de Cambios','maestros/tipocambio/listar',1,'2014-10-04 10:56:23',NULL,'1'),
(51,7,'Proyectos','index.php/maestros/proyecto/proyectos',1,'2017-12-29 09:22:55',NULL,'1'),
(52,4,'Boletas','ventas/comprobante/comprobantes/V/B',4,'2014-10-20 21:04:53',NULL,'1'),
(53,4,'Nota de Credito','ventas/comprobante/comprobantes/V/N',5,'2014-10-29 08:34:45',NULL,'1'),
(54,5,'Facturas','ventas/comprobante/comprobantes/C/F',1,'2014-10-04 10:56:23',NULL,'1'),
(55,5,'Boletas','ventas/comprobante/comprobantes/C/B',1,'2014-10-04 10:56:23',NULL,'1'),
(56,5,'Comprobantes','ventas/comprobante/comprobantes/C/N',1,'2014-10-04 10:56:23',NULL,'1'),
(57,4,'Orden de trabajo','index.php/ventas/orden/editar',2,'2014-10-20 21:32:26',NULL,'1'),
(58,1,'Produccion',NULL,7,'2014-10-20 21:23:56',NULL,'1'),
(59,58,'Operacion',NULL,1,'2014-10-20 21:22:05',NULL,'1'),
(60,58,'Constancia de recepcion','index.php/produccion/constancia/editar',2,'2014-10-20 22:51:40',NULL,'1'),
(61,58,'Nota de entrada a linea','index.php/produccion/notaingreso/editar',3,'2014-10-22 08:26:35',NULL,'1'),
(62,58,'Control de piezas','index.php/produccion/trazabilidad/editar',4,'2014-10-23 14:39:32',NULL,'1'),
(63,1,'Contabilidad',NULL,1,'2017-12-29 10:08:56',NULL,'1'),
(64,63,'Reporte de Caja',NULL,1,'2017-12-29 10:11:47',NULL,'1'),
(65,63,'Reporte Costo Servicios',NULL,1,'2017-12-29 10:12:11',NULL,'1');

/*Table structure for table `moneda` */

DROP TABLE IF EXISTS `moneda`;

CREATE TABLE `moneda` (
  `MONED_Codigo` int(11) NOT NULL AUTO_INCREMENT,
  `COMPP_Codigo` int(11) NOT NULL,
  `MONED_Descripcion` varchar(250) DEFAULT NULL,
  `MONED_Simbolo` varchar(100) NOT NULL,
  `MONED_FechaRegistro` timestamp NOT NULL DEFAULT CURRENT_TIMESTAMP,
  `MONED_FechaModificacion` datetime DEFAULT NULL,
  `MONED_Orden` int(11) NOT NULL DEFAULT '0',
  PRIMARY KEY (`MONED_Codigo`),
  KEY `COMPP_Codigo` (`COMPP_Codigo`),
  CONSTRAINT `moneda_ibfk_1` FOREIGN KEY (`COMPP_Codigo`) REFERENCES `compania` (`COMPP_Codigo`) ON DELETE NO ACTION ON UPDATE NO ACTION
) ENGINE=InnoDB AUTO_INCREMENT=4 DEFAULT CHARSET=utf8;

/*Data for the table `moneda` */

insert  into `moneda`(`MONED_Codigo`,`COMPP_Codigo`,`MONED_Descripcion`,`MONED_Simbolo`,`MONED_FechaRegistro`,`MONED_FechaModificacion`,`MONED_Orden`) values 
(0,1,'::Seleccione::','N.A.','2014-10-06 04:00:26',NULL,0),
(1,1,'SOLES','S/.','2011-01-10 15:13:58',NULL,1),
(2,1,'DOLARES','$','2011-01-10 15:14:06',NULL,2),
(3,1,'EUROS','E','2011-01-10 15:14:27',NULL,3);

/*Table structure for table `nacionalidad` */

DROP TABLE IF EXISTS `nacionalidad`;

CREATE TABLE `nacionalidad` (
  `NACP_Codigo` int(11) NOT NULL AUTO_INCREMENT,
  `COMPP_Codigo` int(11) DEFAULT NULL,
  `NACC_Descripcion` varchar(150) DEFAULT NULL,
  `NACC_FechaRegistro` timestamp NULL DEFAULT CURRENT_TIMESTAMP,
  `NACC_FechaModificacion` datetime DEFAULT NULL,
  PRIMARY KEY (`NACP_Codigo`),
  KEY `FK_nacionalidad_compania` (`COMPP_Codigo`),
  CONSTRAINT `FK_nacionalidad_compania` FOREIGN KEY (`COMPP_Codigo`) REFERENCES `compania` (`COMPP_Codigo`) ON DELETE NO ACTION ON UPDATE NO ACTION
) ENGINE=InnoDB AUTO_INCREMENT=274 DEFAULT CHARSET=latin1;

/*Data for the table `nacionalidad` */

insert  into `nacionalidad`(`NACP_Codigo`,`COMPP_Codigo`,`NACC_Descripcion`,`NACC_FechaRegistro`,`NACC_FechaModificacion`) values 
(0,1,'::Seleccione::','2014-10-06 04:27:07',NULL),
(1,1,'BOUVET ISLAND','2010-12-13 17:54:36',NULL),
(2,1,'COTE D IVOIRE','2010-12-13 17:54:36',NULL),
(3,1,'FALKLAND ISLANDS (MALVINAS)','2010-12-13 17:54:36',NULL),
(4,1,'FRANCE, METROPOLITAN','2010-12-13 17:54:36',NULL),
(5,1,'FRENCH SOUTHERN TERRITORIES','2010-12-13 17:54:36',NULL),
(6,1,'HEARD AND MC DONALD ISLANDS','2010-12-13 17:54:36',NULL),
(7,1,'MAYOTTE','2010-12-13 17:54:36',NULL),
(8,1,'SOUTH GEORGIA AND THE SOUTH SANDWICH ISLANDS','2010-12-13 17:54:36',NULL),
(9,1,'SVALBARD AND JAN MAYEN ISLANDS','2010-12-13 17:54:36',NULL),
(10,1,'UNITED STATES MINOR OUTLYING ISLANDS','2010-12-13 17:54:36',NULL),
(11,1,'OTROS PAISES O LUGARES','2010-12-13 17:54:36',NULL),
(12,1,'AFGANISTAN','2010-12-13 17:54:36',NULL),
(13,1,'ALBANIA','2010-12-13 17:54:36',NULL),
(14,1,'ALDERNEY','2010-12-13 17:54:36',NULL),
(15,1,'ALEMANIA','2010-12-13 17:54:36',NULL),
(16,1,'ARMENIA','2010-12-13 17:54:36',NULL),
(17,1,'ARUBA','2010-12-13 17:54:36',NULL),
(18,1,'ASCENCION','2010-12-13 17:54:36',NULL),
(19,1,'BOSNIA-HERZEGOVINA','2010-12-13 17:54:36',NULL),
(20,1,'BURKINA FASO','2010-12-13 17:54:36',NULL),
(21,1,'ANDORRA','2010-12-13 17:54:36',NULL),
(22,1,'ANGOLA','2010-12-13 17:54:36',NULL),
(23,1,'ANGUILLA','2010-12-13 17:54:36',NULL),
(24,1,'ANTIGUA Y BARBUDA','2010-12-13 17:54:36',NULL),
(25,1,'ANTILLAS HOLANDESAS','2010-12-13 17:54:36',NULL),
(26,1,'ARABIA SAUDITA','2010-12-13 17:54:36',NULL),
(27,1,'ARGELIA','2010-12-13 17:54:36',NULL),
(28,1,'ARGENTINA','2010-12-13 17:54:36',NULL),
(29,1,'AUSTRALIA','2010-12-13 17:54:36',NULL),
(30,1,'AUSTRIA','2010-12-13 17:54:36',NULL),
(31,1,'AZERBAIJÁN','2010-12-13 17:54:36',NULL),
(32,1,'BAHAMAS','2010-12-13 17:54:36',NULL),
(33,1,'BAHREIN','2010-12-13 17:54:36',NULL),
(34,1,'BANGLA DESH','2010-12-13 17:54:36',NULL),
(35,1,'BARBADOS','2010-12-13 17:54:36',NULL),
(36,1,'BÉLGICA','2010-12-13 17:54:36',NULL),
(37,1,'BELICE','2010-12-13 17:54:36',NULL),
(38,1,'BERMUDAS','2010-12-13 17:54:36',NULL),
(39,1,'BELARUS','2010-12-13 17:54:36',NULL),
(40,1,'MYANMAR','2010-12-13 17:54:36',NULL),
(41,1,'BOLIVIA','2010-12-13 17:54:36',NULL),
(42,1,'BOTSWANA','2010-12-13 17:54:36',NULL),
(43,1,'BRASIL','2010-12-13 17:54:36',NULL),
(44,1,'BRUNEI DARUSSALAM','2010-12-13 17:54:36',NULL),
(45,1,'BULGARIA','2010-12-13 17:54:36',NULL),
(46,1,'BURUNDI','2010-12-13 17:54:36',NULL),
(47,1,'BUTÁN','2010-12-13 17:54:36',NULL),
(48,1,'CABO VERDE','2010-12-13 17:54:36',NULL),
(49,1,'CAIMÁN, ISLAS','2010-12-13 17:54:36',NULL),
(50,1,'CAMBOYA','2010-12-13 17:54:36',NULL),
(51,1,'CAMERÚN, REPUBLICA UNIDA DEL','2010-12-13 17:54:36',NULL),
(52,1,'CAMPIONE D TALIA','2010-12-13 17:54:36',NULL),
(53,1,'CANADÁ','2010-12-13 17:54:36',NULL),
(54,1,'CANAL (NORMANDAS), ISLAS','2010-12-13 17:54:36',NULL),
(55,1,'CANTÓN Y ENDERBURRY','2010-12-13 17:54:36',NULL),
(56,1,'SANTA SEDE','2010-12-13 17:54:36',NULL),
(57,1,'COCOS (KEELING),ISLAS','2010-12-13 17:54:36',NULL),
(58,1,'COLOMBIA','2010-12-13 17:54:36',NULL),
(59,1,'COMORAS','2010-12-13 17:54:36',NULL),
(60,1,'CONGO','2010-12-13 17:54:36',NULL),
(61,1,'COOK, ISLAS','2010-12-13 17:54:36',NULL),
(62,1,'COREA (NORTE), REPUBLICA POPULAR DEMOCRATICA DE','2010-12-13 17:54:36',NULL),
(63,1,'COREA (SUR), REPUBLICA DE','2010-12-13 17:54:36',NULL),
(64,1,'COSTA DE MARFIL','2010-12-13 17:54:36',NULL),
(65,1,'COSTA RICA','2010-12-13 17:54:36',NULL),
(66,1,'CROACIA','2010-12-13 17:54:36',NULL),
(67,1,'CUBA','2010-12-13 17:54:36',NULL),
(68,1,'CHAD','2010-12-13 17:54:36',NULL),
(69,1,'CHECOSLOVAQUIA','2010-12-13 17:54:36',NULL),
(70,1,'CHILE','2010-12-13 17:54:36',NULL),
(71,1,'CHINA','2010-12-13 17:54:36',NULL),
(72,1,'TAIWAN (FORMOSA)','2010-12-13 17:54:36',NULL),
(73,1,'CHIPRE','2010-12-13 17:54:36',NULL),
(74,1,'BENIN','2010-12-13 17:54:36',NULL),
(75,1,'DINAMARCA','2010-12-13 17:54:36',NULL),
(76,1,'DOMINICA','2010-12-13 17:54:36',NULL),
(77,1,'ECUADOR','2010-12-13 17:54:36',NULL),
(78,1,'EGIPTO','2010-12-13 17:54:36',NULL),
(79,1,'EL SALVADOR','2010-12-13 17:54:36',NULL),
(80,1,'ERITREA','2010-12-13 17:54:36',NULL),
(81,1,'EMIRATOS ARABES UNIDOS','2010-12-13 17:54:36',NULL),
(82,1,'ESPANA','2010-12-13 17:54:36',NULL),
(83,1,'ESLOVAQUIA','2010-12-13 17:54:36',NULL),
(84,1,'ESLOVENIA','2010-12-13 17:54:36',NULL),
(85,1,'ESTADOS UNIDOS','2010-12-13 17:54:36',NULL),
(86,1,'ESTONIA','2010-12-13 17:54:36',NULL),
(87,1,'ETIOPIA','2010-12-13 17:54:36',NULL),
(88,1,'FEROE, ISLAS','2010-12-13 17:54:36',NULL),
(89,1,'FILIPINAS','2010-12-13 17:54:36',NULL),
(90,1,'FINLANDIA','2010-12-13 17:54:36',NULL),
(91,1,'FRANCIA','2010-12-13 17:54:36',NULL),
(92,1,'GABON','2010-12-13 17:54:36',NULL),
(93,1,'GAMBIA','2010-12-13 17:54:36',NULL),
(94,1,'GAZA Y JERICO','2010-12-13 17:54:36',NULL),
(95,1,'GEORGIA','2010-12-13 17:54:36',NULL),
(96,1,'GHANA','2010-12-13 17:54:36',NULL),
(97,1,'GIBRALTAR','2010-12-13 17:54:36',NULL),
(98,1,'GRANADA','2010-12-13 17:54:36',NULL),
(99,1,'GRECIA','2010-12-13 17:54:36',NULL),
(100,1,'GROENLANDIA','2010-12-13 17:54:36',NULL),
(101,1,'GUADALUPE','2010-12-13 17:54:36',NULL),
(102,1,'GUAM','2010-12-13 17:54:36',NULL),
(103,1,'GUATEMALA','2010-12-13 17:54:36',NULL),
(104,1,'GUAYANA FRANCESA','2010-12-13 17:54:36',NULL),
(105,1,'GUERNSEY','2010-12-13 17:54:36',NULL),
(106,1,'GUINEA','2010-12-13 17:54:36',NULL),
(107,1,'GUINEA ECUATORIAL','2010-12-13 17:54:36',NULL),
(108,1,'GUINEA-BISSAU','2010-12-13 17:54:36',NULL),
(109,1,'GUYANA','2010-12-13 17:54:36',NULL),
(110,1,'HAITI','2010-12-13 17:54:36',NULL),
(111,1,'HONDURAS','2010-12-13 17:54:36',NULL),
(112,1,'HONDURAS BRITANICAS','2010-12-13 17:54:36',NULL),
(113,1,'HONG KONG','2010-12-13 17:54:36',NULL),
(114,1,'HUNGRIA','2010-12-13 17:54:36',NULL),
(115,1,'INDIA','2010-12-13 17:54:36',NULL),
(116,1,'INDONESIA','2010-12-13 17:54:36',NULL),
(117,1,'IRAK','2010-12-13 17:54:36',NULL),
(118,1,'IRAN, REPUBLICA ISLAMICA DEL','2010-12-13 17:54:36',NULL),
(119,1,'IRLANDA (EIRE)','2010-12-13 17:54:36',NULL),
(120,1,'ISLA AZORES','2010-12-13 17:54:36',NULL),
(121,1,'ISLA DEL MAN','2010-12-13 17:54:36',NULL),
(122,1,'ISLANDIA','2010-12-13 17:54:36',NULL),
(123,1,'ISLAS CANARIAS','2010-12-13 17:54:36',NULL),
(124,1,'ISLAS DE CHRISTMAS','2010-12-13 17:54:36',NULL),
(125,1,'ISLAS QESHM','2010-12-13 17:54:36',NULL),
(126,1,'ISRAEL','2010-12-13 17:54:36',NULL),
(127,1,'ITALIA','2010-12-13 17:54:36',NULL),
(128,1,'JAMAICA','2010-12-13 17:54:36',NULL),
(129,1,'JONSTON, ISLAS','2010-12-13 17:54:36',NULL),
(130,1,'JAPON','2010-12-13 17:54:36',NULL),
(131,1,'JERSEY','2010-12-13 17:54:36',NULL),
(132,1,'JORDANIA','2010-12-13 17:54:36',NULL),
(133,1,'KAZAJSTAN','2010-12-13 17:54:36',NULL),
(134,1,'KENIA','2010-12-13 17:54:36',NULL),
(135,1,'KIRIBATI','2010-12-13 17:54:36',NULL),
(136,1,'KIRGUIZISTAN','2010-12-13 17:54:36',NULL),
(137,1,'KUWAIT','2010-12-13 17:54:36',NULL),
(138,1,'LABUN','2010-12-13 17:54:36',NULL),
(139,1,'LAOS, REPUBLICA POPULAR DEMOCRATICA DE','2010-12-13 17:54:36',NULL),
(140,1,'LESOTHO','2010-12-13 17:54:36',NULL),
(141,1,'LETONIA','2010-12-13 17:54:36',NULL),
(142,1,'LIBANO','2010-12-13 17:54:36',NULL),
(143,1,'LIBERIA','2010-12-13 17:54:36',NULL),
(144,1,'LIBIA','2010-12-13 17:54:36',NULL),
(145,1,'LIECHTENSTEIN','2010-12-13 17:54:36',NULL),
(146,1,'LITUANIA','2010-12-13 17:54:36',NULL),
(147,1,'LUXEMBURGO','2010-12-13 17:54:36',NULL),
(148,1,'MACAO','2010-12-13 17:54:36',NULL),
(149,1,'MACEDONIA','2010-12-13 17:54:36',NULL),
(150,1,'MADAGASCAR','2010-12-13 17:54:36',NULL),
(151,1,'MADEIRA','2010-12-13 17:54:36',NULL),
(152,1,'MALAYSIA','2010-12-13 17:54:36',NULL),
(153,1,'MALAWI','2010-12-13 17:54:36',NULL),
(154,1,'MALDIVAS','2010-12-13 17:54:36',NULL),
(155,1,'MALI','2010-12-13 17:54:36',NULL),
(156,1,'MALTA','2010-12-13 17:54:36',NULL),
(157,1,'MARIANAS DEL NORTE, ISLAS','2010-12-13 17:54:36',NULL),
(158,1,'MARSHALL, ISLAS','2010-12-13 17:54:36',NULL),
(159,1,'MARRUECOS','2010-12-13 17:54:36',NULL),
(160,1,'MARTINICA','2010-12-13 17:54:36',NULL),
(161,1,'MAURICIO','2010-12-13 17:54:36',NULL),
(162,1,'MAURITANIA','2010-12-13 17:54:36',NULL),
(163,1,'MEXICO','2010-12-13 17:54:36',NULL),
(164,1,'MICRONESIA, ESTADOS FEDERADOS DE','2010-12-13 17:54:36',NULL),
(165,1,'MIDWAY ISLAS','2010-12-13 17:54:36',NULL),
(166,1,'MOLDAVIA','2010-12-13 17:54:36',NULL),
(167,1,'MONGOLIA','2010-12-13 17:54:36',NULL),
(168,1,'MONACO','2010-12-13 17:54:36',NULL),
(169,1,'MONTSERRAT, ISLA','2010-12-13 17:54:36',NULL),
(170,1,'MOZAMBIQUE','2010-12-13 17:54:36',NULL),
(171,1,'NAMIBIA','2010-12-13 17:54:36',NULL),
(172,1,'NAURU','2010-12-13 17:54:36',NULL),
(173,1,'NAVIDAD (CHRISTMAS), ISLA','2010-12-13 17:54:36',NULL),
(174,1,'NEPAL','2010-12-13 17:54:36',NULL),
(175,1,'NICARAGUA','2010-12-13 17:54:36',NULL),
(176,1,'NIGER','2010-12-13 17:54:36',NULL),
(177,1,'NIGERIA','2010-12-13 17:54:36',NULL),
(178,1,'NIUE, ISLA','2010-12-13 17:54:36',NULL),
(179,1,'NORFOLK, ISLA','2010-12-13 17:54:36',NULL),
(180,1,'NORUEGA','2010-12-13 17:54:36',NULL),
(181,1,'NUEVA CALEDONIA','2010-12-13 17:54:36',NULL),
(182,1,'PAPUASIA NUEVA GUINEA','2010-12-13 17:54:36',NULL),
(183,1,'NUEVA ZELANDA','2010-12-13 17:54:36',NULL),
(184,1,'VANUATU','2010-12-13 17:54:36',NULL),
(185,1,'OMAN','2010-12-13 17:54:36',NULL),
(186,1,'PACIFICO, ISLAS DEL','2010-12-13 17:54:36',NULL),
(187,1,'PAISES BAJOS','2010-12-13 17:54:36',NULL),
(188,1,'PAKISTAN','2010-12-13 17:54:36',NULL),
(189,1,'PALAU, ISLAS','2010-12-13 17:54:36',NULL),
(190,1,'TERRITORIO AUTONOMO DE PALESTINA.','2010-12-13 17:54:36',NULL),
(191,1,'PANAMA','2010-12-13 17:54:36',NULL),
(192,1,'PARAGUAY','2010-12-13 17:54:36',NULL),
(193,1,'PERÚ','2010-12-13 17:54:36',NULL),
(194,1,'PITCAIRN, ISLA','2010-12-13 17:54:36',NULL),
(195,1,'POLINESIA FRANCESA','2010-12-13 17:54:36',NULL),
(196,1,'POLONIA','2010-12-13 17:54:36',NULL),
(197,1,'PORTUGAL','2010-12-13 17:54:36',NULL),
(198,1,'PUERTO RICO','2010-12-13 17:54:36',NULL),
(199,1,'QATAR','2010-12-13 17:54:36',NULL),
(200,1,'REINO UNIDO','2010-12-13 17:54:36',NULL),
(201,1,'ESCOCIA','2010-12-13 17:54:36',NULL),
(202,1,'REPUBLICA ARABE UNIDA','2010-12-13 17:54:36',NULL),
(203,1,'REPUBLICA CENTROAFRICANA','2010-12-13 17:54:36',NULL),
(204,1,'REPUBLICA CHECA','2010-12-13 17:54:36',NULL),
(205,1,'REPUBLICA DE SWAZILANDIA','2010-12-13 17:54:36',NULL),
(206,1,'REPUBLICA DE TUNEZ','2010-12-13 17:54:36',NULL),
(207,1,'REPUBLICA DOMINICANA','2010-12-13 17:54:36',NULL),
(208,1,'REUNION','2010-12-13 17:54:36',NULL),
(209,1,'ZIMBABWE','2010-12-13 17:54:36',NULL),
(210,1,'RUMANIA','2010-12-13 17:54:36',NULL),
(211,1,'RUANDA','2010-12-13 17:54:36',NULL),
(212,1,'RUSIA','2010-12-13 17:54:36',NULL),
(213,1,'SALOMON, ISLAS','2010-12-13 17:54:36',NULL),
(214,1,'SAHARA OCCIDENTAL','2010-12-13 17:54:36',NULL),
(215,1,'SAMOA OCCIDENTAL','2010-12-13 17:54:36',NULL),
(216,1,'SAMOA NORTEAMERICANA','2010-12-13 17:54:36',NULL),
(217,1,'SAN CRISTOBAL Y NIEVES','2010-12-13 17:54:36',NULL),
(218,1,'SAN MARINO','2010-12-13 17:54:36',NULL),
(219,1,'SAN PEDRO Y MIQUELON','2010-12-13 17:54:36',NULL),
(220,1,'SAN VICENTE Y LAS GRANADINAS','2010-12-13 17:54:36',NULL),
(221,1,'SANTA ELENA','2010-12-13 17:54:36',NULL),
(222,1,'SANTA LUCIA','2010-12-13 17:54:36',NULL),
(223,1,'SANTO TOME Y PRINCIPE','2010-12-13 17:54:36',NULL),
(224,1,'SENEGAL','2010-12-13 17:54:36',NULL),
(225,1,'SEYCHELLES','2010-12-13 17:54:36',NULL),
(226,1,'SIERRA LEONA','2010-12-13 17:54:36',NULL),
(227,1,'SINGAPUR','2010-12-13 17:54:36',NULL),
(228,1,'SIRIA, REPUBLICA ARABE DE','2010-12-13 17:54:36',NULL),
(229,1,'SOMALIA','2010-12-13 17:54:36',NULL),
(230,1,'SRI LANKA','2010-12-13 17:54:36',NULL),
(231,1,'SUDAFRICA, REPUBLICA DE','2010-12-13 17:54:36',NULL),
(232,1,'SUDAN','2010-12-13 17:54:36',NULL),
(233,1,'SUECIA','2010-12-13 17:54:36',NULL),
(234,1,'SUIZA','2010-12-13 17:54:36',NULL),
(235,1,'SURINAM','2010-12-13 17:54:36',NULL),
(236,1,'SAWSILANDIA','2010-12-13 17:54:36',NULL),
(237,1,'TADJIKISTAN','2010-12-13 17:54:36',NULL),
(238,1,'TAILANDIA','2010-12-13 17:54:36',NULL),
(239,1,'TANZANIA, REPUBLICA UNIDA DE','2010-12-13 17:54:36',NULL),
(240,1,'DJIBOUTI','2010-12-13 17:54:36',NULL),
(241,1,'TERRITORIO ANTARTICO BRITANICO','2010-12-13 17:54:36',NULL),
(242,1,'TERRITORIO BRITANICO DEL OCEANO INDICO','2010-12-13 17:54:36',NULL),
(243,1,'TIMOR DEL ESTE','2010-12-13 17:54:36',NULL),
(244,1,'TOGO','2010-12-13 17:54:36',NULL),
(245,1,'TOKELAU','2010-12-13 17:54:36',NULL),
(246,1,'TONGA','2010-12-13 17:54:36',NULL),
(247,1,'TRINIDAD Y TOBAGO','2010-12-13 17:54:36',NULL),
(248,1,'TRISTAN DA CUNHA','2010-12-13 17:54:36',NULL),
(249,1,'TUNICIA','2010-12-13 17:54:36',NULL),
(250,1,'TURCAS Y CAICOS, ISLAS','2010-12-13 17:54:36',NULL),
(251,1,'TURKMENISTAN','2010-12-13 17:54:36',NULL),
(252,1,'TURQUIA','2010-12-13 17:54:36',NULL),
(253,1,'TUVALU','2010-12-13 17:54:36',NULL),
(254,1,'UCRANIA','2010-12-13 17:54:36',NULL),
(255,1,'UGANDA','2010-12-13 17:54:36',NULL),
(256,1,'URSS','2010-12-13 17:54:36',NULL),
(257,1,'URUGUAY','2010-12-13 17:54:36',NULL),
(258,1,'UZBEKISTAN','2010-12-13 17:54:36',NULL),
(259,1,'VENEZUELA','2010-12-13 17:54:36',NULL),
(260,1,'VIET NAM','2010-12-13 17:54:36',NULL),
(261,1,'VIETNAM (DEL NORTE)','2010-12-13 17:54:36',NULL),
(262,1,'VIRGENES, ISLAS (BRITANICAS)','2010-12-13 17:54:36',NULL),
(263,1,'VIRGENES, ISLAS (NORTEAMERICANAS)','2010-12-13 17:54:36',NULL),
(264,1,'FIJI','2010-12-13 17:54:36',NULL),
(265,1,'WAKE, ISLA','2010-12-13 17:54:36',NULL),
(266,1,'WALLIS Y FORTUNA, ISLAS','2010-12-13 17:54:36',NULL),
(267,1,'YEMEN','2010-12-13 17:54:36',NULL),
(268,1,'YUGOSLAVIA','2010-12-13 17:54:36',NULL),
(269,1,'ZAIRE','2010-12-13 17:54:36',NULL),
(270,1,'ZAMBIA','2010-12-13 17:54:36',NULL),
(271,1,'ZONA DEL CANAL DE PANAMA','2010-12-13 17:54:36',NULL),
(272,1,'ZONA LIBRE OSTRAVA','2010-12-13 17:54:36',NULL),
(273,1,'ZONA NEUTRAL (PALESTINA)','2010-12-13 17:54:36',NULL);

/*Table structure for table `notaingreso` */

DROP TABLE IF EXISTS `notaingreso`;

CREATE TABLE `notaingreso` (
  `NOTAINGP_Codigo` int(11) NOT NULL AUTO_INCREMENT,
  PRIMARY KEY (`NOTAINGP_Codigo`)
) ENGINE=InnoDB DEFAULT CHARSET=latin1;

/*Data for the table `notaingreso` */

/*Table structure for table `notasalida` */

DROP TABLE IF EXISTS `notasalida`;

CREATE TABLE `notasalida` (
  `NOTASALP_Codigo` int(11) NOT NULL AUTO_INCREMENT,
  PRIMARY KEY (`NOTASALP_Codigo`)
) ENGINE=InnoDB DEFAULT CHARSET=latin1;

/*Data for the table `notasalida` */

/*Table structure for table `ocompradetalle` */

DROP TABLE IF EXISTS `ocompradetalle`;

CREATE TABLE `ocompradetalle` (
  `OCOMDEP_Codigo` int(11) NOT NULL AUTO_INCREMENT,
  `OCOMP_Codigo` int(11) NOT NULL,
  `COTIP_Codigo` int(11) NOT NULL,
  `PEDIP_Codigo` int(11) NOT NULL,
  `PROD_Codigo` int(11) NOT NULL,
  `UNDMED_Codigo` int(11) NOT NULL,
  `OCOMDEC_Pu` double NOT NULL DEFAULT '0',
  `OCOMDEC_Igv100` double NOT NULL DEFAULT '0',
  `OCOMDEC_Descuento100` double NOT NULL DEFAULT '0',
  `OCOMDEC_Cantidad` double NOT NULL DEFAULT '0',
  `OCOMDEC_Subtotal` double NOT NULL DEFAULT '0',
  `OCOMDEC_Descuento` double NOT NULL DEFAULT '0',
  `OCOMDEC_Descuento2` double NOT NULL DEFAULT '0',
  `OCOMDEC_Igv` double NOT NULL DEFAULT '0',
  `OCOMDEC_Total` double NOT NULL DEFAULT '0',
  `OCOMDEC_Observacion` varchar(250) DEFAULT NULL,
  `OCOMDEC_FechaModificacion` datetime DEFAULT NULL,
  `OCOMDEC_FechaRegistro` timestamp NOT NULL DEFAULT CURRENT_TIMESTAMP,
  `OCOMDEC_FlagIngreso` char(1) DEFAULT '0',
  `OCOMDEC_FlagEstado` char(1) DEFAULT '1',
  PRIMARY KEY (`OCOMDEP_Codigo`,`OCOMP_Codigo`,`COTIP_Codigo`,`PEDIP_Codigo`),
  KEY `FK_Reference_52` (`OCOMP_Codigo`,`COTIP_Codigo`,`PEDIP_Codigo`),
  KEY `FK_Reference_53` (`PROD_Codigo`),
  KEY `FK_cji_ocompradetalle_cji_unidadmedida` (`UNDMED_Codigo`),
  CONSTRAINT `FK_Reference_52` FOREIGN KEY (`OCOMP_Codigo`, `COTIP_Codigo`, `PEDIP_Codigo`) REFERENCES `ordencompra` (`OCOMP_Codigo`, `COTIP_Codigo`, `PEDIP_Codigo`) ON DELETE NO ACTION ON UPDATE NO ACTION,
  CONSTRAINT `FK_Reference_53` FOREIGN KEY (`PROD_Codigo`) REFERENCES `producto` (`PROD_Codigo`) ON DELETE NO ACTION ON UPDATE NO ACTION,
  CONSTRAINT `FK_cji_ocompradetalle_cji_unidadmedida` FOREIGN KEY (`UNDMED_Codigo`) REFERENCES `unidadmedida` (`UNDMED_Codigo`) ON DELETE NO ACTION ON UPDATE NO ACTION
) ENGINE=InnoDB AUTO_INCREMENT=138 DEFAULT CHARSET=utf8;

/*Data for the table `ocompradetalle` */

insert  into `ocompradetalle`(`OCOMDEP_Codigo`,`OCOMP_Codigo`,`COTIP_Codigo`,`PEDIP_Codigo`,`PROD_Codigo`,`UNDMED_Codigo`,`OCOMDEC_Pu`,`OCOMDEC_Igv100`,`OCOMDEC_Descuento100`,`OCOMDEC_Cantidad`,`OCOMDEC_Subtotal`,`OCOMDEC_Descuento`,`OCOMDEC_Descuento2`,`OCOMDEC_Igv`,`OCOMDEC_Total`,`OCOMDEC_Observacion`,`OCOMDEC_FechaModificacion`,`OCOMDEC_FechaRegistro`,`OCOMDEC_FlagIngreso`,`OCOMDEC_FlagEstado`) values 
(1,1,0,0,8,16,12,19,0,12,144,0,0,27.36,171.36,'Insertar',NULL,'2011-02-22 21:59:15','0','0'),
(2,1,0,0,2,1,2,19,0,4,8,0,0,1.52,9.52,'Insertar',NULL,'2011-02-22 21:59:15','0','0'),
(3,2,0,0,8,16,12,19,0,12,144,0,0,27.36,171.36,'Insertar',NULL,'2011-02-22 22:00:42','0','0'),
(4,2,0,0,2,1,2,19,0,4,8,0,0,1.52,9.52,'Insertar',NULL,'2011-02-22 22:00:42','0','0'),
(5,3,0,0,8,16,12,19,0,12,144,0,0,27.36,171.36,'Insertar',NULL,'2011-02-22 22:01:24','0','0'),
(6,3,0,0,2,1,2,19,0,4,8,0,0,1.52,9.52,'Insertar',NULL,'2011-02-22 22:01:25','0','0'),
(7,4,0,0,9,16,12,19,0,12,144,0,0,27.36,171.36,'Modificado','2011-02-22 10:03:06','2011-02-22 22:02:46','0','0'),
(8,4,0,0,2,1,34,19,0,1,34,0,0,6.46,40.46,'Modificado','2011-02-22 10:03:06','2011-02-22 22:02:46','0','0'),
(9,4,0,0,9,16,5,19,0,2,10,0,0,1.9,11.9,'Modificado','2011-02-22 10:03:06','2011-02-22 22:02:46','0','0'),
(10,5,2,0,8,16,5,19,0,12,60,0,0,11.4,71.4,'Modificado','2011-02-22 10:05:49','2011-02-22 22:05:23','0','0'),
(14,7,4,0,14,2,12,19,0,12,144,0,0,27.36,171.36,'Modificado','2011-06-01 06:43:28','2011-06-01 05:40:42','0','1'),
(15,7,4,0,20,7,2,19,0,22,44,0,0,8.36,52.36,'Modificado','2011-06-01 06:43:28','2011-06-01 05:40:42','0','1'),
(16,8,5,0,44,7,1,18,0,6,6,0,0,1.08,7.08,'Insertar',NULL,'2011-06-11 05:52:04','0','1'),
(17,8,5,0,49,7,2.5,18,0,12,30,0,0,5.4,35.4,'Insertar',NULL,'2011-06-11 05:52:04','0','1'),
(18,8,5,0,88,7,7.6,18,0,3,22.8,0,0,4.104,26.904,'Insertar',NULL,'2011-06-11 05:52:04','0','1'),
(19,9,0,0,41,7,33.5,18,0,10,335,0,0,60.3,395.3,'Insertar',NULL,'2011-06-11 06:32:03','0','1'),
(20,9,0,0,95,7,2.5,18,0,10,25,0,0,4.5,29.5,'Insertar',NULL,'2011-06-11 06:32:03','0','1'),
(21,9,0,0,96,7,4,18,0,2,8,0,0,1.44,9.44,'Insertar',NULL,'2011-06-11 06:32:03','0','1'),
(24,11,0,0,172,7,5,18,0,4,20,0,0,3.6,23.6,'Insertar',NULL,'2011-06-14 05:06:54','0','1'),
(25,11,0,0,123,7,4,18,0,5,20,0,0,3.6,23.6,'Insertar',NULL,'2011-06-14 05:06:54','0','1'),
(26,11,0,0,181,7,6,18,0,4,24,0,0,4.32,28.32,'Insertar',NULL,'2011-06-14 05:06:54','0','1'),
(27,12,0,0,177,7,12,18,0,3,36,0,0,6.48,42.48,'Modificado','2011-06-14 06:13:52','2011-06-14 05:13:37','0','1'),
(28,13,0,0,273,7,8.5,18,0,20,170,0,0,30.6,200.6,'Insertar',NULL,'2011-06-14 05:21:00','0','1'),
(29,14,6,0,123,7,0,18,0,0,0,0,0,0,0,'Insertar',NULL,'2011-06-18 03:55:32','0','1'),
(30,14,6,0,649,12,0,18,0,0,0,0,0,0,0,'Insertar',NULL,'2011-06-18 03:55:32','0','1'),
(31,14,6,0,870,16,0,18,0,0,0,0,0,0,0,'Insertar',NULL,'2011-06-18 03:55:32','0','1'),
(32,15,7,0,755,16,0,18,0,2,0,0,0,0,0,'Insertar',NULL,'2011-06-18 05:19:28','0','1'),
(33,15,7,0,862,16,0,18,0,3,0,0,0,0,0,'Insertar',NULL,'2011-06-18 05:19:28','0','1'),
(34,16,8,0,444,7,2,18,0,2,4,0,0,0.72,4.72,'Insertar',NULL,'2011-06-18 05:26:22','0','1'),
(35,16,8,0,709,16,2,18,0,5,10,0,0,1.8,11.8,'Insertar',NULL,'2011-06-18 05:26:22','0','1'),
(37,18,0,0,109,7,4.33,18,0,20,86.6,0,0,15.588,102.188,'Insertar',NULL,'2011-07-02 00:34:04','0','1'),
(38,19,0,0,1018,7,0.14,18,0,180,25.2,0,0,4.536,29.736,'Insertar',NULL,'2011-07-05 22:12:52','0','1'),
(39,20,0,0,1020,2,97.82,18,0,12,1173.84,0,0,211.2912,1385.1312,'Insertar',NULL,'2011-07-05 23:11:38','0','1'),
(40,21,0,0,1022,16,12.71,18,0,2,25.42,0,0,4.5756,29.9956,'Insertar',NULL,'2011-07-06 02:47:32','0','1'),
(41,22,0,0,1002,18,3.67,18,0,2,7.34,0,0,1.3212,8.6612,'Insertar',NULL,'2011-07-06 03:39:53','0','1'),
(43,24,0,0,1025,7,3.51,18,0,100,351,0,0,63.18,414.18,'Insertar',NULL,'2011-07-07 05:34:54','0','1'),
(44,25,0,0,1026,9,40.81,18,0,6,244.86,0,0,44.0748,288.9348,'Insertar',NULL,'2011-07-07 05:41:40','0','1'),
(45,26,0,0,106,7,1.36,18,0,20,27.2,0,0,4.896,32.096,'Insertar',NULL,'2011-07-07 05:44:33','0','1'),
(46,27,0,0,1027,2,3.3,18,0,10,33,0,0,5.94,38.94,'Modificado','2011-07-14 08:44:03','2011-07-07 05:56:18','0','1'),
(47,28,0,0,62,7,3.4,18,0,3,10.2,0,0,1.836,12.036,'Insertar',NULL,'2011-07-07 06:02:15','0','1'),
(48,29,0,0,1029,7,0.02975,18,0,500,14.875,0,0,2.6775,17.5525,'Modificado','2011-07-08 12:25:54','2011-07-07 22:22:25','1','1'),
(49,29,0,0,1028,16,0.1207,18,0,500,60.35,0,0,10.863,71.213,'Modificado','2011-07-08 12:25:54','2011-07-07 22:22:25','1','1'),
(50,29,0,0,1030,7,0.0153,18,0,1000,15.3,0,0,2.754,18.054,'Modificado','2011-07-08 12:25:54','2011-07-07 22:22:25','1','1'),
(51,29,0,0,1031,7,0.0323,18,0,1000,32.3,0,0,5.814,38.114,'Modificado','2011-07-08 12:25:54','2011-07-07 22:22:25','1','1'),
(52,29,0,0,1032,7,0.0807,18,0,1000,80.7,0,0,14.526,95.226,'Modificado','2011-07-08 12:25:54','2011-07-07 22:22:25','1','1'),
(53,29,0,0,1033,7,0.01955,18,0,2000,39.1,0,0,7.038,46.138,'Modificado','2011-07-08 12:25:54','2011-07-07 22:22:25','1','1'),
(54,30,0,0,1049,16,1.97,18,0,6,11.82,0,0,2.1276,13.9476,'Insertar',NULL,'2011-07-09 00:35:00','0','1'),
(55,30,0,0,1050,16,4.93,18,0,40,197.2,0,0,35.496,232.696,'Insertar',NULL,'2011-07-09 00:35:00','0','1'),
(56,31,0,0,1052,7,18.64,18,0,12,223.68,0,0,40.2624,263.9424,'Insertar',NULL,'2011-07-09 01:10:21','0','1'),
(57,32,0,0,1053,16,17.79,18,0,2,35.58,0,0,6.4044,41.9844,'Insertar',NULL,'2011-07-09 01:28:11','0','1'),
(58,33,0,0,1054,16,9.66,18,0,5,48.3,0,0,8.694,56.994,'Insertar',NULL,'2011-07-09 04:55:30','0','1'),
(59,34,0,0,1055,1,1.11,18,0,100,111,0,0,19.98,130.98,'Insertar',NULL,'2011-07-09 05:11:12','1','1'),
(60,35,0,0,1057,9,22,18,0,4,88,0,0,15.84,103.84,'Insertar',NULL,'2011-07-09 06:00:12','1','1'),
(61,35,0,0,1056,9,22,18,0,5,110,0,0,19.8,129.8,'Insertar',NULL,'2011-07-09 06:00:12','1','1'),
(62,35,0,0,1060,9,31.36,18,0,4,125.44,0,0,22.5792,148.0192,'Insertar',NULL,'2011-07-09 06:00:12','1','1'),
(63,36,0,0,1058,9,10.16,18,0,4,40.64,0,0,7.3152,47.9552,'Insertar',NULL,'2011-07-09 06:05:00','0','1'),
(64,37,0,0,1061,16,10.42,18,0,5,52.1,0,0,9.378,61.478,'Modificado','2011-07-13 05:31:36','2011-07-13 03:55:52','0','1'),
(65,37,0,0,1064,16,3.76,18,0,35,131.6,0,0,23.688,155.288,'Modificado','2011-07-13 05:31:36','2011-07-13 03:55:52','0','1'),
(66,37,0,0,1063,16,12.54,18,0,20,250.8,0,0,45.144,295.944,'Modificado','2011-07-13 05:31:36','2011-07-13 03:55:52','0','1'),
(67,38,0,0,1067,16,24.4,18,0,3,73.2,0,0,13.176,86.376,'Insertar',NULL,'2011-07-13 04:12:53','0','1'),
(68,39,0,0,1062,9,22.88,18,0,1,22.88,0,0,4.1184,26.9984,'Insertar',NULL,'2011-07-13 04:16:09','0','1'),
(69,40,0,0,1069,9,22.88,18,0,30,686.4,0,0,123.552,809.952,'Modificado','2011-07-13 05:50:47','2011-07-13 04:48:39','0','1'),
(70,41,0,0,1021,2,11.02,18,0,12,132.24,0,0,23.8032,156.0432,'Insertar',NULL,'2011-07-13 06:20:40','0','1'),
(71,42,0,0,1070,7,0.16,18,0,70,11.2,0,0,2.016,13.216,'Modificado','2011-07-13 08:06:25','2011-07-13 06:49:25','0','1'),
(72,42,0,0,1071,7,0.2,18,0,40,8,0,0,1.44,9.44,'Insertar',NULL,'2011-07-13 07:06:26','0','1'),
(73,43,0,0,1072,7,4.1,18,0,12,49.2,0,0,8.856,58.056,'Insertar',NULL,'2011-07-13 22:52:35','0','1'),
(74,43,0,0,461,7,0.69,18,0,100,69,0,0,12.42,81.42,'Insertar',NULL,'2011-07-13 22:52:35','0','1'),
(75,44,0,0,1021,2,11.02,18,0,12,132.24,0,0,23.8032,156.0432,'Insertar',NULL,'2011-07-13 22:58:08','0','1'),
(76,45,0,0,106,7,1.38,18,0,24,33.12,0,0,5.9616,39.0816,'Modificado','2011-07-14 08:56:17','2011-07-14 00:41:10','0','1'),
(77,45,0,0,62,7,2.58,18,0,12,30.96,0,0,5.5728,36.5328,'Modificado','2011-07-14 08:56:17','2011-07-14 00:41:10','0','1'),
(78,46,0,0,1073,1,3.18,18,0,20,63.6,0,0,11.448,75.048,'Insertar',NULL,'2011-07-14 01:17:35','0','1'),
(79,47,0,0,1074,1,2.54,18,0,20,50.8,0,0,9.144,59.944,'Insertar',NULL,'2011-07-14 03:24:16','0','1'),
(80,48,0,0,1075,16,48.22,18,0,6,289.32,0,0,52.0776,341.3976,'Modificado','2011-07-14 05:01:39','2011-07-14 03:50:25','0','1'),
(81,49,0,0,108,7,2.465,18,0,6,14.79,0,0,2.6622,17.4522,'Modificado','2011-07-14 08:03:27','2011-07-14 07:00:56','0','1'),
(83,49,0,0,128,7,2.145,18,0,9,19.305,0,0,3.4749,22.7799,'Insertar',NULL,'2011-07-14 07:03:27','0','1'),
(84,50,0,0,1079,7,20.76,18,0,3,62.28,0,0,11.2104,73.4904,'Insertar',NULL,'2011-07-14 07:09:03','0','1'),
(85,50,0,0,1080,9,49.27,18,0,4,197.08,0,0,35.4744,232.5544,'Insertar',NULL,'2011-07-14 07:09:03','0','1'),
(86,51,0,0,1081,18,103.72,18,0,10,1037.2,0,0,186.696,1223.896,'Modificado','2011-07-14 08:24:58','2011-07-14 07:16:02','0','1'),
(87,52,0,0,1082,18,6.08,18,0,1,6.08,0,0,1.0944,7.1744,'Insertar',NULL,'2011-07-14 07:32:42','0','1'),
(88,52,0,0,1083,18,19.94,18,0,1,19.94,0,0,3.5892,23.5292,'Insertar',NULL,'2011-07-14 07:32:42','0','1'),
(89,27,0,0,106,7,1.35,18,0,6,8.1,0,0,1.458,9.558,'Insertar',NULL,'2011-07-14 07:44:03','0','1'),
(90,53,0,0,1084,7,3.63,18,0,30,108.9,0,0,19.602,128.502,'Insertar',NULL,'2011-07-14 08:38:47','0','1'),
(91,54,0,0,1085,16,91.36,18,0,1,91.36,0,0,16.4448,107.8048,'Insertar',NULL,'2011-07-16 04:21:12','0','1'),
(92,55,0,0,1087,7,74.58,18,0,68,5071.44,0,0,912.8592,5984.2992,'Modificado','2011-07-20 01:47:43','2011-07-16 06:58:13','0','1'),
(93,56,0,0,1069,9,22.88,18,0,15,343.2,0,0,61.776,404.976,'Insertar',NULL,'2011-07-16 07:07:39','0','1'),
(94,57,0,0,1088,7,0.32,18,0,200,64,0,0,11.52,75.52,'Modificado','2011-07-18 10:39:38','2011-07-16 08:49:32','0','1'),
(95,58,0,0,1090,7,6.69,18,0,40,267.6,0,0,48.168,315.768,'Insertar',NULL,'2011-07-18 21:17:07','0','1'),
(96,59,0,0,1091,16,17.8,18,0,420,7476,0,0,1345.68,8821.68,'Insertar',NULL,'2011-07-18 21:42:56','0','1'),
(97,60,0,0,1092,19,8.48,18,0,1,8.48,0,0,1.5264,10.0064,'Insertar',NULL,'2011-07-18 22:00:23','0','1'),
(98,61,0,0,1093,15,16.02,18,0,100,1602,0,0,288.36,1890.36,'Insertar',NULL,'2011-07-18 22:49:12','0','1'),
(99,61,0,0,1095,15,16.02,18,0,50,801,0,0,144.18,945.18,'Insertar',NULL,'2011-07-18 22:49:12','0','1'),
(100,61,0,0,1097,19,9.32,18,0,40,372.8,0,0,67.104,439.904,'Insertar',NULL,'2011-07-18 22:49:12','0','1'),
(101,62,0,0,1107,9,22.52,18,0,8,180.16,0,0,32.4288,212.5888,'Modificado','2011-07-19 12:22:49','2011-07-18 23:19:08','0','1'),
(102,62,0,0,1105,9,56.38,18,0,4,225.52,0,0,40.5936,266.1136,'Modificado','2011-07-19 12:22:49','2011-07-18 23:19:08','0','1'),
(103,63,0,0,1108,19,0.97,18,0,20,19.4,0,0,3.492,22.892,'Insertar',NULL,'2011-07-18 23:40:46','0','1'),
(104,64,0,0,1086,16,17.37,18,0,100,1737,0,0,312.66,2049.66,'Modificado','2011-07-20 01:39:27','2011-07-18 23:48:39','0','1'),
(105,65,0,0,1121,16,21.61,18,0,6,129.66,0,0,23.3388,152.9988,'Modificado','2011-07-19 07:16:09','2011-07-19 06:06:59','1','1'),
(106,65,0,0,1050,16,13.53,18,0,25,338.25,0,0,60.885,399.135,'Modificado','2011-07-19 07:16:09','2011-07-19 06:06:59','1','1'),
(107,66,0,0,1129,7,672.27,18,0,4,2689.08,0,0,484.0344,3173.1144,'Insertar',NULL,'2011-07-20 03:56:30','0','1'),
(108,67,0,0,1033,7,1.8,18,0,12,21.6,0,0,3.888,25.488,'Insertar',NULL,'2011-07-20 09:52:30','0','1'),
(109,67,0,0,1096,16,2.6,18,0,2,5.2,0,0,0.936,6.136,'Insertar',NULL,'2011-07-20 09:52:30','0','1'),
(110,67,0,0,706,16,8,18,0,6,48,0,0,8.64,56.64,'Insertar',NULL,'2011-07-20 09:52:31','0','1'),
(111,68,0,0,946,16,1.8,18,10,12,21.6,2.16,1,3.888,22.328,'Insertar',NULL,'2011-07-20 10:21:53','0','1'),
(112,68,0,0,951,16,2.3,18,10,8,18.4,1.84,2,3.312,17.872,'Insertar',NULL,'2011-07-20 10:21:53','0','1'),
(113,68,0,0,1125,16,4.2,18,10,2,8.4,0.84,3,1.512,6.072,'Insertar',NULL,'2011-07-20 10:21:53','0','1'),
(114,69,0,0,949,16,1.5,18,8,2,3,0.24,0,0.54,3.3,'Modificado','2011-07-20 11:46:35','2011-07-20 10:41:07','0','1'),
(115,69,0,0,1096,16,3,18,8,12,36,2.88,0,6.48,39.6,'Modificado','2011-07-20 11:46:35','2011-07-20 10:41:07','0','1'),
(116,69,0,0,1094,16,6.3,18,8,8,50.4,4.032,0,9.072,55.44,'Modificado','2011-07-20 11:46:35','2011-07-20 10:41:07','0','1'),
(117,70,0,0,1030,7,3,18,0,2,6,0,0,1.08,7.08,'Modificado','2011-07-20 12:37:55','2011-07-20 11:36:42','0','1'),
(118,70,0,0,1033,7,1.5,18,0,5,7.5,0,0,1.35,8.85,'Modificado','2011-07-20 12:37:55','2011-07-20 11:36:42','0','1'),
(119,70,0,0,945,16,2,18,0,8,16,0,0,2.88,18.88,'Modificado','2011-07-20 12:37:55','2011-07-20 11:36:42','0','1'),
(120,71,0,0,948,16,8,18,0,12,96,0,0,17.28,113.28,'Insertar',NULL,'2011-07-20 14:14:23','1','1'),
(121,71,0,0,110,7,3,18,0,6,18,0,0,3.24,21.24,'Insertar',NULL,'2011-07-20 14:14:23','1','1'),
(122,72,0,0,110,7,2.3,18,0,11,25.3,0,0,4.554,29.854,'Insertar',NULL,'2011-07-21 10:36:06','1','1'),
(123,73,0,0,110,7,1.8,18,0,10,18,0,0,3.24,21.24,'Insertar',NULL,'2011-07-21 14:33:56','1','1'),
(124,74,0,0,526,7,2.2,18,0,20,44,0,0,7.92,51.92,'Insertar',NULL,'2011-07-21 15:14:45','1','1'),
(125,75,0,0,80,7,2.2,18,0,18,39.6,0,0,7.128,46.728,'Insertar',NULL,'2011-07-21 15:17:35','1','1'),
(126,76,0,0,82,7,3.4,18,0,12,40.8,0,0,7.344,48.144,'Insertar',NULL,'2011-07-21 15:19:03','0','1'),
(127,77,0,0,110,7,2.8,18,0,6,16.8,0,0,3.024,19.824,'Insertar',NULL,'2011-07-21 16:26:21','0','1'),
(128,78,0,0,934,16,3.9,18,0,4,15.6,0,0,2.808,18.408,'Insertar',NULL,'2011-07-21 16:56:12','1','1'),
(129,79,0,0,526,7,1.8,18,0,25,45,0,0,8.1,53.1,'Insertar',NULL,'2011-07-22 09:04:01','1','1'),
(130,80,0,0,934,16,5.8,18,0,17,98.6,0,0,17.748,116.348,'Insertar',NULL,'2011-07-22 10:05:44','1','1'),
(131,81,0,0,80,7,8.6,18,0,11,94.6,0,0,17.028,111.628,'Insertar',NULL,'2011-07-22 10:11:50','1','1'),
(132,82,0,0,1064,16,8.9,18,0,36,320.4,0,0,57.672,378.072,'Insertar',NULL,'2011-07-22 10:49:26','1','1'),
(133,83,0,0,526,7,8.6,18,0,12,103.2,0,0,18.576,121.776,'Insertar',NULL,'2011-07-22 11:33:59','1','1'),
(134,84,0,0,934,16,15.3,18,0,35,535.5,0,0,96.39,631.89,'Insertar',NULL,'2011-07-22 11:58:47','1','1'),
(135,84,0,0,1055,1,8.9,18,0,11,97.9,0,0,17.622,115.522,'Insertar',NULL,'2011-07-22 11:58:47','1','1'),
(136,85,0,0,934,16,8.9,18,0,58,516.2,0,0,92.916,609.116,'Insertar',NULL,'2011-07-22 12:18:37','1','1'),
(137,86,0,0,934,16,8.9,18,0,24,213.6,0,0,38.448,252.048,'Insertar',NULL,'2011-07-22 12:19:03','1','1');

/*Table structure for table `orden` */

DROP TABLE IF EXISTS `orden`;

CREATE TABLE `orden` (
  `ORDENP_Codigo` int(11) NOT NULL AUTO_INCREMENT,
  `COMPP_Codigo` int(11) DEFAULT NULL,
  `CLIP_Codigo` int(11) NOT NULL,
  `PROD_Codigo` int(11) NOT NULL,
  `MONED_Codigo` int(11) NOT NULL,
  `UBIGP_Codigo` int(11) NOT NULL,
  `ORDENC_Numero` int(11) DEFAULT NULL,
  `ORDENC_Descripcion` varchar(250) DEFAULT NULL,
  `ORDENC_Observacion` varchar(250) DEFAULT NULL,
  `ORDENC_Fecot` date DEFAULT NULL,
  `ORDENC_Finot` date DEFAULT NULL,
  `ORDENC_Fteot` date DEFAULT NULL,
  `ORDENC_Freot` date DEFAULT NULL,
  `ORDENC_Importe` int(11) DEFAULT NULL,
  `ORDENC_Peso` int(11) DEFAULT NULL,
  `ORDENC_FechaRegistro` timestamp NOT NULL DEFAULT CURRENT_TIMESTAMP,
  `ORDENC_FechaModificacion` datetime DEFAULT NULL,
  `ORDENC_FlagEstado` int(11) DEFAULT NULL,
  PRIMARY KEY (`ORDENP_Codigo`),
  KEY `FK_orden_compania` (`COMPP_Codigo`),
  KEY `FK_orden_cliente` (`CLIP_Codigo`),
  KEY `FK_orden_producto` (`PROD_Codigo`),
  KEY `FK_orden_moneda` (`MONED_Codigo`),
  CONSTRAINT `FK_orden_cliente` FOREIGN KEY (`CLIP_Codigo`) REFERENCES `cliente` (`CLIP_Codigo`) ON DELETE NO ACTION ON UPDATE NO ACTION,
  CONSTRAINT `FK_orden_compania` FOREIGN KEY (`COMPP_Codigo`) REFERENCES `compania` (`COMPP_Codigo`) ON DELETE NO ACTION ON UPDATE NO ACTION,
  CONSTRAINT `FK_orden_moneda` FOREIGN KEY (`MONED_Codigo`) REFERENCES `moneda` (`MONED_Codigo`) ON DELETE NO ACTION ON UPDATE NO ACTION,
  CONSTRAINT `FK_orden_producto` FOREIGN KEY (`PROD_Codigo`) REFERENCES `producto` (`PROD_Codigo`) ON DELETE NO ACTION ON UPDATE NO ACTION
) ENGINE=InnoDB AUTO_INCREMENT=2 DEFAULT CHARSET=latin1;

/*Data for the table `orden` */

insert  into `orden`(`ORDENP_Codigo`,`COMPP_Codigo`,`CLIP_Codigo`,`PROD_Codigo`,`MONED_Codigo`,`UBIGP_Codigo`,`ORDENC_Numero`,`ORDENC_Descripcion`,`ORDENC_Observacion`,`ORDENC_Fecot`,`ORDENC_Finot`,`ORDENC_Fteot`,`ORDENC_Freot`,`ORDENC_Importe`,`ORDENC_Peso`,`ORDENC_FechaRegistro`,`ORDENC_FechaModificacion`,`ORDENC_FlagEstado`) values 
(1,1,1,1,1,1,12,'SITE 1',NULL,NULL,NULL,NULL,NULL,NULL,NULL,'2014-11-12 08:08:20',NULL,NULL);

/*Table structure for table `ordencompra` */

DROP TABLE IF EXISTS `ordencompra`;

CREATE TABLE `ordencompra` (
  `OCOMP_Codigo` int(11) NOT NULL AUTO_INCREMENT,
  `COTIP_Codigo` int(11) NOT NULL,
  `PEDIP_Codigo` int(11) NOT NULL,
  `OCOMC_Serie` char(3) NOT NULL,
  `OCOMC_Numero` int(11) NOT NULL,
  `OCOMC_Contacto` int(11) NOT NULL DEFAULT '0',
  `OCOMC_descuento100` double NOT NULL,
  `OCOMC_igv100` double NOT NULL,
  `OCOMC_percepcion100` double NOT NULL,
  `PROVP_Codigo` int(11) NOT NULL,
  `USUA_Codigo` int(11) NOT NULL,
  `CENCOSP_Codigo` int(11) NOT NULL,
  `MONED_Codigo` int(11) NOT NULL,
  `FORPAP_Codigo` int(11) NOT NULL,
  `ALMAP_Codigo` int(11) NOT NULL,
  `OCOMC_subtotal` double NOT NULL,
  `OCOMC_descuento` double NOT NULL,
  `OCOMC_igv` double NOT NULL,
  `OCOMC_percepcion` double NOT NULL,
  `OCOMC_total` double NOT NULL,
  `OCOMC_Observacion` varchar(250) DEFAULT NULL,
  `OCOMC_Entregamos` varchar(250) DEFAULT NULL,
  `OCOMC_Recogemos` varchar(250) DEFAULT NULL,
  `OCOMC_PersonaAutorizada` varchar(250) DEFAULT NULL,
  `OCOMC_FechaRegistro` timestamp NOT NULL DEFAULT CURRENT_TIMESTAMP,
  `OCOMC_FechaModificacion` datetime DEFAULT NULL,
  `OCOMC_FlagIngreso` char(1) DEFAULT '0',
  `COMPP_Codigo` int(11) NOT NULL,
  `OCOMC_FlagAprobado` char(1) NOT NULL DEFAULT '0' COMMENT '0: No evaluado, 1: aprobado, 2: desaprobado',
  `OCOMC_FlagEstado` char(1) DEFAULT '1',
  `OCOMC_TipoOperacion` char(1) NOT NULL DEFAULT '1',
  PRIMARY KEY (`OCOMP_Codigo`,`COTIP_Codigo`,`PEDIP_Codigo`),
  KEY `FK_Reference_40` (`COTIP_Codigo`,`PEDIP_Codigo`),
  KEY `FK_Reference_47` (`PROVP_Codigo`),
  KEY `FK_Reference_48` (`USUA_Codigo`),
  KEY `FK_Reference_50` (`CENCOSP_Codigo`),
  KEY `FK_Reference_54` (`MONED_Codigo`),
  KEY `FK_cji_ordencompra_cji_ordencompra` (`COMPP_Codigo`),
  KEY `FORPAP_Codigo` (`FORPAP_Codigo`),
  KEY `ALMAP_Codigo` (`ALMAP_Codigo`),
  CONSTRAINT `FK_Reference_40` FOREIGN KEY (`COTIP_Codigo`, `PEDIP_Codigo`) REFERENCES `cotizacion` (`COTIP_Codigo`, `PEDIP_Codigo`) ON DELETE NO ACTION ON UPDATE NO ACTION,
  CONSTRAINT `FK_Reference_47` FOREIGN KEY (`PROVP_Codigo`) REFERENCES `proveedor` (`PROVP_Codigo`) ON DELETE NO ACTION ON UPDATE NO ACTION,
  CONSTRAINT `FK_Reference_48` FOREIGN KEY (`USUA_Codigo`) REFERENCES `usuario` (`USUA_Codigo`) ON DELETE NO ACTION ON UPDATE NO ACTION,
  CONSTRAINT `FK_Reference_50` FOREIGN KEY (`CENCOSP_Codigo`) REFERENCES `centrocosto` (`CENCOSP_Codigo`) ON DELETE NO ACTION ON UPDATE NO ACTION,
  CONSTRAINT `FK_Reference_54` FOREIGN KEY (`MONED_Codigo`) REFERENCES `moneda` (`MONED_Codigo`) ON DELETE NO ACTION ON UPDATE NO ACTION,
  CONSTRAINT `FK_cji_ordencompra_cji_ordencompra` FOREIGN KEY (`COMPP_Codigo`) REFERENCES `compania` (`COMPP_Codigo`) ON DELETE NO ACTION ON UPDATE NO ACTION,
  CONSTRAINT `ordencompra_ibfk_1` FOREIGN KEY (`FORPAP_Codigo`) REFERENCES `formapago` (`FORPAP_Codigo`) ON DELETE NO ACTION ON UPDATE NO ACTION,
  CONSTRAINT `ordencompra_ibfk_2` FOREIGN KEY (`ALMAP_Codigo`) REFERENCES `almacen` (`ALMAP_Codigo`) ON DELETE NO ACTION ON UPDATE NO ACTION
) ENGINE=InnoDB AUTO_INCREMENT=87 DEFAULT CHARSET=utf8;

/*Data for the table `ordencompra` */

insert  into `ordencompra`(`OCOMP_Codigo`,`COTIP_Codigo`,`PEDIP_Codigo`,`OCOMC_Serie`,`OCOMC_Numero`,`OCOMC_Contacto`,`OCOMC_descuento100`,`OCOMC_igv100`,`OCOMC_percepcion100`,`PROVP_Codigo`,`USUA_Codigo`,`CENCOSP_Codigo`,`MONED_Codigo`,`FORPAP_Codigo`,`ALMAP_Codigo`,`OCOMC_subtotal`,`OCOMC_descuento`,`OCOMC_igv`,`OCOMC_percepcion`,`OCOMC_total`,`OCOMC_Observacion`,`OCOMC_Entregamos`,`OCOMC_Recogemos`,`OCOMC_PersonaAutorizada`,`OCOMC_FechaRegistro`,`OCOMC_FechaModificacion`,`OCOMC_FlagIngreso`,`COMPP_Codigo`,`OCOMC_FlagAprobado`,`OCOMC_FlagEstado`,`OCOMC_TipoOperacion`) values 
(0,0,0,'001',0,0,0,0,0,0,7,1,1,1,1,0,0,0,0,0,'0',NULL,NULL,NULL,'2011-02-14 10:20:43',NULL,'0',1,'0','1','1'),
(1,0,0,'001',37,0,0,19,0,38,7,1,1,1,1,152,0,28,0,180,'sdfsdf',NULL,NULL,NULL,'2011-02-22 21:59:15',NULL,'0',1,'0','0','1'),
(2,0,0,'001',38,0,0,19,0,38,7,1,1,1,1,152,0,28,0,180,'sdfsdf',NULL,NULL,NULL,'2011-02-22 22:00:41',NULL,'0',1,'0','0','1'),
(3,0,0,'001',39,0,0,19,0,38,7,1,1,1,1,152,0,28,0,180,'sdfsdf',NULL,NULL,NULL,'2011-02-22 22:01:19',NULL,'0',1,'0','0','1'),
(4,0,0,'001',40,0,0,19,0,41,7,1,1,1,1,188,0,34,0,222,'asdfsdf',NULL,NULL,NULL,'2011-02-22 22:02:45',NULL,'0',1,'0','0','1'),
(5,2,0,'001',41,0,0,19,0,27,7,1,1,1,1,60,0,11,0,71,'',NULL,NULL,NULL,'2011-02-22 22:05:23',NULL,'0',1,'0','0','1'),
(7,4,0,'',43,0,0,19,0,10,7,1,1,1,1,188,0,35,0,223,'urtuyur gg',NULL,NULL,NULL,'2011-06-01 05:40:42',NULL,'0',1,'0','1','1'),
(8,5,0,'',44,0,0,18,0,32,7,1,1,1,1,58.8,0,10.584,0,69.384,'hjfgjfgjgfj',NULL,NULL,NULL,'2011-06-11 05:52:04',NULL,'0',1,'0','1','1'),
(9,0,0,'',45,0,0,18,0,37,10,1,1,9,1,368,0,66.24,0,434.24,'',NULL,NULL,NULL,'2011-06-11 06:32:03',NULL,'0',1,'0','1','1'),
(11,0,0,'',47,0,0,18,0,32,7,1,1,2,1,64,0,11.52,0,75.52,'',NULL,NULL,NULL,'2011-06-14 05:06:54',NULL,'0',1,'0','1','1'),
(12,0,0,'',48,0,0,18,0,10,7,1,2,8,1,36,0,6.48,0,42.48,'',NULL,NULL,NULL,'2011-06-14 05:13:37',NULL,'0',1,'0','1','1'),
(13,0,0,'',49,0,0,18,0,24,10,1,1,11,1,170,0,30.6,0,200.6,'',NULL,NULL,NULL,'2011-06-14 05:21:00',NULL,'0',1,'0','1','1'),
(14,6,0,'',50,0,0,18,0,23,7,1,1,1,1,0,0,0,0,0,'',NULL,NULL,NULL,'2011-06-18 03:55:31',NULL,'0',1,'0','1','1'),
(15,7,0,'',51,0,0,18,0,28,7,1,1,1,1,0,0,0,0,0,'',NULL,NULL,NULL,'2011-06-18 05:19:28',NULL,'0',1,'0','1','1'),
(16,8,0,'',52,0,0,18,0,50,7,1,1,1,1,14,0,2.52,0,16.52,'JKLHJKH',NULL,NULL,NULL,'2011-06-18 05:26:22',NULL,'0',1,'0','1','1'),
(17,0,0,'',54,0,0,18,0,4,10,1,2,8,1,86.6,0,15.588,0,102.188,'',NULL,NULL,NULL,'2011-07-02 00:16:46',NULL,'0',1,'0','1','1'),
(18,0,0,'',55,0,0,18,0,4,10,1,2,8,1,86.6,0,15.588,0,102.188,'',NULL,NULL,NULL,'2011-07-02 00:34:04',NULL,'0',1,'0','1','1'),
(19,0,0,'',56,0,0,18,0,24,10,1,1,9,1,25.2,0,4.536,0,29.736,'',NULL,NULL,NULL,'2011-07-05 22:12:52',NULL,'0',1,'0','1','1'),
(20,0,0,'',57,0,0,18,0,22,10,1,1,9,1,1173.84,0,211.2912,0,1385.1312,'',NULL,NULL,NULL,'2011-07-05 23:11:33',NULL,'0',1,'0','1','1'),
(21,0,0,'',58,0,0,18,0,64,10,1,1,9,1,25.42,0,4.5756,0,29.9956,'',NULL,NULL,NULL,'2011-07-06 02:47:32',NULL,'0',1,'0','1','1'),
(22,0,0,'',59,0,0,18,0,15,10,1,1,9,1,7.34,0,1.3212,0,8.6612,'',NULL,NULL,NULL,'2011-07-06 03:39:52',NULL,'0',1,'0','1','1'),
(23,0,0,'',60,0,0,18,0,15,10,1,1,9,1,54.2,0,9.756,0,63.956,'',NULL,NULL,NULL,'2011-07-07 04:40:16',NULL,'0',1,'0','1','1'),
(24,0,0,'',61,0,0,18,0,15,10,1,1,9,1,351,0,63.18,0,414.18,'',NULL,NULL,NULL,'2011-07-07 05:34:54',NULL,'0',1,'0','1','1'),
(25,0,0,'',62,0,0,18,0,51,10,1,1,9,1,244.86,0,44.0748,0,288.9348,'',NULL,NULL,NULL,'2011-07-07 05:41:40',NULL,'0',1,'0','1','1'),
(26,0,0,'',63,0,0,18,0,4,10,1,2,9,1,27.2,0,4.896,0,32.096,'',NULL,NULL,NULL,'2011-07-07 05:44:33',NULL,'0',1,'0','1','1'),
(27,0,0,'',64,0,0,18,0,4,10,1,2,9,1,41.1,0,7.398,0,48.498,'',NULL,NULL,NULL,'2011-07-07 05:56:18',NULL,'0',1,'0','1','1'),
(28,0,0,'',65,0,0,18,0,4,10,1,2,9,1,10.2,0,1.836,0,12.036,'',NULL,NULL,NULL,'2011-07-07 06:02:15',NULL,'0',1,'0','1','1'),
(29,0,0,'',66,0,0,18,0,66,10,1,2,9,1,242.625,0,43.6725,0,286.2975,'',NULL,NULL,NULL,'2011-07-07 22:22:25',NULL,'1',1,'0','1','1'),
(30,0,0,'',67,0,0,18,0,13,10,1,2,11,1,209.02,0,0,0,246.6436,'',NULL,NULL,NULL,'2011-07-09 00:34:58',NULL,'0',1,'0','1','1'),
(31,0,0,'',68,0,0,18,0,68,10,1,1,9,1,223.68,0,40.2624,0,263.9424,'',NULL,NULL,NULL,'2011-07-09 01:10:21',NULL,'0',1,'0','1','1'),
(32,0,0,'',69,0,0,18,0,64,10,1,1,9,1,35.58,0,6.4044,0,41.9844,'',NULL,NULL,NULL,'2011-07-09 01:28:11',NULL,'0',1,'0','1','1'),
(33,0,0,'',70,0,0,18,0,9,10,1,1,9,1,48.3,0,8.694,0,56.994,'',NULL,NULL,NULL,'2011-07-09 04:55:30',NULL,'0',1,'0','1','1'),
(34,0,0,'',71,0,0,18,0,13,10,1,2,11,1,111,0,19.98,0,130.98,'',NULL,NULL,NULL,'2011-07-09 05:11:12',NULL,'1',1,'0','1','1'),
(35,0,0,'',72,0,0,18,0,20,10,1,1,9,1,323.44,0,58.2192,0,381.6592,'',NULL,NULL,NULL,'2011-07-09 06:00:12',NULL,'1',1,'0','1','1'),
(36,0,0,'',73,0,0,18,0,65,10,1,1,9,1,40.64,0,7.3152,0,47.9552,'',NULL,NULL,NULL,'2011-07-09 06:05:00',NULL,'0',1,'0','1','1'),
(37,0,0,'',74,0,0,18,0,13,10,1,2,11,1,443.19,0,78.21,0,512.71,'',NULL,NULL,NULL,'2011-07-13 03:55:52',NULL,'0',1,'0','1','1'),
(38,0,0,'',75,0,0,18,0,46,10,1,1,9,1,73.2,0,13.176,0,86.376,'',NULL,NULL,NULL,'2011-07-13 04:12:50',NULL,'0',1,'0','1','1'),
(39,0,0,'',76,0,0,18,0,20,10,1,1,9,1,22.88,0,4.1184,0,26.9984,'',NULL,NULL,NULL,'2011-07-13 04:16:08',NULL,'0',1,'0','1','1'),
(40,0,0,'',77,0,0,18,0,20,10,1,1,9,1,700.128,0,123.552,0,809.952,'',NULL,NULL,NULL,'2011-07-13 04:48:39',NULL,'0',1,'0','1','1'),
(41,0,0,'',78,0,0,18,0,64,10,1,1,9,1,132.24,0,23.8032,0,156.0432,'',NULL,NULL,NULL,'2011-07-13 06:20:39',NULL,'0',1,'0','1','1'),
(42,0,0,'',79,0,0,18,0,69,10,1,1,9,1,19.2,0,3.456,0,22.656,'',NULL,NULL,NULL,'2011-07-13 06:49:25',NULL,'0',1,'0','1','1'),
(43,0,0,'',80,0,0,18,0,65,10,1,1,9,1,118.2,0,21.276,0,139.476,'',NULL,NULL,NULL,'2011-07-13 22:52:35',NULL,'0',1,'0','1','1'),
(44,0,0,'',81,0,0,18,0,64,10,1,1,9,1,132.24,0,23.8032,0,156.0432,'',NULL,NULL,NULL,'2011-07-13 22:58:08',NULL,'0',1,'0','1','1'),
(45,0,0,'',82,0,0,18,0,4,10,1,2,8,1,64.08,0,11.5344,0,75.6144,'el rodillo toro es color melon ',NULL,NULL,NULL,'2011-07-14 00:41:10',NULL,'0',1,'0','1','1'),
(46,0,0,'',83,0,0,18,0,46,10,1,1,9,1,63.6,0,11.448,0,75.048,'',NULL,NULL,NULL,'2011-07-14 01:17:35',NULL,'0',1,'0','1','1'),
(47,0,0,'',84,0,0,18,0,70,10,1,1,9,1,50.8,0,9.144,0,59.944,'',NULL,NULL,NULL,'2011-07-14 03:24:16',NULL,'0',1,'0','1','1'),
(48,0,0,'',85,0,0,18,0,37,10,1,1,9,1,289.32,0,52.0776,0,341.3976,'',NULL,NULL,NULL,'2011-07-14 03:50:25',NULL,'0',1,'0','1','1'),
(49,0,0,'',86,0,0,18,0,4,10,1,2,8,1,34.095,0,6.1371,0,40.2321,'',NULL,NULL,NULL,'2011-07-14 07:00:56',NULL,'0',1,'0','1','1'),
(50,0,0,'',87,0,0,18,0,20,10,1,1,9,1,259.36,0,46.6848,0,306.0448,'',NULL,NULL,NULL,'2011-07-14 07:09:03',NULL,'0',1,'0','1','1'),
(51,0,0,'',88,0,0,18,0,20,10,1,1,9,1,1037.2,0,186.696,0,1223.896,'',NULL,NULL,NULL,'2011-07-14 07:16:02',NULL,'0',1,'0','1','1'),
(52,0,0,'',89,0,0,18,0,4,10,1,2,9,1,26.02,0,4.6836,0,30.7036,'',NULL,NULL,NULL,'2011-07-14 07:32:42',NULL,'0',1,'0','1','1'),
(53,0,0,'',90,0,0,18,0,4,10,1,2,9,1,108.9,0,19.602,0,128.502,'',NULL,NULL,NULL,'2011-07-14 08:38:47',NULL,'0',1,'0','1','1'),
(54,0,0,'',91,0,0,18,0,71,10,1,2,9,1,91.36,0,16.4448,0,107.8048,'',NULL,NULL,NULL,'2011-07-16 04:21:12',NULL,'0',1,'0','1','1'),
(55,0,0,'',92,0,0,18,0,72,10,1,1,9,1,5071.44,0,912.8592,0,5984.2992,'','','','','2011-07-16 06:58:13',NULL,'0',1,'0','1','1'),
(56,0,0,'',93,0,0,18,0,20,10,1,1,11,1,343.2,0,61.776,0,404.976,'',NULL,NULL,NULL,'2011-07-16 07:07:39',NULL,'0',1,'0','1','1'),
(57,0,0,'',94,0,0,18,0,16,10,1,1,9,1,64,0,11.52,0,75.52,'',NULL,NULL,NULL,'2011-07-16 08:49:32',NULL,'0',1,'0','1','1'),
(58,0,0,'',95,0,0,18,0,39,10,1,1,9,1,267.6,0,48.168,0,315.768,'',NULL,NULL,NULL,'2011-07-18 21:17:07',NULL,'0',1,'0','1','1'),
(59,0,0,'',96,0,0,18,0,23,10,1,1,11,1,7476,0,1345.68,0,8821.68,'',NULL,NULL,NULL,'2011-07-18 21:42:56',NULL,'0',1,'0','1','1'),
(60,0,0,'',97,0,0,18,0,24,10,1,1,3,1,8.48,0,1.5264,0,10.0064,'',NULL,NULL,NULL,'2011-07-18 22:00:23',NULL,'0',1,'0','1','1'),
(61,0,0,'',98,0,0,18,0,73,10,1,1,11,1,2775.8,0,499.644,0,3275.444,'',NULL,NULL,NULL,'2011-07-18 22:49:12',NULL,'0',1,'0','1','1'),
(62,0,0,'',99,0,0,18,0,20,10,1,1,11,1,405.68,0,73.0224,0,478.7024,'YA SE ENCUENTRA INCLUIDA LA PERCEPCION. ',NULL,NULL,NULL,'2011-07-18 23:19:08',NULL,'0',1,'0','1','1'),
(63,0,0,'',100,0,0,18,0,27,10,1,1,9,1,19.4,0,3.492,0,22.892,'',NULL,NULL,NULL,'2011-07-18 23:40:46',NULL,'0',1,'0','1','1'),
(64,0,0,'',101,0,0,18,0,72,10,1,1,9,1,1737,0,312.66,0,2049.66,'','','','','2011-07-18 23:48:39',NULL,'0',1,'0','1','1'),
(65,0,0,'',102,0,0,18,0,13,10,1,1,9,1,467.91,0,84.2238,0,552.1338,'VARILLAS DE 12MM COMERCIAL. ',NULL,NULL,NULL,'2011-07-19 06:06:59',NULL,'1',1,'0','1','1'),
(66,0,0,'',103,0,0,18,0,74,10,1,2,9,1,2689.08,0,484.0344,0,3173.1144,'','CALLE HUARI N° 158 URB. MESA REDONDA LOS OLIVOS ','','sr. carlos','2011-07-20 03:56:29',NULL,'0',1,'0','1','1'),
(67,0,0,'',104,0,0,18,0,11,7,1,1,1,1,74.8,0,13.46,0,101.5,'asdfasdfasdf','wwww','casa','yo','2011-07-20 09:52:30',NULL,'0',1,'0','1','1'),
(68,0,0,'',105,0,10,18,10,16,7,1,1,2,1,48.4,10.84,8.71,123,50.9,'ert353534535','','','','2011-07-20 10:21:53',NULL,'0',1,'0','1','1'),
(69,0,0,'',106,0,8,18,0,48,7,1,1,4,1,89.4,7.15,16.09,0,98.34,'rtyeyertyertyretyrty htreyrty fdsfsdf','','','','2011-07-20 10:41:07',NULL,'0',1,'0','1','1'),
(70,0,0,'',107,27,0,18,8,10,7,1,2,2,1,29.5,0,5.31,2.78,37.59,'gsdfgsdfg gsddfg','','','','2011-07-20 11:36:42',NULL,'0',1,'0','1','1'),
(71,0,0,'',108,0,0,18,0,29,7,1,1,3,2,114,0,20.52,0,134.52,'ASDF','','','','2011-07-20 14:14:23',NULL,'1',1,'0','1','1'),
(72,0,0,'',109,0,0,18,0,24,7,1,2,4,2,25.3,0,4.55,0,29.85,'jk, lkllklk','','','','2011-07-21 10:36:06',NULL,'1',1,'0','1','1'),
(73,0,0,'',110,0,0,18,0,54,7,1,1,3,2,18,0,3.24,0,21.24,'asdfasdf','','','','2011-07-21 14:33:56',NULL,'1',1,'0','1','1'),
(74,0,0,'',111,0,0,18,0,37,7,1,1,1,1,44,0,7.92,0,51.92,'sdfgdfg','','','','2011-07-21 15:14:45',NULL,'1',1,'0','1','1'),
(75,0,0,'',112,0,0,18,0,45,7,1,1,2,2,39.6,0,7.13,0,46.73,'aafasdf fassdf','','','','2011-07-21 15:17:35',NULL,'1',1,'0','1','1'),
(76,0,0,'',113,0,0,18,0,27,7,1,1,5,2,40.8,0,7.34,0,48.14,' fdsaf dfsaf','','','','2011-07-21 15:19:03',NULL,'0',1,'0','1','1'),
(77,0,0,'',114,0,0,18,0,54,7,1,1,1,2,16.8,0,3.02,0,19.82,'gds g fsdg gfs tretet','','','','2011-07-21 16:26:21',NULL,'0',1,'0','1','1'),
(78,0,0,'',115,0,0,18,0,29,7,1,1,1,1,15.6,0,2.81,0,18.41,'zxcxczxc','','','','2011-07-21 16:56:12',NULL,'1',1,'0','1','1'),
(79,0,0,'',116,0,0,18,0,51,7,1,1,5,1,45,0,8.1,0,53.1,'klñjñj lñlñ','','','','2011-07-22 09:04:01',NULL,'1',1,'0','1','1'),
(80,0,0,'',117,0,0,18,0,9,7,1,1,3,1,98.6,0,17.75,0,116.35,'asdsad dsadasd','','','','2011-07-22 10:05:44',NULL,'1',1,'0','1','1'),
(81,0,0,'',118,0,0,18,0,23,7,1,1,1,1,94.6,0,17.03,0,111.63,'gdfgdfgfd','','','','2011-07-22 10:11:50',NULL,'1',1,'0','1','1'),
(82,0,0,'',119,0,0,18,0,31,7,1,1,3,1,320.4,0,57.67,0,378.07,'lñklñ kkkkk kkkk','','','','2011-07-22 10:49:26',NULL,'1',1,'0','1','1'),
(83,0,0,'',120,0,0,18,0,14,7,1,1,3,1,103.2,0,18.58,0,121.78,'sfdgdsfgdfg','','','','2011-07-22 11:33:59',NULL,'1',1,'0','1','1'),
(84,0,0,'',121,0,0,18,0,54,7,1,1,3,1,633.4,0,114.01,0,747.41,'gretre ter ttert ete tetert ertetert te','','','','2011-07-22 11:58:47',NULL,'1',1,'0','1','1'),
(85,0,0,'',122,0,0,18,0,44,7,1,1,12,1,516.2,0,92.92,0,609.12,'','','','','2011-07-22 12:18:37',NULL,'1',1,'0','1','1'),
(86,0,0,'',123,0,0,18,0,44,7,1,1,3,1,213.6,0,38.45,0,252.05,'','','','','2011-07-22 12:19:03',NULL,'1',1,'0','1','1');

/*Table structure for table `pagos` */

DROP TABLE IF EXISTS `pagos`;

CREATE TABLE `pagos` (
  `pagos_id` int(11) unsigned DEFAULT NULL,
  `COMPP_Codigo` int(11) DEFAULT NULL,
  `NroVoucher` char(7) DEFAULT NULL,
  `FecEmi` date DEFAULT NULL
) ENGINE=MyISAM DEFAULT CHARSET=latin1;

/*Data for the table `pagos` */

insert  into `pagos`(`pagos_id`,`COMPP_Codigo`,`NroVoucher`,`FecEmi`) values 
(1,1,'1235','2014-09-30');

/*Table structure for table `pedido` */

DROP TABLE IF EXISTS `pedido`;

CREATE TABLE `pedido` (
  `PEDIP_Codigo` int(11) NOT NULL AUTO_INCREMENT,
  `PEDIC_Numero` int(11) DEFAULT NULL,
  `CENCOST_Codigo` int(11) DEFAULT NULL,
  `USUA_Codigo` int(11) DEFAULT NULL,
  `USUA_Responsable` int(11) DEFAULT NULL,
  `COMPP_Codigo` int(11) NOT NULL,
  `PEDIC_Observacion` varchar(250) DEFAULT NULL,
  `PEDIC_FechaRegistro` timestamp NOT NULL DEFAULT CURRENT_TIMESTAMP,
  `PEDIC_FechaModificacion` datetime DEFAULT NULL,
  `PEDIC_FlagCotizado` char(1) DEFAULT '0',
  `PEDIC_FlagCompra` char(1) DEFAULT '0',
  `PEDIC_FlagIngreso` char(1) DEFAULT '0',
  `PEDIC_FlagEstado` char(1) DEFAULT '1',
  PRIMARY KEY (`PEDIP_Codigo`),
  KEY `FK_Reference_34` (`CENCOST_Codigo`),
  KEY `FK_Reference_35` (`USUA_Codigo`),
  KEY `FK_Reference_36` (`USUA_Responsable`),
  KEY `FK_cji_pedido_cji_compania` (`COMPP_Codigo`),
  CONSTRAINT `FK_Reference_34` FOREIGN KEY (`CENCOST_Codigo`) REFERENCES `centrocosto` (`CENCOSP_Codigo`) ON DELETE NO ACTION ON UPDATE NO ACTION,
  CONSTRAINT `FK_Reference_35` FOREIGN KEY (`USUA_Codigo`) REFERENCES `usuario` (`USUA_Codigo`) ON DELETE NO ACTION ON UPDATE NO ACTION,
  CONSTRAINT `FK_Reference_36` FOREIGN KEY (`USUA_Responsable`) REFERENCES `usuario` (`USUA_Codigo`) ON DELETE NO ACTION ON UPDATE NO ACTION,
  CONSTRAINT `FK_cji_pedido_cji_compania` FOREIGN KEY (`COMPP_Codigo`) REFERENCES `compania` (`COMPP_Codigo`) ON DELETE NO ACTION ON UPDATE NO ACTION
) ENGINE=InnoDB DEFAULT CHARSET=utf8;

/*Data for the table `pedido` */

insert  into `pedido`(`PEDIP_Codigo`,`PEDIC_Numero`,`CENCOST_Codigo`,`USUA_Codigo`,`USUA_Responsable`,`COMPP_Codigo`,`PEDIC_Observacion`,`PEDIC_FechaRegistro`,`PEDIC_FechaModificacion`,`PEDIC_FlagCotizado`,`PEDIC_FlagCompra`,`PEDIC_FlagIngreso`,`PEDIC_FlagEstado`) values 
(0,0,1,7,7,1,'POR DEFECTO','2011-02-11 11:44:26',NULL,'0','0','0','1');

/*Table structure for table `pedidodetalle` */

DROP TABLE IF EXISTS `pedidodetalle`;

CREATE TABLE `pedidodetalle` (
  `PEDIDETP_Codigo` int(11) NOT NULL,
  `PEDIP_Codigo` int(11) NOT NULL,
  `PROD_Codigo` int(11) NOT NULL,
  `UNDMED_Codigo` int(11) NOT NULL,
  `PEDIDETC_Cantidad` double DEFAULT NULL,
  `PEDIDETC_FechaRegistro` timestamp NOT NULL DEFAULT CURRENT_TIMESTAMP,
  `PEDIDETC_FechaModificacion` datetime DEFAULT NULL,
  `PEDIDETC_Observacion` varchar(250) DEFAULT NULL,
  `PEDIDETC_FlagCotizado` char(1) DEFAULT '0',
  `PEDIDETC_FlagCompra` char(1) DEFAULT '0',
  `PEDIDETC_FlagIngreso` char(1) DEFAULT '0',
  `PEDIDETC_FlagEstado` char(1) DEFAULT '1',
  PRIMARY KEY (`PEDIDETP_Codigo`,`PEDIP_Codigo`,`PROD_Codigo`),
  KEY `FK_Reference_37` (`PEDIP_Codigo`),
  KEY `FK_Reference_38` (`PROD_Codigo`),
  KEY `FK_cji_pedidodetalle_cji_unidadmedida` (`UNDMED_Codigo`),
  CONSTRAINT `FK_Reference_37` FOREIGN KEY (`PEDIP_Codigo`) REFERENCES `pedido` (`PEDIP_Codigo`) ON DELETE NO ACTION ON UPDATE NO ACTION,
  CONSTRAINT `FK_Reference_38` FOREIGN KEY (`PROD_Codigo`) REFERENCES `producto` (`PROD_Codigo`) ON DELETE NO ACTION ON UPDATE NO ACTION,
  CONSTRAINT `FK_cji_pedidodetalle_cji_unidadmedida` FOREIGN KEY (`UNDMED_Codigo`) REFERENCES `unidadmedida` (`UNDMED_Codigo`) ON DELETE NO ACTION ON UPDATE NO ACTION
) ENGINE=InnoDB DEFAULT CHARSET=utf8;

/*Data for the table `pedidodetalle` */

/*Table structure for table `permiso` */

DROP TABLE IF EXISTS `permiso`;

CREATE TABLE `permiso` (
  `PERM_Codigo` int(11) NOT NULL AUTO_INCREMENT,
  `ROL_Codigo` int(11) NOT NULL,
  `MENU_Codigo` int(11) NOT NULL,
  `COMPP_Codigo` int(11) NOT NULL,
  `PERM_FlagEstado` char(1) DEFAULT '1',
  PRIMARY KEY (`PERM_Codigo`),
  UNIQUE KEY `ROL_Codigo_MENU_Codigo` (`ROL_Codigo`,`MENU_Codigo`),
  KEY `FK_cji_permiso_cji_menu` (`MENU_Codigo`),
  KEY `COMPP_Codigo` (`COMPP_Codigo`),
  CONSTRAINT `FK_cji_permiso_cji_menu` FOREIGN KEY (`MENU_Codigo`) REFERENCES `menu` (`MENU_Codigo`) ON DELETE NO ACTION ON UPDATE NO ACTION,
  CONSTRAINT `FK_cji_permiso_cji_rol` FOREIGN KEY (`ROL_Codigo`) REFERENCES `rol` (`ROL_Codigo`) ON DELETE NO ACTION ON UPDATE NO ACTION,
  CONSTRAINT `permiso_ibfk_1` FOREIGN KEY (`COMPP_Codigo`) REFERENCES `compania` (`COMPP_Codigo`) ON DELETE NO ACTION ON UPDATE NO ACTION
) ENGINE=InnoDB AUTO_INCREMENT=78 DEFAULT CHARSET=utf8;

/*Data for the table `permiso` */

insert  into `permiso`(`PERM_Codigo`,`ROL_Codigo`,`MENU_Codigo`,`COMPP_Codigo`,`PERM_FlagEstado`) values 
(2,4,2,1,'1'),
(4,4,3,1,'1'),
(5,4,4,1,'1'),
(6,4,5,1,'1'),
(7,4,6,1,'1'),
(8,4,7,1,'1'),
(9,4,8,1,'1'),
(13,1,2,1,'1'),
(14,1,7,1,'1'),
(17,4,10,1,'1'),
(18,4,11,1,'1'),
(19,4,12,1,'1'),
(20,4,13,1,'1'),
(21,4,14,1,'1'),
(22,4,15,1,'1'),
(23,4,16,1,'1'),
(24,4,17,1,'1'),
(25,4,18,1,'1'),
(26,4,19,1,'1'),
(27,4,20,1,'1'),
(28,4,21,1,'1'),
(29,4,22,1,'1'),
(30,4,23,1,'1'),
(31,4,24,1,'1'),
(32,4,25,1,'1'),
(33,4,26,1,'1'),
(34,4,27,1,'1'),
(35,4,28,1,'1'),
(36,4,29,1,'1'),
(37,4,30,1,'1'),
(39,4,32,1,'1'),
(40,4,33,1,'1'),
(41,4,34,1,'1'),
(42,4,35,1,'1'),
(43,4,36,1,'1'),
(44,4,37,1,'1'),
(45,4,38,1,'1'),
(46,4,39,1,'1'),
(47,4,40,1,'1'),
(48,4,31,1,'1'),
(53,4,46,1,'1'),
(58,4,49,1,'1'),
(59,4,47,1,'1'),
(60,4,48,1,'1'),
(61,4,50,1,'1'),
(62,4,51,1,'1'),
(63,4,52,1,'1'),
(64,4,53,1,'1'),
(65,4,54,1,'1'),
(66,4,55,1,'1'),
(67,4,56,1,'1'),
(68,4,57,1,'1'),
(69,4,58,1,'1'),
(71,4,59,1,'1'),
(72,4,60,1,'1'),
(73,4,61,1,'1'),
(74,4,62,1,'1'),
(75,4,63,1,'1'),
(76,4,64,1,'1'),
(77,4,65,1,'1');

/*Table structure for table `persona` */

DROP TABLE IF EXISTS `persona`;

CREATE TABLE `persona` (
  `PERSP_Codigo` int(11) NOT NULL AUTO_INCREMENT,
  `COMPP_Codigo` int(11) NOT NULL DEFAULT '0',
  `UBIGP_LugarNacimiento` char(6) NOT NULL,
  `UBIGP_Domicilio` char(6) NOT NULL,
  `ESTCP_EstadoCivil` int(11) NOT NULL,
  `NACP_Nacionalidad` int(11) NOT NULL,
  `PERSC_TipoDocIdentidad` int(11) DEFAULT NULL,
  `PERSC_Nombre` varchar(150) DEFAULT NULL,
  `PERSC_ApellidoPaterno` varchar(150) DEFAULT NULL,
  `PERSC_ApellidoMaterno` varchar(150) DEFAULT NULL,
  `PERSC_Ruc` varchar(11) DEFAULT NULL,
  `PERSC_NumeroDocIdentidad` varchar(50) DEFAULT NULL,
  `PERSC_Direccion` varchar(250) DEFAULT NULL,
  `PERSC_Telefono` varchar(20) DEFAULT NULL,
  `PERSC_Movil` varchar(20) DEFAULT NULL,
  `PERSC_Fax` varchar(20) DEFAULT NULL,
  `PERSC_Email` varchar(200) DEFAULT NULL,
  `PERSC_Domicilio` varchar(250) DEFAULT NULL,
  `PERSC_Web` varchar(250) DEFAULT NULL,
  `PERSC_Sexo` char(2) DEFAULT NULL,
  `PERSC_FechaNacimiento` date DEFAULT NULL,
  `PERSC_FechaRegistro` timestamp NULL DEFAULT CURRENT_TIMESTAMP,
  `PERSC_FechaModificacion` datetime DEFAULT NULL,
  `PERSC_FlagEstado` char(1) DEFAULT '1',
  PRIMARY KEY (`PERSP_Codigo`),
  KEY `fk_CJ_PERSONA_CJ_UBIGEO` (`UBIGP_LugarNacimiento`),
  KEY `fk_CJ_PERSONA_CJ_UBIGEO1` (`UBIGP_Domicilio`),
  KEY `fk_CJ_PERSONA_CJ_ESTADOCIVIL1` (`ESTCP_EstadoCivil`),
  KEY `fk_CJ_PERSONA_CJ_NACIONALIDAD1` (`NACP_Nacionalidad`),
  KEY `FK_cji_persona_cji_tipdocumento` (`PERSC_TipoDocIdentidad`),
  KEY `FK_persona_compania` (`COMPP_Codigo`),
  CONSTRAINT `FK_cji_persona_cji_tipdocumento` FOREIGN KEY (`PERSC_TipoDocIdentidad`) REFERENCES `tipdocumento` (`TIPDOCP_Codigo`) ON DELETE NO ACTION ON UPDATE NO ACTION,
  CONSTRAINT `FK_persona_compania` FOREIGN KEY (`COMPP_Codigo`) REFERENCES `compania` (`COMPP_Codigo`) ON DELETE NO ACTION ON UPDATE NO ACTION,
  CONSTRAINT `fk_CJ_PERSONA_CJ_ESTADOCIVIL1` FOREIGN KEY (`ESTCP_EstadoCivil`) REFERENCES `estadocivil` (`ESTCP_Codigo`) ON DELETE NO ACTION ON UPDATE NO ACTION,
  CONSTRAINT `fk_CJ_PERSONA_CJ_NACIONALIDAD1` FOREIGN KEY (`NACP_Nacionalidad`) REFERENCES `nacionalidad` (`NACP_Codigo`) ON DELETE NO ACTION ON UPDATE NO ACTION,
  CONSTRAINT `fk_CJ_PERSONA_CJ_UBIGEO` FOREIGN KEY (`UBIGP_LugarNacimiento`) REFERENCES `ubigeo` (`UBIGP_Codigo`) ON DELETE NO ACTION ON UPDATE NO ACTION,
  CONSTRAINT `fk_CJ_PERSONA_CJ_UBIGEO1` FOREIGN KEY (`UBIGP_Domicilio`) REFERENCES `ubigeo` (`UBIGP_Codigo`) ON DELETE NO ACTION ON UPDATE NO ACTION
) ENGINE=InnoDB AUTO_INCREMENT=69 DEFAULT CHARSET=latin1;

/*Data for the table `persona` */

insert  into `persona`(`PERSP_Codigo`,`COMPP_Codigo`,`UBIGP_LugarNacimiento`,`UBIGP_Domicilio`,`ESTCP_EstadoCivil`,`NACP_Nacionalidad`,`PERSC_TipoDocIdentidad`,`PERSC_Nombre`,`PERSC_ApellidoPaterno`,`PERSC_ApellidoMaterno`,`PERSC_Ruc`,`PERSC_NumeroDocIdentidad`,`PERSC_Direccion`,`PERSC_Telefono`,`PERSC_Movil`,`PERSC_Fax`,`PERSC_Email`,`PERSC_Domicilio`,`PERSC_Web`,`PERSC_Sexo`,`PERSC_FechaNacimiento`,`PERSC_FechaRegistro`,`PERSC_FechaModificacion`,`PERSC_FlagEstado`) values 
(0,1,'000000','000000',1,12,1,'PERSONA NO REGISTRADA',NULL,NULL,NULL,NULL,NULL,NULL,NULL,NULL,NULL,NULL,NULL,NULL,'1978-05-11','2010-12-14 16:15:34',NULL,'0'),
(1,1,'150101','150101',1,193,1,'MARTIN','TRUJILLO','BUSTAMANTE','11111111111','23442342','SGSGSDFGSGSDG','435345345','345435','5345435','ewtrewtertter','SGSGSDFGSGSDG','dgsgsgd','','1980-05-01','2010-12-29 04:14:55',NULL,'1'),
(21,1,'150101','150101',1,193,1,'JOSE 54','PEREZ','PEREZ','11111111111','34534534',' 345435345','345345','543','53425',' 345345345',' 345435345',' ewtn4545','','1950-03-01','2011-01-08 10:11:50',NULL,'1'),
(23,1,'150101','150101',1,193,1,'MARLENE','MORANTE','M','11111111111','78798789','','','','','','','','','2014-09-29','2011-01-09 01:39:51',NULL,'1'),
(25,1,'150101','150101',2,193,1,'PATRICIA','CANO','ECHERVARRIA','10060678613','06067861','AV. NICOLAS DUEï¿½AS NRO. 277 P.J. MIRONES ALTO','1234567','','','','AV. NICOLAS DUEï¿½AS NRO. 277 P.J. MIRONES ALTO','fffff','0','2014-09-29','2011-01-22 05:12:36',NULL,'1'),
(26,1,'150112','150112',1,0,1,'MARIA','CHAPARRO','CALLIï¿½AUPA ','10081251334','08125134','AV. PROLONG TOMAS VALLE NRO. 120','3816298 ','998328104 ','','','AV. PROLONG TOMAS VALLE NRO. 120','','1','0000-00-00','2011-01-22 05:53:07',NULL,'1'),
(27,1,'000000','000000',1,193,1,'CARMEN','GONZALES','TRUJILLO','','45645645','','234234','234234432','','','','','','2014-09-26','2011-07-20 11:09:52',NULL,'1'),
(33,1,'150000','150000',2,0,1,'LUIS','AYLAS','CABANILLAS','0','34253245',' WQR EWREWREWREWREWR','234523453245','4234234','443242343','fqwrwqer eqweqwewq',' WQR EWREWREWREWREWR','qwewqeqweqweqwe','2','0000-00-00','2011-08-10 17:31:41',NULL,'1'),
(57,1,'000000','000000',0,193,1,'JORGE','MARTINES','','','87897979','','','','','','','','1','2014-09-28','2011-08-11 10:28:05',NULL,'1'),
(63,1,'000000','000000',0,193,1,'EDUARDO','GOMEZ','PEREZ','','45645664','','','','','','','','1','2014-10-01','2011-08-12 17:31:38',NULL,'1'),
(68,1,'150000','150000',0,0,1,'ALAN','GARCIA','PEREZ','0','40091818','','5747854','0','0','martin_trujillo1105@hotmail.com','','0','0','0000-00-00','2014-10-04 12:46:20',NULL,'1');

/*Table structure for table `plantilla` */

DROP TABLE IF EXISTS `plantilla`;

CREATE TABLE `plantilla` (
  `PLANT_Codigo` int(11) NOT NULL AUTO_INCREMENT,
  `ATRIB_Codigo` int(11) DEFAULT NULL,
  `TIPPROD_Codigo` int(11) DEFAULT NULL,
  `PRODTIP_FechaRegistro` timestamp NOT NULL DEFAULT CURRENT_TIMESTAMP,
  `PRODTIP_FechaModificacion` datetime DEFAULT NULL,
  `PLANT_FlagEstado` char(1) DEFAULT '1',
  PRIMARY KEY (`PLANT_Codigo`),
  UNIQUE KEY `ATRIB_Codigo_TIPPROD_Codigo` (`ATRIB_Codigo`,`TIPPROD_Codigo`),
  KEY `FK_cji_plantilla_cji_tipoproducto` (`TIPPROD_Codigo`),
  CONSTRAINT `FK_cji_plantilla_cji_atributo` FOREIGN KEY (`ATRIB_Codigo`) REFERENCES `atributo` (`ATRIB_Codigo`) ON DELETE NO ACTION ON UPDATE NO ACTION,
  CONSTRAINT `FK_cji_plantilla_cji_tipoproducto` FOREIGN KEY (`TIPPROD_Codigo`) REFERENCES `tipoproducto` (`TIPPROD_Codigo`) ON DELETE NO ACTION ON UPDATE SET NULL
) ENGINE=InnoDB AUTO_INCREMENT=22 DEFAULT CHARSET=utf8;

/*Data for the table `plantilla` */

insert  into `plantilla`(`PLANT_Codigo`,`ATRIB_Codigo`,`TIPPROD_Codigo`,`PRODTIP_FechaRegistro`,`PRODTIP_FechaModificacion`,`PLANT_FlagEstado`) values 
(1,1,1,'2011-01-03 17:15:19',NULL,'1'),
(2,2,1,'2011-01-03 17:15:33',NULL,'1'),
(3,3,1,'2011-01-03 17:15:42',NULL,'1'),
(4,4,1,'2011-01-03 17:15:50',NULL,'1'),
(5,5,1,'2011-01-03 17:15:54',NULL,'1'),
(6,5,2,'2011-01-03 18:30:38',NULL,'1'),
(7,1,2,'2011-01-03 18:30:50',NULL,'1'),
(8,4,3,'2011-01-03 18:31:18',NULL,'1'),
(10,1,4,'2011-01-22 19:57:21',NULL,'1'),
(11,5,4,'2011-01-22 19:57:21',NULL,'1'),
(12,1,5,'2011-01-22 19:57:36',NULL,'1'),
(13,5,5,'2011-01-22 19:57:36',NULL,'1'),
(14,1,6,'2011-01-23 01:06:30',NULL,'0'),
(15,7,6,'2011-01-23 01:06:30',NULL,'0'),
(16,8,6,'2011-01-23 01:06:30',NULL,'0'),
(17,10,6,'2011-01-23 01:06:30',NULL,'0'),
(18,11,6,'2011-01-23 01:06:30',NULL,'0'),
(19,10,7,'2011-01-23 01:16:50',NULL,'1'),
(20,11,7,'2011-01-23 01:16:50',NULL,'1'),
(21,12,7,'2011-01-23 01:16:50',NULL,'1');

/*Table structure for table `presupuesto` */

DROP TABLE IF EXISTS `presupuesto`;

CREATE TABLE `presupuesto` (
  `PRESUP_Codigo` int(11) NOT NULL AUTO_INCREMENT,
  `PRESUC_TipoDocumento` char(1) NOT NULL DEFAULT 'F',
  `COMPP_Codigo` int(11) NOT NULL DEFAULT '0',
  `PRESUC_Serie` char(3) NOT NULL,
  `PRESUC_Numero` int(11) DEFAULT NULL,
  `CLIP_Codigo` int(11) DEFAULT NULL,
  `USUA_Codigo` int(11) DEFAULT NULL,
  `MONED_Codigo` int(11) DEFAULT NULL,
  `FORPAP_Codigo` int(11) NOT NULL,
  `PRESUC_subtotal` double(10,2) DEFAULT NULL,
  `PRESUC_descuento` double(10,2) DEFAULT NULL,
  `PRESUC_igv` double(10,2) DEFAULT NULL,
  `PRESUC_total` double(10,2) NOT NULL DEFAULT '0.00',
  `PRESUC_subtotal_conigv` double(10,2) DEFAULT NULL COMMENT 'Para que pueda ser usado como detalle de una boleta',
  `PRESUC_descuento_conigv` double(10,2) DEFAULT NULL COMMENT 'Para que pueda ser usado como detalle de una boleta',
  `PRESUC_igv100` int(11) NOT NULL DEFAULT '0',
  `PRESUC_descuento100` int(11) NOT NULL DEFAULT '0',
  `PRESUC_Observacion` varchar(250) DEFAULT NULL,
  `PRESUC_Fecha` date DEFAULT NULL,
  `PRESUC_FechaRegistro` timestamp NOT NULL DEFAULT CURRENT_TIMESTAMP,
  `PRESUC_FechaModificacion` datetime DEFAULT NULL,
  `PRESUC_FlagEstado` char(1) DEFAULT '1',
  PRIMARY KEY (`PRESUP_Codigo`),
  KEY `FK_cji_factura_cji_compania` (`COMPP_Codigo`),
  KEY `FK_cji_factura_cji_cliente` (`CLIP_Codigo`),
  KEY `FK_cji_factura_cji_usuario` (`USUA_Codigo`),
  KEY `FK_cji_factura_cji_moneda` (`MONED_Codigo`),
  KEY `FK_cji_factura_cji_formapago` (`FORPAP_Codigo`),
  CONSTRAINT `FK_cji_presupuesto_cliente` FOREIGN KEY (`CLIP_Codigo`) REFERENCES `cliente` (`CLIP_Codigo`),
  CONSTRAINT `FK_cji_presupuesto_compania` FOREIGN KEY (`COMPP_Codigo`) REFERENCES `compania` (`COMPP_Codigo`),
  CONSTRAINT `FK_cji_presupuesto_formapago` FOREIGN KEY (`FORPAP_Codigo`) REFERENCES `formapago` (`FORPAP_Codigo`),
  CONSTRAINT `FK_cji_presupuesto_moneda` FOREIGN KEY (`MONED_Codigo`) REFERENCES `moneda` (`MONED_Codigo`),
  CONSTRAINT `FK_cji_presupuesto_usuario` FOREIGN KEY (`USUA_Codigo`) REFERENCES `usuario` (`USUA_Codigo`)
) ENGINE=InnoDB AUTO_INCREMENT=43 DEFAULT CHARSET=utf8;

/*Data for the table `presupuesto` */

insert  into `presupuesto`(`PRESUP_Codigo`,`PRESUC_TipoDocumento`,`COMPP_Codigo`,`PRESUC_Serie`,`PRESUC_Numero`,`CLIP_Codigo`,`USUA_Codigo`,`MONED_Codigo`,`FORPAP_Codigo`,`PRESUC_subtotal`,`PRESUC_descuento`,`PRESUC_igv`,`PRESUC_total`,`PRESUC_subtotal_conigv`,`PRESUC_descuento_conigv`,`PRESUC_igv100`,`PRESUC_descuento100`,`PRESUC_Observacion`,`PRESUC_Fecha`,`PRESUC_FechaRegistro`,`PRESUC_FechaModificacion`,`PRESUC_FlagEstado`) values 
(0,'F',1,'',NULL,NULL,NULL,NULL,1,NULL,NULL,NULL,0.00,NULL,NULL,0,0,NULL,NULL,'2011-08-08 10:40:48',NULL,'1'),
(37,'F',1,'',3,21,7,1,9,14.25,0.00,2.70,16.95,NULL,NULL,19,0,'','2011-08-08','2011-08-08 11:49:57',NULL,'1'),
(38,'F',1,'',4,21,7,1,9,28.50,0.00,5.41,33.91,NULL,NULL,19,0,'','2011-08-08','2011-08-08 12:21:57',NULL,'0'),
(39,'B',1,'',5,21,7,1,9,NULL,NULL,NULL,50.88,50.88,0.00,19,0,'','2011-08-09','2011-08-09 13:03:28',NULL,'1'),
(40,'F',1,'',6,21,7,1,9,199.75,0.00,37.95,237.70,NULL,NULL,19,0,'','2011-08-09','2011-08-09 13:36:40',NULL,'1'),
(41,'B',1,'',7,21,7,1,9,NULL,NULL,NULL,110.38,110.38,0.00,19,0,'','2011-08-09','2011-08-09 14:37:22',NULL,'1'),
(42,'B',1,'',8,21,7,1,9,NULL,NULL,NULL,16.96,16.96,0.00,19,0,'','2011-08-09','2011-08-09 14:43:32',NULL,'1');

/*Table structure for table `presupuestodetalle` */

DROP TABLE IF EXISTS `presupuestodetalle`;

CREATE TABLE `presupuestodetalle` (
  `PRESDEP_Codigo` int(11) NOT NULL AUTO_INCREMENT,
  `PRESUP_Codigo` int(11) NOT NULL,
  `PROD_Codigo` int(11) NOT NULL,
  `UNDMED_Codigo` int(11) DEFAULT NULL,
  `PRESDEC_Cantidad` int(11) DEFAULT '0',
  `PRESDEC_Pu` double(10,2) DEFAULT NULL,
  `PRESDEC_Subtotal` double(10,2) DEFAULT NULL,
  `PRESDEC_Descuento` double(10,2) DEFAULT NULL,
  `PRESDEC_Igv` double(10,2) DEFAULT NULL,
  `PRESDEC_Total` double(10,2) NOT NULL DEFAULT '0.00',
  `PRESDEC_Pu_ConIgv` double(10,2) DEFAULT NULL COMMENT 'Para que pueda ser usado como detalle de una boleta',
  `PRESDEC_Subtotal_ConIgv` double(10,2) DEFAULT NULL COMMENT 'Para que pueda ser usado como detalle de una boleta',
  `PRESDEC_Descuento_ConIgv` double(10,2) DEFAULT NULL COMMENT 'Para que pueda ser usado como detalle de una boleta',
  `PRESDEC_Igv100` int(11) DEFAULT '0',
  `PRESDEC_Descuento100` int(11) DEFAULT '0',
  `PRESDEC_Observacion` varchar(250) DEFAULT NULL,
  `PRESDEC_FechaRegistro` timestamp NOT NULL DEFAULT CURRENT_TIMESTAMP,
  `PRESDEC_FechaModificacion` datetime DEFAULT NULL,
  `PRESDEC_FlagEstado` char(1) DEFAULT '1',
  PRIMARY KEY (`PRESDEP_Codigo`),
  KEY `FK_cji_presupuestodetalle_presu` (`PRESUP_Codigo`),
  KEY `FK_cji_presupuestodetalle_prod` (`PROD_Codigo`),
  KEY `FK_cji_presupuestodetalle_unidad` (`UNDMED_Codigo`),
  CONSTRAINT `FK_cji_presupuestodetalle_presu` FOREIGN KEY (`PRESUP_Codigo`) REFERENCES `presupuesto` (`PRESUP_Codigo`),
  CONSTRAINT `FK_cji_presupuestodetalle_prod` FOREIGN KEY (`PROD_Codigo`) REFERENCES `producto` (`PROD_Codigo`),
  CONSTRAINT `FK_cji_presupuestodetalle_unidad` FOREIGN KEY (`UNDMED_Codigo`) REFERENCES `unidadmedida` (`UNDMED_Codigo`)
) ENGINE=InnoDB AUTO_INCREMENT=52 DEFAULT CHARSET=utf8;

/*Data for the table `presupuestodetalle` */

insert  into `presupuestodetalle`(`PRESDEP_Codigo`,`PRESUP_Codigo`,`PROD_Codigo`,`UNDMED_Codigo`,`PRESDEC_Cantidad`,`PRESDEC_Pu`,`PRESDEC_Subtotal`,`PRESDEC_Descuento`,`PRESDEC_Igv`,`PRESDEC_Total`,`PRESDEC_Pu_ConIgv`,`PRESDEC_Subtotal_ConIgv`,`PRESDEC_Descuento_ConIgv`,`PRESDEC_Igv100`,`PRESDEC_Descuento100`,`PRESDEC_Observacion`,`PRESDEC_FechaRegistro`,`PRESDEC_FechaModificacion`,`PRESDEC_FlagEstado`) values 
(39,37,110,7,1,14.25,14.25,0.00,2.70,16.95,NULL,NULL,NULL,19,0,'','2011-08-08 11:49:57',NULL,'0'),
(40,37,526,7,1,25.00,25.00,0.00,4.75,29.75,NULL,NULL,NULL,19,0,'','2011-08-08 12:16:03',NULL,'0'),
(41,38,110,7,2,14.25,28.50,0.00,5.41,33.91,NULL,NULL,NULL,19,0,'','2011-08-08 12:21:58',NULL,'0'),
(42,37,110,7,1,14.25,14.25,0.00,2.70,16.95,NULL,NULL,NULL,19,0,'','2011-08-08 12:26:17',NULL,'0'),
(43,37,110,7,1,14.25,14.25,0.00,2.70,16.95,NULL,NULL,NULL,19,0,'','2011-08-08 12:29:47',NULL,'1'),
(44,39,110,7,3,NULL,NULL,NULL,NULL,50.88,16.96,50.88,0.00,19,0,'','2011-08-09 13:03:29',NULL,'1'),
(45,40,110,7,7,14.25,99.75,0.00,18.95,118.70,NULL,NULL,NULL,19,0,'','2011-08-09 13:36:41',NULL,'1'),
(46,40,526,7,1,25.00,25.00,0.00,4.75,29.75,NULL,NULL,NULL,19,0,'','2011-08-09 13:36:57',NULL,'0'),
(47,40,526,7,4,25.00,100.00,0.00,19.00,119.00,NULL,NULL,NULL,19,0,'','2011-08-09 13:37:28',NULL,'1'),
(48,41,110,7,3,NULL,NULL,NULL,NULL,50.88,16.96,50.88,0.00,19,0,'','2011-08-09 14:37:22',NULL,'1'),
(49,41,526,7,2,NULL,NULL,NULL,NULL,59.50,29.75,59.50,0.00,19,0,'','2011-08-09 14:37:45',NULL,'1'),
(50,42,526,7,1,NULL,NULL,NULL,NULL,29.75,29.75,29.75,0.00,19,0,'','2011-08-09 14:43:32',NULL,'0'),
(51,42,110,7,1,NULL,NULL,NULL,NULL,16.96,16.96,16.96,0.00,19,0,'','2011-08-12 11:07:35',NULL,'1');

/*Table structure for table `producto` */

DROP TABLE IF EXISTS `producto`;

CREATE TABLE `producto` (
  `PROD_Codigo` int(11) NOT NULL AUTO_INCREMENT,
  `FAMI_Codigo` int(11) NOT NULL,
  `TIPPROD_Codigo` int(11) NOT NULL,
  `MONED_Codigo` int(11) NOT NULL,
  `MARCP_Codigo` int(11) NOT NULL,
  `LINP_Codigo` int(11) NOT NULL,
  `FABRIP_Codigo` int(11) NOT NULL,
  `COMPP_Codigo` int(11) NOT NULL,
  `UNDMED_Codigo` int(11) NOT NULL,
  `PROD_Nombre` varchar(100) DEFAULT NULL,
  `PROD_DescripcionBreve` varchar(200) DEFAULT NULL,
  `PROD_EspecificacionPDF` varchar(100) DEFAULT NULL,
  `PROD_Comentario` text,
  `PROD_Stock` double DEFAULT '0',
  `PROD_StockMinimo` double NOT NULL DEFAULT '0',
  `PROD_StockMaximo` double NOT NULL DEFAULT '0',
  `PROD_CodigoInterno` varchar(100) DEFAULT NULL,
  `PROD_Imagen` varchar(100) DEFAULT NULL,
  `PROD_CostoPromedio` double DEFAULT '0',
  `PROD_UltimoCosto` double DEFAULT '0',
  `PROD_Modelo` varchar(150) DEFAULT NULL,
  `PROD_Presentacion` varchar(150) DEFAULT NULL,
  `PROD_GenericoIndividual` char(1) NOT NULL DEFAULT 'G' COMMENT 'G: producto de tipo genérico  (no va a tener número de serie), I: producto de tipo individual (va a tener número de serie)',
  `PROD_FechaUltimaCompra` datetime DEFAULT NULL,
  `PROD_FechaRegistro` timestamp NOT NULL DEFAULT CURRENT_TIMESTAMP,
  `PROD_FechaModificacion` datetime DEFAULT NULL,
  `PROD_FlagActivo` char(1) DEFAULT '1',
  `PROD_FlagEstado` char(1) DEFAULT '1',
  PRIMARY KEY (`PROD_Codigo`),
  KEY `FK_cji_producto_cji_familia` (`FAMI_Codigo`),
  KEY `FK_cji_producto_cji_tipoproducto` (`TIPPROD_Codigo`),
  KEY `FK_cji_producto_cji_moneda` (`MONED_Codigo`),
  KEY `COMPP_Codigo` (`COMPP_Codigo`),
  KEY `MARCP_Codigo` (`MARCP_Codigo`),
  KEY `LINP_Codigo` (`LINP_Codigo`),
  KEY `FABRIP_Codigo` (`FABRIP_Codigo`),
  KEY `FK_producto_unidadmedida` (`UNDMED_Codigo`),
  CONSTRAINT `FK_cji_producto_cji_familia` FOREIGN KEY (`FAMI_Codigo`) REFERENCES `familia` (`FAMI_Codigo`) ON DELETE NO ACTION ON UPDATE NO ACTION,
  CONSTRAINT `FK_cji_producto_cji_moneda` FOREIGN KEY (`MONED_Codigo`) REFERENCES `moneda` (`MONED_Codigo`) ON DELETE NO ACTION ON UPDATE NO ACTION,
  CONSTRAINT `FK_cji_producto_cji_tipoproducto` FOREIGN KEY (`TIPPROD_Codigo`) REFERENCES `tipoproducto` (`TIPPROD_Codigo`) ON DELETE NO ACTION ON UPDATE NO ACTION,
  CONSTRAINT `FK_producto_unidadmedida` FOREIGN KEY (`UNDMED_Codigo`) REFERENCES `unidadmedida` (`UNDMED_Codigo`) ON DELETE NO ACTION ON UPDATE NO ACTION,
  CONSTRAINT `producto_ibfk_1` FOREIGN KEY (`COMPP_Codigo`) REFERENCES `compania` (`COMPP_Codigo`) ON DELETE NO ACTION ON UPDATE NO ACTION,
  CONSTRAINT `producto_ibfk_2` FOREIGN KEY (`MARCP_Codigo`) REFERENCES `marca` (`MARCP_Codigo`) ON DELETE NO ACTION ON UPDATE NO ACTION,
  CONSTRAINT `producto_ibfk_3` FOREIGN KEY (`LINP_Codigo`) REFERENCES `linea` (`LINP_Codigo`) ON DELETE NO ACTION ON UPDATE NO ACTION,
  CONSTRAINT `producto_ibfk_4` FOREIGN KEY (`FABRIP_Codigo`) REFERENCES `fabricante` (`FABRIP_Codigo`) ON DELETE NO ACTION ON UPDATE NO ACTION
) ENGINE=InnoDB AUTO_INCREMENT=1130 DEFAULT CHARSET=utf8;

/*Data for the table `producto` */

insert  into `producto`(`PROD_Codigo`,`FAMI_Codigo`,`TIPPROD_Codigo`,`MONED_Codigo`,`MARCP_Codigo`,`LINP_Codigo`,`FABRIP_Codigo`,`COMPP_Codigo`,`UNDMED_Codigo`,`PROD_Nombre`,`PROD_DescripcionBreve`,`PROD_EspecificacionPDF`,`PROD_Comentario`,`PROD_Stock`,`PROD_StockMinimo`,`PROD_StockMaximo`,`PROD_CodigoInterno`,`PROD_Imagen`,`PROD_CostoPromedio`,`PROD_UltimoCosto`,`PROD_Modelo`,`PROD_Presentacion`,`PROD_GenericoIndividual`,`PROD_FechaUltimaCompra`,`PROD_FechaRegistro`,`PROD_FechaModificacion`,`PROD_FlagActivo`,`PROD_FlagEstado`) values 
(1,37,0,1,1,1,1,1,0,'AAAAAAAAAAAAA2222','ALTO DE 5','','',0,0,0,'','',0,0,'PRIMERO','SEGUNDO','G',NULL,'2011-01-17 15:13:18',NULL,'1','2'),
(2,39,4,1,0,0,0,1,7,'TUBERIA SIN COSTURA SCH-40 1/4','',NULL,'',0,0,0,'002.001.001','',0,0,NULL,NULL,'G',NULL,'2011-01-17 15:18:52',NULL,'1','1'),
(3,39,4,1,0,0,0,1,7,'TUBERIA SIN COSTURA SCH-40 3/8',NULL,NULL,NULL,0,0,0,'002.001.002',NULL,0,0,NULL,NULL,'G',NULL,'2011-01-17 15:19:00',NULL,'1','1'),
(4,38,1,1,0,0,0,1,7,'PLANCHA FIERRO NEGRO ASTM LAC 1.2X1200X2400','',NULL,'',0,0,0,'004.003.002.001','',0,0,NULL,NULL,'G',NULL,'2011-01-17 15:19:46',NULL,'1','0'),
(5,38,5,1,0,0,0,1,7,'PLANCHA FIERRO NEGRO ASTM LAC 1.5X1200X2400','',NULL,'ASDFSDF',0,0,0,'004.003.002.002','',0,0,NULL,NULL,'G',NULL,'2011-01-17 15:19:55',NULL,'1','0'),
(6,38,5,1,0,0,0,1,7,'PLANCHA FIERRO NEGRO ASTM LAC 1.8X1200X2400','',NULL,'FSADFSA',0,0,0,'004.003.002.003','',0,0,NULL,NULL,'G',NULL,'2011-01-17 15:20:43',NULL,'1','0'),
(7,51,4,1,0,0,0,1,7,'PRUEBA','',NULL,'ASDFASDF',0,0,0,'005.008.001','',0,0,NULL,NULL,'G',NULL,'2011-01-22 19:59:57',NULL,'1','0'),
(8,38,7,1,0,0,0,1,7,'PLANCHA FIERRO NEGRO ASTM LAC 1.2X1200X2400','',NULL,'',0,0,0,'004.003.002.001','',0,0,NULL,NULL,'G',NULL,'2011-01-23 02:32:05',NULL,'1','1'),
(9,38,7,1,0,0,0,1,7,'PLANCHA FIERRO NEGRO 1/2 ASTM LAC 1.5X1200X2400','',NULL,'FGJH',0,0,0,'004.003.002.002','',0,0,NULL,NULL,'G',NULL,'2011-01-23 02:38:33',NULL,'1','1'),
(10,60,2,1,0,0,0,1,7,'ALAMBRE1','',NULL,'FF',0,0,0,'008.004.001','',0,0,NULL,NULL,'G',NULL,'2011-02-22 22:08:01',NULL,'1','0'),
(11,222,1,1,0,0,0,1,7,'GARRUCHAS GIRATORIAS  2\" ','',NULL,'CAPACIDAD HASTA 250 KILOS ',0,0,0,'016.001','',0,0,NULL,NULL,'G',NULL,'2011-05-25 05:25:25',NULL,'1','1'),
(12,55,1,1,0,0,0,1,7,'FIERRO  CORRUGADO DE 1/2   X9 MTS ','VARILLA CORRUGADA X 9 MTS. ',NULL,'',0,0,0,'007.001','',0,0,NULL,NULL,'G',NULL,'2011-05-25 05:31:13',NULL,'1','1'),
(13,235,1,1,0,0,0,1,7,'ALICATES ','ALICATE ARTICULADO DE PERFIL DELGADO  102 ',NULL,'',0,0,0,'029.001','',0,0,NULL,NULL,'G',NULL,'2011-05-25 06:50:19',NULL,'1','0'),
(14,227,1,1,0,0,0,1,7,'CEMENTO SOL','POLVO GRIS',NULL,'',0,0,0,'.001','',0,0,NULL,NULL,'G',NULL,'2011-05-27 05:25:53',NULL,'1','1'),
(15,227,1,1,0,0,0,1,7,'CEMENTO ANDINO','',NULL,'',0,0,0,'.002','',0,0,NULL,NULL,'G',NULL,'2011-05-27 05:27:53',NULL,'1','1'),
(16,227,1,1,0,0,0,1,7,'CEMENTO ANDINO','',NULL,'',0,0,0,'.003','',0,0,NULL,NULL,'G',NULL,'2011-05-27 05:28:22',NULL,'1','0'),
(17,228,1,1,0,0,0,1,7,'CANDADOS FORTE  DE 50MM','',NULL,'',0,0,0,'022.001','',0,0,NULL,NULL,'G',NULL,'2011-05-27 05:30:44',NULL,'1','0'),
(18,278,1,1,0,0,0,1,7,'CANDADO FORTE DE 50MM','CANDADO DE ARCO TEMPLADO ',NULL,'',0,0,0,'023.003.001','',0,0,NULL,NULL,'G',NULL,'2011-05-27 05:36:47',NULL,'1','1'),
(19,224,1,1,0,0,0,1,7,'LIJA TWINFIBER FLAPM  DISC. 115 X 22 ','DISCO FLAP ',NULL,'',0,0,0,'018.001','',0,0,NULL,NULL,'G',NULL,'2011-05-27 05:39:30',NULL,'1','1'),
(20,224,1,1,0,0,0,1,7,'DISCO LIJA  7 X 7/8  GRANO  60 ','DISCO LIJA  7 X 7',NULL,'',0,0,0,'018.002','',0,0,NULL,NULL,'G',NULL,'2011-05-27 05:50:36',NULL,'1','1'),
(21,278,1,1,0,0,0,1,7,'CANDADOS FORTE 60MM ','60MM DORADOS',NULL,'',0,0,0,'023.003.002','',0,0,NULL,NULL,'G',NULL,'2011-05-27 05:53:51',NULL,'1','1'),
(22,278,1,1,0,0,0,1,7,'CANDADOS FORTE 70MM','CANDADOS FOTE 70MM ',NULL,'',0,0,0,'023.003.003','',0,0,NULL,NULL,'G',NULL,'2011-05-27 05:56:51',NULL,'1','1'),
(23,278,1,1,0,0,0,1,7,'CANDADOS JUMBO FORTE DE 80MM ','',NULL,'',0,0,0,'023.003.004','',0,0,NULL,NULL,'G',NULL,'2011-05-27 05:59:43',NULL,'1','1'),
(24,38,1,1,0,0,0,1,7,'PLANCHAS FIERRO NEGRO  1/20  X1.200 X 2.400','PLANCHA LAMINADA  CALIENTE  1.20 X 1200 X 2400',NULL,'',0,0,0,'004.003.002.003','',0,0,NULL,NULL,'G',NULL,'2011-05-27 06:14:08',NULL,'1','1'),
(25,38,1,1,0,0,0,1,7,'PLANCHAS FIERRO NEGRO  1/16 ','PLANCHAS FIERRO NEGRO 1/16 1.50 X 1200 X 2400',NULL,'',0,0,0,'004.003.002.004','',0,0,NULL,NULL,'G',NULL,'2011-05-27 06:17:39',NULL,'1','1'),
(26,38,7,1,0,0,0,1,7,'PLANCHAS FIERRO NEGRO 1/8','3.0 X 1200 X 2400',NULL,'',0,0,0,'004.003.002.005','',0,0,NULL,NULL,'G',NULL,'2011-05-27 06:23:16',NULL,'1','1'),
(27,38,7,1,0,0,0,1,7,'PLANCHAS FIERRO NEGRO  5/32','4.*1200.2400',NULL,'',0,0,0,'004.003.002.006','',0,0,NULL,NULL,'G',NULL,'2011-05-27 06:25:43',NULL,'1','1'),
(28,38,7,1,0,0,0,1,7,'PLANCHAS FIERRO NEGRO  3/16 ','4.5*1200*2400',NULL,'',0,0,0,'004.003.002.007','',0,0,NULL,NULL,'G',NULL,'2011-05-27 06:28:31',NULL,'1','1'),
(29,38,7,1,0,0,0,1,7,'PLANCHAS FIERRO NEGRO 3/16 ','4.5*1200*2400',NULL,'',0,0,0,'004.003.002.008','',0,0,NULL,NULL,'G',NULL,'2011-05-27 06:38:11',NULL,'1','1'),
(30,38,7,1,0,0,0,1,7,'PLANCHAS FIERRO NEGRO 1/4','6.0*1200*2400',NULL,'',0,0,0,'004.003.002.009','',0,0,NULL,NULL,'G',NULL,'2011-05-27 06:41:03',NULL,'1','1'),
(31,276,1,1,0,0,0,1,7,'CERRADURA PARA SOBREPONER DORADA BARRA 2 GOLP.','DORADA  2 GOLPES  YALE ',NULL,'',0,0,0,'023.001.001','',0,0,NULL,NULL,'G',NULL,'2011-06-07 03:16:23',NULL,'1','1'),
(32,276,1,1,0,0,0,1,7,'CERRADURA PARA SOBREPONER DORADA BARRA 3 GOLP.','',NULL,'',0,0,0,'023.001.002','',0,0,NULL,NULL,'G',NULL,'2011-06-07 03:22:33',NULL,'1','1'),
(33,276,1,1,0,0,0,1,7,'CERRADURA PARA SOBREPONER DORADA 2 PIVOTE 3GOLP.','',NULL,'',0,0,0,'023.001.003','',0,0,NULL,NULL,'G',NULL,'2011-06-07 03:31:14',NULL,'1','1'),
(34,276,1,1,0,0,0,1,7,'CERRADURA PARA SOBREPONER NEGRO 2 PIVOTE 3 GOLP.','',NULL,'',0,0,0,'023.001.004','',0,0,NULL,NULL,'G',NULL,'2011-06-07 03:34:53',NULL,'1','1'),
(35,276,1,1,0,0,0,1,7,'CERRADURA PARA SOBREPONER DORADA 3 PIVOTE 3 GOLP.','',NULL,'',0,0,0,'023.001.005','',0,0,NULL,NULL,'G',NULL,'2011-06-07 03:36:50',NULL,'1','1'),
(36,276,1,1,0,0,0,1,7,'CERRADURA PARA SOBREPONER BLINDADA DORADA 2 PIVOTE 3 GOLP.','BLINDADA DORADA 2 PIVOTE 3 GOLP.',NULL,'',0,0,0,'023.001.006','',0,0,NULL,NULL,'G',NULL,'2011-06-07 03:45:05',NULL,'1','1'),
(37,276,1,1,0,0,0,1,7,'CERRADURA PARA SOBREPONER ACERO INOXIDABLE 2 PIVOTE 2 GOLP.','ACERO INOXIDABLE 2 PIVOTE 2 GOLPES',NULL,'',0,0,0,'023.001.007','',0,0,NULL,NULL,'G',NULL,'2011-06-07 03:50:38',NULL,'1','1'),
(38,276,1,1,0,0,0,1,7,'CERRADURA DE ENGRAMPE','ENGRAMPE',NULL,'',0,0,0,'023.001.008','',0,0,NULL,NULL,'G',NULL,'2011-06-07 03:53:47',NULL,'1','1'),
(39,276,1,1,0,0,0,1,7,'CERRADURA ENTRADA PRINCIPAL DORADA DE POMO','ENTRADA PRINCIPAL DORADA DE POMO',NULL,'',0,0,0,'023.001.009','',0,0,NULL,NULL,'G',NULL,'2011-06-07 03:58:36',NULL,'1','1'),
(40,276,1,1,0,0,0,1,7,'CERRADURA DORMITORIO DORADA DE POMO','DORMITORIO DORADA DE POMO',NULL,'',0,0,0,'023.001.010','',0,0,NULL,NULL,'G',NULL,'2011-06-07 04:00:44',NULL,'1','1'),
(41,276,1,1,0,0,0,1,7,'CERRADURA BAÑO DORMITORIO DE POMO','BAÑO DORMITORIO DE POMO',NULL,'',0,0,0,'023.001.011','',0,0,NULL,NULL,'G',NULL,'2011-06-07 04:03:59',NULL,'1','1'),
(42,276,1,1,0,0,0,1,7,'CERRADURA ENTRADA PRINCIPAL DE BRONCE ANTIPÁNICO DE POMO ','ENTRADA PRINCIPAL DE BRONCE ANTIPANICO DE POMO',NULL,'',0,0,0,'023.001.012','',0,0,NULL,NULL,'G',NULL,'2011-06-07 04:10:47',NULL,'1','1'),
(43,276,1,1,0,0,0,1,7,'CERRADURA DORMITORIO DE BRONCE ANTIPANICO DE POMO','DORMITORIO DE BRONCE ANTIPANICO DE POMO',NULL,'',0,0,0,'023.001.013','',0,0,NULL,NULL,'G',NULL,'2011-06-07 04:14:01',NULL,'1','1'),
(44,276,1,1,0,0,0,1,7,'CERRADURA BAÑO DE BRONCE ANTIPANICO DE POMO','BAÑO DE BRONCE ANTIPANICO DE POMO',NULL,'',0,0,0,'023.001.014','',0,0,NULL,NULL,'G',NULL,'2011-06-07 04:19:49',NULL,'1','1'),
(45,276,1,1,0,0,0,1,7,'CERRADURA ENTRADA PRINCIPAL DE ACERO INOXIDABLE DE POMO','ENTRADA PRINCIPAL DE ACERO INOXIDABLE DE POMO',NULL,'',0,0,0,'023.001.015','',0,0,NULL,NULL,'G',NULL,'2011-06-07 04:22:02',NULL,'1','1'),
(46,276,1,1,0,0,0,1,7,'CERRADURA DORMITORIO DE ACERO INOXIDABLE DE POMO','DORMITORIO DE ACERO INOXIDABLE DE POMO',NULL,'',0,0,0,'023.001.016','',0,0,NULL,NULL,'G',NULL,'2011-06-07 04:24:39',NULL,'1','1'),
(47,276,1,1,0,0,0,1,7,'CERRADURA BAÑO DE ACERO INOXIDABLE DE POMO','BAÑO DE ACERO INOXIDABLE DE POMO',NULL,'',0,0,0,'023.001.017','',0,0,NULL,NULL,'G',NULL,'2011-06-07 04:26:15',NULL,'1','1'),
(48,276,1,1,0,0,0,1,7,'CERRADURA DE MANIJA DE DORMITORIO DE CROMO SATINADO','MANIJA DE DORMITORIO DE CROMO SATINADO',NULL,'',0,0,0,'023.001.018','',0,0,NULL,NULL,'G',NULL,'2011-06-07 04:31:47',NULL,'1','1'),
(49,276,1,1,0,0,0,1,7,'CERRADURA DE MANIJA DE BAÑO DE CROMO SATINADO','MANIJA DE BAÑO DE CROMO SATINADO',NULL,'',0,0,0,'023.001.019','',0,0,NULL,NULL,'G',NULL,'2011-06-07 04:33:16',NULL,'1','1'),
(50,276,1,1,0,0,0,1,7,'CERRADURA DE MANIJA DE DORMITORIO DORADO','MANIJA DE DORMITORIO DORADO',NULL,'',0,0,0,'023.001.020','',0,0,NULL,NULL,'G',NULL,'2011-06-07 04:34:30',NULL,'1','1'),
(51,276,1,1,0,0,0,1,7,'CERRADURA DE MANIJA DE BAÑO DORADO','MANIJA DE BAÑO DORADO',NULL,'',0,0,0,'023.001.021','',0,0,NULL,NULL,'G',NULL,'2011-06-07 04:35:53',NULL,'1','1'),
(52,276,1,1,0,0,0,1,7,'CERRADURA DE MANIJA DE DORMITORIO DE BRONCE ANTIPANICO ','MANIJA DE DORMITORIO DE BRONCE ANTIPANICO',NULL,'',0,0,0,'023.001.022','',0,0,NULL,NULL,'G',NULL,'2011-06-07 04:37:49',NULL,'1','1'),
(53,276,1,1,0,0,0,1,7,'CERRADURA DE MANIJA DE BAÑO DE BRONCE ANTIPANICO','MANIJA DE BAÑO DE BRONCE ANTIPANICO',NULL,'',0,0,0,'023.001.023','',0,0,NULL,NULL,'G',NULL,'2011-06-07 04:39:18',NULL,'1','1'),
(54,276,1,1,0,0,0,1,7,'CERROJO SIMPLE DORADO','SIMPLE DORADO',NULL,'',0,0,0,'023.001.024','',0,0,NULL,NULL,'G',NULL,'2011-06-07 04:42:42',NULL,'1','1'),
(55,276,1,1,0,0,0,1,7,'CERROJO BOBLE DORADO','DOBLE DORADO',NULL,'',0,0,0,'023.001.025','',0,0,NULL,NULL,'G',NULL,'2011-06-07 04:43:57',NULL,'1','1'),
(56,276,1,1,0,0,0,1,7,'CERROJO SIMPLE DE BRONCE ANTIPANICO','SIMPLE DE BRONCE ANTIPANICO',NULL,'',0,0,0,'023.001.026','',0,0,NULL,NULL,'G',NULL,'2011-06-07 04:45:30',NULL,'1','1'),
(57,276,1,1,0,0,0,1,7,'CERROJO DOBLE DE BRONCE ANTIPANICO','DOBLE DE BRONCE ANTIPANICO ',NULL,'',0,0,0,'023.001.027','',0,0,NULL,NULL,'G',NULL,'2011-06-07 04:47:11',NULL,'1','1'),
(58,276,1,1,0,0,0,1,7,'CERROJO SIMPLE DE CROMO ','SIMPLE DE CROMO',NULL,'',0,0,0,'023.001.028','',0,0,NULL,NULL,'G',NULL,'2011-06-07 04:48:29',NULL,'1','1'),
(59,276,1,1,0,0,0,1,7,'CERROJO DOBLE DE CROMO','DOBLE DE CROMO',NULL,'',0,0,0,'023.001.029','',0,0,NULL,NULL,'G',NULL,'2011-06-07 04:50:18',NULL,'1','1'),
(60,285,1,1,0,0,0,1,7,'RODILLO TORO BLANCO 7\"','TORO BLANCO 7\"',NULL,'',0,0,0,'036.001','',0,0,NULL,NULL,'G',NULL,'2011-06-07 05:05:20',NULL,'1','1'),
(61,285,1,1,0,0,0,1,7,'RODILLO TORO BLANCO 9\"','TORO BLANCO 9\"',NULL,'',0,0,0,'036.002','',0,0,NULL,NULL,'G',NULL,'2011-06-07 05:07:58',NULL,'1','1'),
(62,285,1,1,0,0,0,1,7,'RODILLO TORO BLANCO 12\"','TORO BLANCO 12\"',NULL,'',0,0,0,'036.003','',0,0,NULL,NULL,'G',NULL,'2011-06-07 05:09:49',NULL,'1','1'),
(63,285,1,1,0,0,0,1,7,'REPUESTO RODILLO TORO BLANCO 7\"','REPUESTO RODILLO TORO BLANCO 7\"',NULL,'',0,0,0,'036.004','',0,0,NULL,NULL,'G',NULL,'2011-06-07 05:11:48',NULL,'1','1'),
(64,285,1,1,0,0,0,1,7,'REPUESTO RODILLO TORO BLANCO 9\"','REPUESTO RODILLO TORO BLANCO 9\"',NULL,'',0,0,0,'036.005','',0,0,NULL,NULL,'G',NULL,'2011-06-07 05:13:19',NULL,'1','1'),
(65,285,1,1,0,0,0,1,7,'REPUESTO RODILLO TORO BLANCO 12\"','REPUESTO RODILLO TORO BLANCO 12\"',NULL,'',0,0,0,'.006','',0,0,NULL,NULL,'G',NULL,'2011-06-07 05:14:39',NULL,'1','1'),
(66,285,1,1,0,0,0,1,7,'RODILLO PARA PINTAR EPOXICA 9\" TORO BLANCO','RODILLO PARA PINTAR EPOXICA 9\" TORO BLANCO',NULL,'',0,0,0,'036.007','',0,0,NULL,NULL,'G',NULL,'2011-06-07 05:20:59',NULL,'1','1'),
(67,285,1,1,0,0,0,1,7,'RODILLO DE LANA DE CARNERO9\" TORO BLANCO','DE LANA DE CARNERO 9\" TORO BLANCO',NULL,'',0,0,0,'036.008','',0,0,NULL,NULL,'G',NULL,'2011-06-07 05:22:47',NULL,'1','1'),
(68,285,1,1,0,0,0,1,7,'REPUESTO ESPUMA TEXTURA FINA','ESPUMA TEXTURA FINA',NULL,'',0,0,0,'036.009','',0,0,NULL,NULL,'G',NULL,'2011-06-07 05:24:25',NULL,'1','1'),
(69,285,1,1,0,0,0,1,7,'REPUESTO ESPUMA TEXTURA MEDIA','ESPUMA TEXTURA MEDIA',NULL,'',0,0,0,'036.010','',0,0,NULL,NULL,'G',NULL,'2011-06-07 05:26:04',NULL,'1','1'),
(70,285,1,1,0,0,0,1,7,'REPUESTO ESPUMA TEXTURA GRUESA','ESPUMA TEXTURA GRUESA',NULL,'',0,0,0,'036.011','',0,0,NULL,NULL,'G',NULL,'2011-06-07 05:27:41',NULL,'1','1'),
(71,285,1,1,0,0,0,1,7,'RODILLO PELUCHE MARFIL 4\" TORO BLANCO','PELUCHE MARFIL 4\" TORO BLANCO',NULL,'',0,0,0,'036.012','',0,0,NULL,NULL,'G',NULL,'2011-06-07 05:29:53',NULL,'1','1'),
(72,285,1,1,0,0,0,1,7,'RODILLO PELUCHE MARFIL 9\" TORO BLANCO','PELUCHE MARFIL 9\" TORO BLANCO',NULL,'',0,0,0,'036.013','',0,0,NULL,NULL,'G',NULL,'2011-06-07 05:31:44',NULL,'1','1'),
(73,285,1,1,0,0,0,1,7,'REPUESTO RODILLO PELUCHE MARFIL 4\" TORO BLANCO','PELUCHE MARFIL 4\" TORO BLANCO',NULL,'',0,0,0,'036.014','',0,0,NULL,NULL,'G',NULL,'2011-06-07 05:33:32',NULL,'1','1'),
(74,285,1,1,0,0,0,1,7,'REPUESTO RODILLO PELUCHE MARFIL 9\" TORO BLANCO','PELUCHE MARFIL 9\" TORO BLANCO',NULL,'',0,0,0,'036.015','',0,0,NULL,NULL,'G',NULL,'2011-06-07 05:35:43',NULL,'1','1'),
(75,285,1,1,0,0,0,1,7,'RODILLO DE ESPUMA CIRCULAR 4\" TORO BLANCO','ESPUMA CIRCULAR 4\" TORO BLANCO',NULL,'',0,0,0,'036.016','',0,0,NULL,NULL,'G',NULL,'2011-06-07 05:38:21',NULL,'1','1'),
(76,285,1,1,0,0,0,1,7,'ESCURRIDOR DE PINTURA','ESCURRIDOR DE PINTURA',NULL,'',0,0,0,'.017','',0,0,NULL,NULL,'G',NULL,'2011-06-07 05:39:44',NULL,'1','1'),
(77,285,1,1,0,0,0,1,7,'BANDEJA PLASTICA 9\" PARA RODILLO ROJO','PLASTICA 9\" PARA RODILLO ROJO',NULL,'',0,0,0,'036.018','',0,0,NULL,NULL,'G',NULL,'2011-06-07 05:44:27',NULL,'1','1'),
(78,285,1,1,0,0,0,1,7,'BANDEJA PLASTICA 9\" PARA RODILLO GRIS','PLASTICA 9\" PARA RODILLO GRIS',NULL,'',0,0,0,'036.019','',0,0,NULL,NULL,'G',NULL,'2011-06-07 05:46:04',NULL,'1','1'),
(79,285,1,1,0,0,0,1,7,'BANDEJA PLASTICA 9\" PARA RODILLO NEGRO','PLASTICA 9\" PARA RODILLO NEGRO',NULL,'',0,0,0,'036.020','',0,0,NULL,NULL,'G',NULL,'2011-06-07 05:47:54',NULL,'1','1'),
(80,285,1,1,0,0,0,1,7,'ACCESORIO RODILLO 7\" TORO BLANCO','RODILLO 7\" TORO BLANCO',NULL,'',8,0,0,'036.021','',0,8.6,NULL,NULL,'G',NULL,'2011-06-07 05:50:16',NULL,'1','1'),
(81,285,1,1,0,0,0,1,7,'ACCESORIOS RODILLO 9\" TORO BLANCO','RODILLO 9\" TORO BLANCO',NULL,'',0,0,0,'036.022','',0,0,NULL,NULL,'G',NULL,'2011-06-07 05:53:17',NULL,'1','1'),
(82,285,1,1,0,0,0,1,7,'ACCESORIOS RODILLO 12\" TORO BLANCO','RODILLO 12\" TORO BLANCO',NULL,'',0,0,0,'036.023','',0,0,NULL,NULL,'G',NULL,'2011-06-07 05:55:10',NULL,'1','1'),
(83,285,1,1,0,0,0,1,7,'EXTENSION ALUMINIO PARA RODILLO 150 CM','ALUMINIO PARA RODILLO 150 CM',NULL,'',0,0,0,'036.024','',0,0,NULL,NULL,'G',NULL,'2011-06-07 05:59:34',NULL,'1','1'),
(84,285,1,1,0,0,0,1,7,'EXTENSION  TELESCOPICA ALUMINIO PARA RODILLO 110CM - 200CM','TELESCOPICA ALUMINIO PARA RODILLO 110CM - 200CM',NULL,'',0,0,0,'036.025','',0,0,NULL,NULL,'G',NULL,'2011-06-07 06:02:41',NULL,'1','1'),
(85,285,1,1,0,0,0,1,7,'EXTENSION TELESCOPICA ALUMINIO PARA RODILLO 1.20CM - 240CM','TELESCOPICA ALUMINIOPARA RODILLO 1.20CM-240CM',NULL,'',0,0,0,'.026','',0,0,NULL,NULL,'G',NULL,'2011-06-07 06:06:07',NULL,'1','1'),
(86,285,1,1,0,0,0,1,7,'EXTENSION TELESCOPICA ALUMINIO PARA RODILLO 1.20CM - 300CM','TELESCOPICA ALUMINIO PARA RODILLO 120CM  300CM',NULL,'',0,0,0,'036.027','',0,0,NULL,NULL,'G',NULL,'2011-06-07 06:10:06',NULL,'1','1'),
(87,285,1,1,0,0,0,1,7,'EXTENSION TELESCOPICA ALUMINIO PARA RODIILO 120 CM - 400 CM','TELESCOPICA ALUMINIO PARA RODILLO 120CM - 400CM',NULL,'',0,0,0,'036.028','',0,0,NULL,NULL,'G',NULL,'2011-06-07 23:08:09',NULL,'1','1'),
(88,285,1,1,0,0,0,1,7,'ADAPTADOR PLASTICO CON ROSCA PARA EXTENSION ','PLASTICO CON ROSCA PARA EXTENSION',NULL,'',0,0,0,'036.029','',0,0,NULL,NULL,'G',NULL,'2011-06-07 23:10:09',NULL,'1','1'),
(89,285,1,1,0,0,0,1,7,'GUANTE DE PELUCHE TORO BLANCO','PELUCHE TORO BLANCO',NULL,'',0,0,0,'036.030','',0,0,NULL,NULL,'G',NULL,'2011-06-07 23:11:35',NULL,'1','1'),
(90,285,1,1,0,0,0,1,7,'ESPATULA POLIPROPILENO 1.1/2\"','POLIPROPILENO 1.1/2\"',NULL,'',0,0,0,'036.031','',0,0,NULL,NULL,'G',NULL,'2011-06-07 23:18:52',NULL,'1','1'),
(91,285,1,1,0,0,0,1,7,'ESPATULA POLIPROPILENO 3\"','POLIPROPILENO 3\"',NULL,'',0,0,0,'036.032','',0,0,NULL,NULL,'G',NULL,'2011-06-07 23:20:27',NULL,'1','1'),
(92,285,1,1,0,0,0,1,7,'ESPATULA POLIPROPILENO 5\"','POLIPROPILENO 5\"',NULL,'',0,0,0,'036.033','',0,0,NULL,NULL,'G',NULL,'2011-06-07 23:22:02',NULL,'1','1'),
(93,285,1,1,0,0,0,1,7,'BISAGRAS DE PUNTO PARA REPOSTERO','DE PUNTO PARA REPOSTERO',NULL,'',0,0,0,'036.034','',0,0,NULL,NULL,'G',NULL,'2011-06-07 23:23:20',NULL,'1','1'),
(94,285,1,1,0,0,0,1,7,'BISAGRAS PARA REPOSTERO 20 MM','PARA REPOSTERO 20 MM',NULL,'',0,0,0,'036.035','',0,0,NULL,NULL,'G',NULL,'2011-06-07 23:26:43',NULL,'1','1'),
(95,285,1,1,0,0,0,1,7,'BISAGRAS PARA REPOSTERO 10 MM','PARA REPOSTERO 10 MM',NULL,'',0,0,0,'036.036','',0,0,NULL,NULL,'G',NULL,'2011-06-07 23:30:59',NULL,'1','1'),
(96,285,1,1,0,0,0,1,7,'BISAGRA PARA REPOSTERO 6 MM ','PARA REPOSTERO 6 MM',NULL,'',0,0,0,'.037','',0,0,NULL,NULL,'G',NULL,'2011-06-07 23:32:18',NULL,'1','1'),
(97,285,1,1,0,0,0,1,7,'BROCHAS CAMEL NYLON 3','CAMEL NYLON 3',NULL,'',0,0,0,'036.038','',0,0,NULL,NULL,'G',NULL,'2011-06-07 23:33:18',NULL,'1','1'),
(98,285,1,1,0,0,0,1,7,'BROCHAS TUMI NYLON AQUALATEX 5\"','TUMI NYLON AQUALATEX 5\"',NULL,'',0,0,0,'036.039','',0,0,NULL,NULL,'G',NULL,'2011-06-07 23:34:47',NULL,'1','1'),
(99,285,1,1,0,0,0,1,7,'HUACHAS DE FIERRO 3/8','FIERRO 3/8',NULL,'',0,0,0,'036.040','',0,0,NULL,NULL,'G',NULL,'2011-06-07 23:36:30',NULL,'1','1'),
(100,285,1,1,0,0,0,1,7,'HUACHAS DE FIERRO 9/16','FIERRO 9/16',NULL,'',0,0,0,'036.041','',0,0,NULL,NULL,'G',NULL,'2011-06-07 23:38:04',NULL,'1','1'),
(101,285,1,1,0,0,0,1,7,'HUACHAS DE FIERRO 1','FIERRO 1',NULL,'',0,0,0,'036.042','',0,0,NULL,NULL,'G',NULL,'2011-06-07 23:39:04',NULL,'1','1'),
(102,285,1,1,0,0,0,1,7,'BROCHAS TUMI NYLON 1/2\"','TUMI NYLON 1/2\"',NULL,'',0,0,0,'036.043','',0,0,NULL,NULL,'G',NULL,'2011-06-07 23:42:05',NULL,'1','1'),
(103,285,1,1,0,0,0,1,7,'BROCHAS TUMI NYLON 3/4','TUMI NYLON 3/4\"',NULL,'',0,0,0,'036.044','',0,0,NULL,NULL,'G',NULL,'2011-06-07 23:43:41',NULL,'1','1'),
(104,285,1,1,0,0,0,1,7,'BROCHAS TUMI NYLON 1\"','TUMI NYLON 1\"',NULL,'',0,0,0,'036.045','',0,0,NULL,NULL,'G',NULL,'2011-06-07 23:45:00',NULL,'1','1'),
(105,285,1,1,0,0,0,1,7,'BROCHA TUMI NYLON 1.1/2\"','TUMI NYLON 1.1/2\"',NULL,'',0,0,0,'036.046','',0,0,NULL,NULL,'G',NULL,'2011-06-07 23:46:20',NULL,'1','1'),
(106,285,1,1,0,0,0,1,7,'BROCHA TUMI NYLON 2\"','TUMI NYLON 2\"',NULL,'',0,0,0,'036.047','',0,0,NULL,NULL,'G',NULL,'2011-06-07 23:47:41',NULL,'1','1'),
(107,285,1,1,0,0,0,1,7,'BROCHA TUMI NYLON 2.1/2\"','TUMI NYLON 2.1/2\"',NULL,'',0,0,0,'036.048','',0,0,NULL,NULL,'G',NULL,'2011-06-07 23:49:12',NULL,'1','1'),
(108,285,1,1,0,0,0,1,7,'BROCHA TUMI NYLON 3\"','TUMI NYLON 3\"',NULL,'',0,0,0,'036.049','',0,0,NULL,NULL,'G',NULL,'2011-06-07 23:50:27',NULL,'1','1'),
(109,285,1,1,0,0,0,1,7,'BROCHA TUMI NYLON 4\"','TUMI NYLON 4\"',NULL,'',0,0,0,'.050','',0,0,NULL,NULL,'G',NULL,'2011-06-07 23:51:58',NULL,'1','1'),
(110,285,1,1,0,0,0,1,7,'BROCHA TUMI NYLON 5','TUMI NYLON 5\"','','',2,0,0,'036.051','',0,2.8,'','','G',NULL,'2011-06-07 23:54:27',NULL,'1','1'),
(111,285,1,1,0,0,0,1,7,'BROCHA TUMI NYLON 6\"','TUMI NYLON 6\"',NULL,'',0,0,0,'036.052','',0,0,NULL,NULL,'G',NULL,'2011-06-07 23:55:54',NULL,'1','1'),
(112,285,1,1,0,0,0,1,7,'BROCHA TUMI PROFESIONAL 5\"','TUMI PROFESIONAL 5\"',NULL,'',0,0,0,'.053','',0,0,NULL,NULL,'G',NULL,'2011-06-07 23:57:33',NULL,'1','1'),
(113,285,1,1,0,0,0,1,7,'BROCHA TUMI BARNIZ 2\"','TUMI BARNIZ 2\"',NULL,'',0,0,0,'.054','',0,0,NULL,NULL,'G',NULL,'2011-06-07 23:59:35',NULL,'1','1'),
(114,285,1,1,0,0,0,1,7,'BROCHA TUMI NYLON ANGULAR \"','TUMI NYLON ANGULAR 2\"',NULL,'',0,0,0,'036.055','',0,0,NULL,NULL,'G',NULL,'2011-06-08 00:01:05',NULL,'1','1'),
(115,285,1,1,0,0,0,1,7,'BROCHA AGUILA NYLON 1/2\"','AGUILA NYLON 1/2\"',NULL,'',0,0,0,'036.056','',0,0,NULL,NULL,'G',NULL,'2011-06-08 00:02:24',NULL,'1','1'),
(116,285,1,1,0,0,0,1,7,'BROCHAS AGUILA NYLON 3/4\"','AGUILA NYLON 3/4\"',NULL,'',0,0,0,'036.057','',0,0,NULL,NULL,'G',NULL,'2011-06-08 00:04:13',NULL,'1','1'),
(117,285,1,1,0,0,0,1,7,'BROCHA AGUILA NYLON 1\"','AGUILA NYLON 1\"',NULL,'',0,0,0,'036.058','',0,0,NULL,NULL,'G',NULL,'2011-06-08 00:05:46',NULL,'1','1'),
(118,285,1,1,0,0,0,1,7,'BROCHAS AGUILA NYLON 1.1/2\"','AGUILA NYLON 1.1/2\"',NULL,'',0,0,0,'036.059','',0,0,NULL,NULL,'G',NULL,'2011-06-08 00:07:00',NULL,'1','1'),
(119,285,1,1,0,0,0,1,7,'BROCHAS AGUILA NYLON 2\"','AGUILA NYLON 2\"',NULL,'',0,0,0,'036.060','',0,0,NULL,NULL,'G',NULL,'2011-06-08 00:08:41',NULL,'1','1'),
(120,285,1,1,0,0,0,1,7,'BROCHAS AGUILA NYLON 2.1/2\"','AGUILA NYLON 2.1/2\"',NULL,'',0,0,0,'036.061','',0,0,NULL,NULL,'G',NULL,'2011-06-08 00:09:57',NULL,'1','1'),
(121,285,1,1,0,0,0,1,7,'BROCHAS AGUILA NYLON 3\"','AGUILA NYLON 3\"',NULL,'',0,0,0,'036.062','',0,0,NULL,NULL,'G',NULL,'2011-06-08 00:11:10',NULL,'1','1'),
(122,285,1,1,0,0,0,1,7,'BROCHA AGUILA NYLON 4\"','AGUILA NYLON 4\"',NULL,'',0,0,0,'036.063','',0,0,NULL,NULL,'G',NULL,'2011-06-08 00:13:04',NULL,'1','1'),
(123,285,1,1,0,0,0,1,7,'BROCHA AGUILA NYLON 5\"','AGUILA NYLON 5\"',NULL,'',0,0,0,'036.064','',0,0,NULL,NULL,'G',NULL,'2011-06-08 00:14:20',NULL,'1','1'),
(124,285,1,1,0,0,0,1,7,'RODILLO TORO BLANCO 7\" ','TORO BLANCO 7\"',NULL,'',0,0,0,'036.065','',0,0,NULL,NULL,'G',NULL,'2011-06-08 00:19:45',NULL,'1','1'),
(125,285,1,1,0,0,0,1,7,'RODILLO TORO BLANCO 9\"','TORO BLANCO 9\"',NULL,'',0,0,0,'036.066','',0,0,NULL,NULL,'G',NULL,'2011-06-08 00:21:22',NULL,'1','1'),
(126,285,1,1,0,0,0,1,7,'RODILLO TORO BLANCO 12\"','TORO BLANCO 12\"',NULL,'',0,0,0,'036.067','',0,0,NULL,NULL,'G',NULL,'2011-06-08 00:22:43',NULL,'1','1'),
(127,285,1,1,0,0,0,1,7,'RODILLO TORO AMARILLO 7\"','TORO AMARILLO 7\"',NULL,'',0,0,0,'036.068','',0,0,NULL,NULL,'G',NULL,'2011-06-08 00:24:55',NULL,'1','1'),
(128,285,1,1,0,0,0,1,7,'RODILLO TORO AMARILLO 9\"','TORO AMARILLO 9\"',NULL,'',0,0,0,'.069','',0,0,NULL,NULL,'G',NULL,'2011-06-08 00:26:47',NULL,'1','1'),
(129,285,1,1,0,0,0,1,7,'RODILLO TORO AMARILLO 12\"','TORO AMARILLO 12\"',NULL,'',0,0,0,'036.070','',0,0,NULL,NULL,'G',NULL,'2011-06-08 00:28:22',NULL,'1','1'),
(130,285,1,1,0,0,0,1,7,'PINCELES REDONDOS CERDA BLANCA # 0','REDONDOS CERDA BLANCA # 0',NULL,'',0,0,0,'036.071','',0,0,NULL,NULL,'G',NULL,'2011-06-08 00:30:28',NULL,'1','1'),
(131,285,1,1,0,0,0,1,7,'PINCELES REDONDOS CERDA BLANCA # 2','REDONDOS CERDA BLANCA # 2',NULL,'',0,0,0,'036.072','',0,0,NULL,NULL,'G',NULL,'2011-06-08 00:39:56',NULL,'1','1'),
(132,285,1,1,0,0,0,1,7,'PINCELES REDONDOS CERDA BLANCA # 4','REDONDOS CERDA BLANCA # 4',NULL,'',0,0,0,'036.073','',0,0,NULL,NULL,'G',NULL,'2011-06-08 00:42:13',NULL,'1','1'),
(133,285,1,1,0,0,0,1,7,'PINCELES REDONDOS CERDA BLANCA # 6','REDONDOS CERDA BLANCA # 6',NULL,'',0,0,0,'036.074','',0,0,NULL,NULL,'G',NULL,'2011-06-08 00:43:41',NULL,'1','1'),
(134,285,1,1,0,0,0,1,7,'PINCELES REDONDOS CERDA BLANCA # 8','REDONDOS CERDA BLANCA # 8',NULL,'',0,0,0,'036.075','',0,0,NULL,NULL,'G',NULL,'2011-06-08 00:45:22',NULL,'1','1'),
(135,285,1,1,0,0,0,1,7,'PINCELES REDONDOS CERDA BLANCA # 10','REDONDOS CERDA BLANCA # 10',NULL,'',0,0,0,'036.076','',0,0,NULL,NULL,'G',NULL,'2011-06-08 00:47:14',NULL,'1','1'),
(136,285,1,1,0,0,0,1,7,'PINCELES REDONDOS CERDA BLANCA # 12','REDONDOS CERDA BLANCA # 12',NULL,'',0,0,0,'036.077','',0,0,NULL,NULL,'G',NULL,'2011-06-08 00:48:37',NULL,'1','1'),
(137,285,1,1,0,0,0,1,7,'PINCELES REDONDOS CERDA BLANCA # 14','REDONDOS CERDA BLANCA # 14',NULL,'',0,0,0,'036.078','',0,0,NULL,NULL,'G',NULL,'2011-06-08 00:50:06',NULL,'1','1'),
(138,285,1,1,0,0,0,1,7,'PINCELES REDONDOS CERDA BLANCA # 16','REONDOS CERDA BLANCA # 16',NULL,'',0,0,0,'036.079','',0,0,NULL,NULL,'G',NULL,'2011-06-08 00:51:33',NULL,'1','1'),
(139,285,1,1,0,0,0,1,7,'PINCLES REDONDOS CERDA BLANCA # 18','REDONDOS CERDA BLANCA # 18',NULL,'',0,0,0,'036.080','',0,0,NULL,NULL,'G',NULL,'2011-06-08 00:53:33',NULL,'1','1'),
(140,285,1,1,0,0,0,1,7,'PINCELES REDONDOS CERDA BLANCA # 20','REDONDOS CERDA BLANCA # 20',NULL,'',0,0,0,'036.081','',0,0,NULL,NULL,'G',NULL,'2011-06-08 00:55:03',NULL,'1','1'),
(141,285,1,1,0,0,0,1,7,'PINCELES REDONDOS CERDA BLANCA # 22','REDONDOS CERDA BLANCA # 22',NULL,'',0,0,0,'036.082','',0,0,NULL,NULL,'G',NULL,'2011-06-08 00:56:51',NULL,'1','1'),
(142,285,1,1,0,0,0,1,7,'PINCELES RDONDOS CERDA BLANCA # 24','REDONDOS CERDA BLANCA # 24',NULL,'',0,0,0,'036.083','',0,0,NULL,NULL,'G',NULL,'2011-06-08 00:58:09',NULL,'1','1'),
(143,285,1,1,0,0,0,1,7,'PINCELES REDONDOS PELO DE PONI  # 4','REDONDOS PELO DE PONI # 4',NULL,'',0,0,0,'036.084','',0,0,NULL,NULL,'G',NULL,'2011-06-08 01:00:20',NULL,'1','1'),
(144,285,1,1,0,0,0,1,7,'PINCELES CHATOS CERDA BLANCA # 0','CHATOS CERDA BLANCA # 0',NULL,'',0,0,0,'036.085','',0,0,NULL,NULL,'G',NULL,'2011-06-08 01:02:27',NULL,'1','1'),
(145,285,1,1,0,0,0,1,7,'PINCELES CHATOS CERDA BLANCA # 2','CHATOS CERDA BLANCA # 2',NULL,'',0,0,0,'036.086','',0,0,NULL,NULL,'G',NULL,'2011-06-08 01:04:17',NULL,'1','1'),
(146,285,1,1,0,0,0,1,7,'PINCELES CHATOS CERDA BLANCA # 4','CHATOS CERDA BLANCA # 4',NULL,'',0,0,0,'036.087','',0,0,NULL,NULL,'G',NULL,'2011-06-08 01:06:05',NULL,'1','1'),
(147,285,1,1,0,0,0,1,7,'PINCELES CHATOS CERDA BLANCA # 6','CHATOS CERDA BLANCA # 6',NULL,'',0,0,0,'036.088','',0,0,NULL,NULL,'G',NULL,'2011-06-08 02:44:15',NULL,'1','1'),
(148,285,1,1,0,0,0,1,7,'PINCELES CHATOS CERDA BLANCA # 8','CHATOS CERDA BLANCA # 8',NULL,'',0,0,0,'036.089','',0,0,NULL,NULL,'G',NULL,'2011-06-08 02:46:05',NULL,'1','1'),
(149,285,1,1,0,0,0,1,7,'PINCELES CHATOS CERDA BLANCA # 10','CHATOS CERDA BLANCA # 10',NULL,'',0,0,0,'036.090','',0,0,NULL,NULL,'G',NULL,'2011-06-08 02:48:22',NULL,'1','1'),
(150,285,1,1,0,0,0,1,7,'PINCELES CHATOS CERDA BLANCA # 12','CHATOS CERDA BLANCA # 12',NULL,'',0,0,0,'036.091','',0,0,NULL,NULL,'G',NULL,'2011-06-08 02:53:35',NULL,'1','1'),
(151,285,1,1,0,0,0,1,7,'PINCELES CHATOS CERDA BLANCA # 14','CHATOS CERDA BLANCA # 14',NULL,'',0,0,0,'036.092','',0,0,NULL,NULL,'G',NULL,'2011-06-08 02:56:12',NULL,'1','1'),
(152,285,1,1,0,0,0,1,7,'PINCELES CHATOS CERDA BLANCA # 16','CHATOS CERDA BLANCA # 16',NULL,'',0,0,0,'036.093','',0,0,NULL,NULL,'G',NULL,'2011-06-08 03:00:57',NULL,'1','1'),
(153,285,1,1,0,0,0,1,7,'PINCELES CHATOS CERDA BLANCA # 18','CHATOS CERDA BLANCA # 18',NULL,'',0,0,0,'036.094','',0,0,NULL,NULL,'G',NULL,'2011-06-08 03:10:02',NULL,'1','1'),
(154,285,1,1,0,0,0,1,7,'PINCELES CHATOS CERDA BLANCA #20','CHATOS CERDA BLANCA # 20',NULL,'',0,0,0,'036.095','',0,0,NULL,NULL,'G',NULL,'2011-06-08 03:12:11',NULL,'1','1'),
(155,285,1,1,0,0,0,1,7,'PINCELES CHATOS CERDA BLANCA # 22','CHATOS CERDA BLANCA # 22',NULL,'',0,0,0,'036.096','',0,0,NULL,NULL,'G',NULL,'2011-06-08 03:15:02',NULL,'1','1'),
(156,285,1,1,0,0,0,1,7,'PINCELES CHATOS CERDA BLANCA # 24','CHATOS CERDA BLANCA # 24',NULL,'',0,0,0,'036.097','',0,0,NULL,NULL,'G',NULL,'2011-06-08 03:23:12',NULL,'1','1'),
(157,285,1,1,0,0,0,1,7,'PINCELES CHATOS CERDAS BLANCAS # 24','CHATOS CERDA BLANCA # 24',NULL,'',0,0,0,'036.098','',0,0,NULL,NULL,'G',NULL,'2011-06-08 03:37:30',NULL,'1','1'),
(158,285,1,1,0,0,0,1,7,'PINCELES REDONDOS PELO DE PONI # 16','REDONDOS PELO DE PONI # 16',NULL,'',0,0,0,'036.099','',0,0,NULL,NULL,'G',NULL,'2011-06-08 03:40:31',NULL,'1','1'),
(159,285,1,1,0,0,0,1,7,'PINCELES REDONDOS PELO DE PONI # 20','REDONDOS PELO DE PONI # 20',NULL,'',0,0,0,'036.100','',0,0,NULL,NULL,'G',NULL,'2011-06-08 03:59:47',NULL,'1','1'),
(160,285,1,1,0,0,0,1,7,'PINCELES REDONDOS PELO DE PONI # 24','REDONDOS PELO DE PONI # 24',NULL,'',0,0,0,'.101','',0,0,NULL,NULL,'G',NULL,'2011-06-08 04:03:21',NULL,'1','1'),
(161,285,1,1,0,0,0,1,7,'BROCHA AGUILA REAL 1\"','AGUILA REAL 1\"',NULL,'',0,0,0,'.102','',0,0,NULL,NULL,'G',NULL,'2011-06-08 04:07:33',NULL,'1','1'),
(162,285,1,1,0,0,0,1,7,'BROCHA TUMI MARFIL 1\"','TUMI MARFIL 1\"',NULL,'',0,0,0,'036.103','',0,0,NULL,NULL,'G',NULL,'2011-06-08 04:09:37',NULL,'1','1'),
(163,285,1,1,0,0,0,1,7,'BROCHA TUMI MARFIL 3\"','TUMI MARFIL 3\"',NULL,'',0,0,0,'036.104','',0,0,NULL,NULL,'G',NULL,'2011-06-08 04:11:51',NULL,'1','1'),
(164,285,1,1,0,0,0,1,7,'BROCHA TUMI ESPECIAL 1\"','TUMI ESPECIAL 1\"',NULL,'',0,0,0,'036.105','',0,0,NULL,NULL,'G',NULL,'2011-06-08 04:13:19',NULL,'1','1'),
(165,285,1,1,0,0,0,1,7,'RODILLO TORO BLANCO EXTENDIBLE 12\" A  18\"','TORO BLANCO EXTENDIBLE 12\" A 18\"',NULL,'',0,0,0,'036.106','',0,0,NULL,NULL,'G',NULL,'2011-06-08 04:15:22',NULL,'1','1'),
(166,285,1,1,0,0,0,1,7,'REPUESTO RODILLO TORO BLANCO 18\"','TORO BLANCO 18\"',NULL,'',0,0,0,'.107','',0,0,NULL,NULL,'G',NULL,'2011-06-08 04:17:00',NULL,'1','1'),
(167,285,1,1,0,0,0,1,7,'REPUESTO RODILLO TORO AMARILLO 18\"','TORO AMARILLO 18\"',NULL,'',0,0,0,'036.108','',0,0,NULL,NULL,'G',NULL,'2011-06-08 04:18:48',NULL,'1','1'),
(168,285,1,1,0,0,0,1,7,'BROCHA CERDA GRIS FALCON 1/2\"','CERDA GRIS FALCON 1/2\"',NULL,'',0,0,0,'036.109','',0,0,NULL,NULL,'G',NULL,'2011-06-08 04:20:39',NULL,'1','1'),
(169,285,1,1,0,0,0,1,7,'BROCHA CERDA GRIS FALCON 1\"','CERDA GRIS FALCON 1\"',NULL,'',0,0,0,'036.110','',0,0,NULL,NULL,'G',NULL,'2011-06-08 04:22:32',NULL,'1','1'),
(170,285,1,1,0,0,0,1,7,'BROCHA CERDA GRIS FALCON 1.1/2\"','CERDA GRIS FALCON 1.1/2\"',NULL,'',0,0,0,'.111','',0,0,NULL,NULL,'G',NULL,'2011-06-08 04:24:15',NULL,'1','1'),
(171,285,1,1,0,0,0,1,7,'BROCHA CERDA GRIS FALCON 2\"','CERDA GRIS FALCON 2\"',NULL,'',0,0,0,'036.112','',0,0,NULL,NULL,'G',NULL,'2011-06-08 04:26:07',NULL,'1','1'),
(172,285,1,1,0,0,0,1,7,'BROCHA CERDA GRIS FALCON 2.1/2\"','CERDA GRIS FALCON 2.1/2\"',NULL,'',0,0,0,'036.113','',0,0,NULL,NULL,'G',NULL,'2011-06-08 04:27:50',NULL,'1','1'),
(173,285,1,1,0,0,0,1,7,'BROCHA CERDA GRIS FALCON 3\"','CERDA GRIS FALCON 3\"',NULL,'',0,0,0,'036.114','',0,0,NULL,NULL,'G',NULL,'2011-06-08 04:29:24',NULL,'1','1'),
(174,285,1,1,0,0,0,1,7,'BROCHA CERDA GRIS FALCON 4\"','CERDA GRIS FALCON 4\"',NULL,'',0,0,0,'036.115','',0,0,NULL,NULL,'G',NULL,'2011-06-08 04:33:42',NULL,'1','1'),
(175,285,1,1,0,0,0,1,7,'BROCHA CERDA GRIS FALCON 5\"','CERDA GRIS FALCON 5\"',NULL,'',0,0,0,'036.116','',0,0,NULL,NULL,'G',NULL,'2011-06-08 04:35:14',NULL,'1','1'),
(176,285,1,1,0,0,0,1,7,'BROCHA CERDA NEGRA FALCON 1\"','CERDA NEGRA FALCON 1\"',NULL,'',0,0,0,'036.117','',0,0,NULL,NULL,'G',NULL,'2011-06-08 04:37:40',NULL,'1','1'),
(177,285,1,1,0,0,0,1,7,'BROCHA CERDA NEGRA FALCON 1.1/2\"','CERDA NEGRA FALCON 1.1/2\"',NULL,'',0,0,0,'036.118','',0,0,NULL,NULL,'G',NULL,'2011-06-08 04:40:34',NULL,'1','1'),
(178,285,1,1,0,0,0,1,7,'BROCHA CERDA NEGRA FALCON 2\"','CERDA NEGRA FALCON 2\"',NULL,'',0,0,0,'036.119','',0,0,NULL,NULL,'G',NULL,'2011-06-08 04:42:11',NULL,'1','1'),
(179,285,1,1,0,0,0,1,7,'BROCHA CERDA NEGRA FALCON 2.1/2\"','CERDA NEGRA FALCON 2.1/2\"',NULL,'',0,0,0,'036.120','',0,0,NULL,NULL,'G',NULL,'2011-06-08 04:44:19',NULL,'1','1'),
(180,285,1,1,0,0,0,1,7,'BROCHA CERDA NEGRA FALCON 3\"','CERDA NEGRA FALCON 3\"',NULL,'',0,0,0,'036.121','',0,0,NULL,NULL,'G',NULL,'2011-06-08 04:45:40',NULL,'1','1'),
(181,285,1,1,0,0,0,1,7,'BROCHA CERDA NEGRA FALCON 4\"','CERDA NEGRA FALCON 4\"',NULL,'',0,0,0,'036.122','',0,0,NULL,NULL,'G',NULL,'2011-06-08 04:47:32',NULL,'1','1'),
(182,285,1,1,0,0,0,1,7,'BROCHA CERDA NEGRA FALCON 5\"','CERDA NEGRA FALCON 5\"',NULL,'',0,0,0,'.123','',0,0,NULL,NULL,'G',NULL,'2011-06-08 04:48:57',NULL,'1','1'),
(183,285,1,1,0,0,0,1,7,'REPUPUESTO RODILLO TORO AMARILLO 7\"','TORO AMARILLO 7\"',NULL,'',0,0,0,'036.124','',0,0,NULL,NULL,'G',NULL,'2011-06-08 04:51:46',NULL,'1','1'),
(184,285,1,1,0,0,0,1,7,'REPUESTO RODILLO TORO AMARILLO 9\"','TORO AMARILLO 9\"',NULL,'',0,0,0,'036.125','',0,0,NULL,NULL,'G',NULL,'2011-06-08 04:52:51',NULL,'1','1'),
(185,285,1,1,0,0,0,1,7,'REPUESTO RODILLO TORO AMARILLO 12\"','TORO AMARILLO 12\"',NULL,'',0,0,0,'.126','',0,0,NULL,NULL,'G',NULL,'2011-06-08 04:54:40',NULL,'1','1'),
(186,286,1,1,0,0,0,1,7,'PINTURA SPRAY NEGRO BRILLANTE','SPRAY NEGRO BRILLANTE',NULL,'',0,0,0,'037.001','',0,0,NULL,NULL,'G',NULL,'2011-06-08 21:36:52',NULL,'1','1'),
(187,286,1,1,0,0,0,1,7,'PINTURA SPRAY BLANCO BRILLANTE','SPRAY BLANCO BRILLANTE',NULL,'',0,0,0,'037.002','',0,0,NULL,NULL,'G',NULL,'2011-06-08 21:38:26',NULL,'1','1'),
(188,286,1,1,0,0,0,1,7,'PINTURA SPRAY NEGRO MATE','SPRAY NEGRO MATE',NULL,'',0,0,0,'037.003','',0,0,NULL,NULL,'G',NULL,'2011-06-08 21:41:42',NULL,'1','1'),
(189,286,1,1,0,0,0,1,7,'PINTURA SPRAY BLANCO MATE','SPRAY BLANCO MATE',NULL,'',0,0,0,'037.004','',0,0,NULL,NULL,'G',NULL,'2011-06-08 21:43:00',NULL,'1','1'),
(190,286,1,1,0,0,0,1,7,'PINTURA SPRAY ROJO BRILLANTE','SPRAY ROJO BRILLANTE',NULL,'',0,0,0,'037.005','',0,0,NULL,NULL,'G',NULL,'2011-06-08 21:46:46',NULL,'1','1'),
(191,286,1,1,0,0,0,1,7,'PINTURAS SPRAY AMARILLO BRILLANTE','SPRAY AMARILLO BRILLANTE',NULL,'',0,0,0,'037.006','',0,0,NULL,NULL,'G',NULL,'2011-06-08 21:53:25',NULL,'1','1'),
(192,286,1,1,0,0,0,1,7,'PINTURA SPRAY VERDE BRILLANTE','SPRAY VERDE BRILLANTE',NULL,'',0,0,0,'037.007','',0,0,NULL,NULL,'G',NULL,'2011-06-08 21:54:54',NULL,'1','1'),
(193,286,1,1,0,0,0,1,7,'PINTURA SPRAY MARRON BRILLANTE','SPRAY MARRON BRILLANTE',NULL,'',0,0,0,'037.008','',0,0,NULL,NULL,'G',NULL,'2011-06-08 21:56:45',NULL,'1','1'),
(194,286,1,1,0,0,0,1,7,'PINTURA SPRAY ALUMINIO ','SPRAY ALUMINIO',NULL,'',0,0,0,'037.009','',0,0,NULL,NULL,'G',NULL,'2011-06-08 22:04:29',NULL,'1','1'),
(195,286,1,1,0,0,0,1,7,'PINTURA SPRAY GRIS MECANICO BRILLANTE','SPRAY GRIS MECANICO BRILLANTE',NULL,'',0,0,0,'037.010','',0,0,NULL,NULL,'G',NULL,'2011-06-08 22:06:53',NULL,'1','1'),
(196,286,1,1,0,0,0,1,7,'PINTURA SPRAY NARANJA BRILLANTE','SPRAY NARANJA BRILLANTE',NULL,'',0,0,0,'037.011','',0,0,NULL,NULL,'G',NULL,'2011-06-08 22:08:12',NULL,'1','1'),
(197,286,1,1,0,0,0,1,7,'PINTURA SPRAY VERDE FOSFORECENTE','SPRAY VERDE FOSFORECENTE',NULL,'',0,0,0,'037.012','',0,0,NULL,NULL,'G',NULL,'2011-06-08 22:10:22',NULL,'1','1'),
(198,286,1,1,0,0,0,1,7,'PINTURA SPRAY AMARILLO FOSFORECENTE','SPRAY AMARILLO FOSFORECENTE',NULL,'',0,0,0,'037.013','',0,0,NULL,NULL,'G',NULL,'2011-06-08 22:11:37',NULL,'1','1'),
(199,286,1,1,0,0,0,1,7,'PINTURA SPRAY ROJO FOSFORECENTE','SPRAY ROJO FOSFORECENTE',NULL,'',0,0,0,'037.014','',0,0,NULL,NULL,'G',NULL,'2011-06-08 22:16:16',NULL,'1','1'),
(200,286,1,1,0,0,0,1,7,'PINTURA SPRAY NARANJA FOSFORECENTE','SPRAY ROJO FOSFORECENTE',NULL,'',0,0,0,'.015','',0,0,NULL,NULL,'G',NULL,'2011-06-08 22:24:06',NULL,'1','1'),
(201,286,1,1,0,0,0,1,7,'PINTURAS SPRAY ORO METALICO','SPRAY ORO METALICO',NULL,'',0,0,0,'037.016','',0,0,NULL,NULL,'G',NULL,'2011-06-08 22:28:48',NULL,'1','1'),
(202,286,1,1,0,0,0,1,7,'PINTURA SPRAY BRONCE METALICO ','SPRAY BRONCE METALICO ',NULL,'',0,0,0,'037.017','',0,0,NULL,NULL,'G',NULL,'2011-06-08 22:33:13',NULL,'1','1'),
(203,286,1,1,0,0,0,1,7,'PINTURA SPRAY PLATA / ALUMINIO','SPRAY PLATA / ALUMINIO',NULL,'',0,0,0,'037.018','',0,0,NULL,NULL,'G',NULL,'2011-06-08 22:44:36',NULL,'1','1'),
(204,286,1,1,0,0,0,1,7,'PINTURA SPRAY COBRE METALICO','SPRAY COBRE METALICO',NULL,'',0,0,0,'037.019','',0,0,NULL,NULL,'G',NULL,'2011-06-08 22:51:07',NULL,'1','1'),
(205,286,1,1,0,0,0,1,7,'PINTURA SPRAY REFLECTIVA','SPRAY REFLECTIVA',NULL,'',0,0,0,'037.020','',0,0,NULL,NULL,'G',NULL,'2011-06-08 22:52:27',NULL,'1','1'),
(206,286,1,1,0,0,0,1,7,'PINTURA SPRAY PARA PIZARRA VERDE','SPRAY PARA PIZARRA VERDE',NULL,'',0,0,0,'037.021','',0,0,NULL,NULL,'G',NULL,'2011-06-08 22:56:19',NULL,'1','1'),
(207,286,1,1,0,0,0,1,7,'PINTURA SPRAY LACA BLANCO','SPRAY LACA BLANCO',NULL,'',0,0,0,'037.022','',0,0,NULL,NULL,'G',NULL,'2011-06-08 22:57:40',NULL,'1','1'),
(208,286,1,1,0,0,0,1,7,'PINTURA SPRAY LACA TRANSPARENTE','SPRAY LACA TRANSPARENTE',NULL,'',0,0,0,'037.023','',0,0,NULL,NULL,'G',NULL,'2011-06-08 23:02:48',NULL,'1','1'),
(209,286,1,1,0,0,0,1,7,'PINTURA SPRAY LACA NEGRO BRILLANTE','SPRAY LACA NEGRO BRILLANTE',NULL,'',0,0,0,'037.024','',0,0,NULL,NULL,'G',NULL,'2011-06-08 23:10:51',NULL,'1','1'),
(210,286,1,1,0,0,0,1,7,'PINTURA SPRAY RESTAURADORA VINIL NEGRO','SPRAY RESTAURADORA VINIL NEGRO',NULL,'',0,0,0,'.025','',0,0,NULL,NULL,'G',NULL,'2011-06-08 23:13:31',NULL,'1','1'),
(211,286,1,1,0,0,0,1,7,'PINTURA SPRAY RESTAURADORA VINIL BLANCO','SPRAY RESTAURADORA VINIL BLANCO',NULL,'',0,0,0,'037.026','',0,0,NULL,NULL,'G',NULL,'2011-06-08 23:16:01',NULL,'1','1'),
(212,286,1,1,0,0,0,1,7,'PINTAR SPRAY PARA PAVONEAR VIDRIO','SPRAY PARA PAVONEAR VIDRIO',NULL,'',0,0,0,'037.027','',0,0,NULL,NULL,'G',NULL,'2011-06-08 23:18:32',NULL,'1','1'),
(213,286,1,1,0,0,0,1,7,'PINTURA SPRAY MARTILLADO DORADO','SPRAY MARTILLADO DORADO',NULL,'',0,0,0,'037.028','',0,0,NULL,NULL,'G',NULL,'2011-06-08 23:21:47',NULL,'1','1'),
(214,286,1,1,0,0,0,1,7,'PINTURA SPRAY MARTILLADO VERDE','SPRAY MARTILLADO VERDE',NULL,'',0,0,0,'037.029','',0,0,NULL,NULL,'G',NULL,'2011-06-08 23:23:17',NULL,'1','1'),
(215,286,1,1,0,0,0,1,7,'PINTURA SPRAY MARTILLADO GRIS OSCURO','SPRAY MARTILLADO GRIS OSCURO',NULL,'',0,0,0,'037.030','',0,0,NULL,NULL,'G',NULL,'2011-06-08 23:26:24',NULL,'1','1'),
(216,286,1,1,0,0,0,1,7,'PINTURA SPRAY MARTILLADO GRIS PLATA','SPRAY MARTILLADO GRIS PLATA',NULL,'',0,0,0,'037.031','',0,0,NULL,NULL,'G',NULL,'2011-06-08 23:27:45',NULL,'1','1'),
(217,286,1,1,0,0,0,1,7,'PINTURA SPRAY PARA REFRIGERAR ALMENDRA','SPRAY PARA REFRIGERAR ALMENDRA',NULL,'',0,0,0,'037.032','',0,0,NULL,NULL,'G',NULL,'2011-06-08 23:30:59',NULL,'1','1'),
(218,286,1,1,0,0,0,1,7,'PINTURA SPRAY PARA REFRIGERAR BLANCO BRILLANTE','SPRAY PARA REFRIGERAR BLANCO BRILLANTE',NULL,'',0,0,0,'037.033','',0,0,NULL,NULL,'G',NULL,'2011-06-08 23:33:17',NULL,'1','1'),
(219,286,1,1,0,0,0,1,7,'PINTURA SPRAY PARA REFRIGERAR ACERO INOXIDABLE','SPRAY PARA REFRIGERAR ACERO INOXIDABLE',NULL,'',0,0,0,'037.034','',0,0,NULL,NULL,'G',NULL,'2011-06-08 23:36:51',NULL,'1','1'),
(220,286,1,1,0,0,0,1,7,'PINTURA SPRAY EPOXI PARA REFRIGERAR','SPRAY EPOXI PARA REFRIGERAR',NULL,'',0,0,0,'037.035','',0,0,NULL,NULL,'G',NULL,'2011-06-08 23:39:10',NULL,'1','1'),
(221,286,1,1,0,0,0,1,7,'PINTURA SPRAY ALTA TEMPERATURA NEGRO','SPRAY ALTA TEMPERATURA NEGRO',NULL,'',0,0,0,'037.036','',0,0,NULL,NULL,'G',NULL,'2011-06-08 23:40:54',NULL,'1','1'),
(222,286,1,1,0,0,0,1,7,'PINTURA ALTA TEMPERATURA NEGRO','ALTA TEMPERATURA NEGRO',NULL,'',0,0,0,'037.037','',0,0,NULL,NULL,'G',NULL,'2011-06-08 23:42:41',NULL,'1','1'),
(223,286,1,1,0,0,0,1,7,'PINTURA SPRAY ALTA TEMPERATURA BLANCO','SPRAY ALTA TEMPERATURA BLANCO',NULL,'',0,0,0,'037.038','',0,0,NULL,NULL,'G',NULL,'2011-06-08 23:45:49',NULL,'1','1'),
(224,286,1,1,0,0,0,1,7,'PINTURA SPRAY ALTA TEMPERATURA VERDE OSCURO','SPRAY ALTA TEMPERATURA VERDE OSCURO',NULL,'',0,0,0,'037.039','',0,0,NULL,NULL,'G',NULL,'2011-06-08 23:50:00',NULL,'1','1'),
(225,286,1,1,0,0,0,1,7,'PINTURA SPRAY ALTA TEMPERATURA PLATA','SPRAY ALTA TEMPERATURA PLATA',NULL,'',0,0,0,'037.040','',0,0,NULL,NULL,'G',NULL,'2011-06-08 23:51:43',NULL,'1','1'),
(226,286,1,1,0,0,0,1,7,'PINTURA SPRAY METALICO A.C. NEGRO','SPRAY METALICO A.C. NEGRO',NULL,'',0,0,0,'037.041','',0,0,NULL,NULL,'G',NULL,'2011-06-08 23:57:14',NULL,'1','1'),
(227,286,1,1,0,0,0,1,7,'PINTURA SPRAY METALICO A.C. DORADO','SPRAY METALICO A.C. DORADO',NULL,'',0,0,0,'037.042','',0,0,NULL,NULL,'G',NULL,'2011-06-09 00:00:03',NULL,'1','1'),
(228,286,1,1,0,0,0,1,7,'PINTURA SPRAY METALICO A.C. ROJO MANZANA','SPRAY METALICO A.C. ROJO MANZANA',NULL,'',0,0,0,'037.043','',0,0,NULL,NULL,'G',NULL,'2011-06-09 00:01:46',NULL,'1','1'),
(229,286,1,1,0,0,0,1,7,'PINTURA SPRAY METALICO A.C. PLATA','SPRAY METALICO A.C. PLATA',NULL,'',0,0,0,'.044','',0,0,NULL,NULL,'G',NULL,'2011-06-09 00:03:23',NULL,'1','1'),
(230,286,1,1,0,0,0,1,7,'KID PINTURA CRACKELADO BLANCO VENECIANO','CRACKELADO BLANCO VENECIANO',NULL,'',0,0,0,'037.045','',0,0,NULL,NULL,'G',NULL,'2011-06-09 00:10:39',NULL,'1','1'),
(231,286,1,1,0,0,0,1,7,'PINTURA SPRAY IMPRIMANTE PARA OXIDO','SPRAY IMPRIMANTE PARA OXIDO',NULL,'',0,0,0,'.046','',0,0,NULL,NULL,'G',NULL,'2011-06-09 00:16:59',NULL,'1','1'),
(232,286,1,1,0,0,0,1,7,'PINTURA SPRAY VERDE FOSFORECENTE ARG.','SPRAY VERDE FOSFORESCENTE ARG.',NULL,'',0,0,0,'.047','',0,0,NULL,NULL,'G',NULL,'2011-06-09 00:42:03',NULL,'1','1'),
(233,286,1,1,0,0,0,1,7,'PINTURA SPRAY AMARILLO FOSFORESCENTE ARG.','SPRAY AMARILLO FOSFORESCENTE ARG.',NULL,'',0,0,0,'037.048','',0,0,NULL,NULL,'G',NULL,'2011-06-09 00:44:26',NULL,'1','1'),
(234,286,1,1,0,0,0,1,7,'PINTURA SPRAY NARANJA FOSFORESCENTE ARG.','SPRAY NARANJA FOSFORESCENTE',NULL,'',0,0,0,'037.049','',0,0,NULL,NULL,'G',NULL,'2011-06-09 00:46:16',NULL,'1','1'),
(235,286,1,1,0,0,0,1,7,'PINTURA SPRAY ORO METALICO ARG.','SPRAY ORO METALICO ARG.',NULL,'',0,0,0,'037.050','',0,0,NULL,NULL,'G',NULL,'2011-06-09 00:48:23',NULL,'1','1'),
(236,286,1,1,0,0,0,1,7,'PINTURA SPRAY LACA BLANCO ARG.','SPRAY LACA BLANCO ARG.',NULL,'',0,0,0,'037.051','',0,0,NULL,NULL,'G',NULL,'2011-06-09 00:50:16',NULL,'1','1'),
(237,286,1,1,0,0,0,1,7,'LACA TRANSPARENTE BRILLANTE ARG.','TRANSPARENTE BRILLANTE ARG.',NULL,'',0,0,0,'037.052','',0,0,NULL,NULL,'G',NULL,'2011-06-09 00:52:00',NULL,'1','1'),
(238,286,1,1,0,0,0,1,7,'PINTURA SPRAY LACA NEGRO BRILLANTE ARG.','SPRAY LACA NEGRO BRILLANTE ARG.',NULL,'',0,0,0,'.053','',0,0,NULL,NULL,'G',NULL,'2011-06-09 00:54:06',NULL,'1','1'),
(239,286,1,1,0,0,0,1,7,'PINTURA SPRAY PARA REFRIGERAR NEGRO BRILLANTE ARG.','SPRAY PARA REFRIGERAR NEGRO BRILLANTE ARG.',NULL,'',0,0,0,'037.054','',0,0,NULL,NULL,'G',NULL,'2011-06-09 00:56:24',NULL,'1','1'),
(240,286,1,1,0,0,0,1,7,'PINTURA SPRAY ALTA TEMPERATURA BLANCO ARG.','SPRAY ALTA TEMPERATURA BLANCO ARG.',NULL,'',0,0,0,'037.055','',0,0,NULL,NULL,'G',NULL,'2011-06-09 00:58:20',NULL,'1','1'),
(241,286,1,1,0,0,0,1,7,'PINTURA SPRAY ALTA TEMPERATURA PLATA ARG.','SPRAY ALTA TEMPERATURA PLATA ARG.',NULL,'',0,0,0,'037.056','',0,0,NULL,NULL,'G',NULL,'2011-06-09 01:00:35',NULL,'1','1'),
(242,286,1,1,0,0,0,1,7,'PINTURA SPRAY IMPRIMANTE PARA OXIDO ARG.','SPRAY IMPRIMANTE PARA OXIDO ARG.',NULL,'',0,0,0,'037.057','',0,0,NULL,NULL,'G',NULL,'2011-06-09 01:02:23',NULL,'1','1'),
(243,139,1,1,0,0,0,1,7,'ESCOBILLA ACERO MANGO RECTO 3X11','ACERO MANGO RECTO 3X11',NULL,'',0,0,0,'001.010.014.001','',0,0,NULL,NULL,'G',NULL,'2011-06-09 04:01:03',NULL,'1','1'),
(244,139,1,1,0,0,0,1,7,'ESCOBILLA ACERO MANGO RECTO 3X16','ACERO MANGO RECTO 3X16',NULL,'',0,0,0,'001.010.014.002','',0,0,NULL,NULL,'G',NULL,'2011-06-09 04:02:57',NULL,'1','1'),
(245,139,1,1,0,0,0,1,7,'ESCOBILLA ACERO MANGO ANGULAR 3X16','ACERO MANGO ANGULAR 3X16',NULL,'',0,0,0,'001.010.014.003','',0,0,NULL,NULL,'G',NULL,'2011-06-09 04:05:25',NULL,'1','1'),
(246,139,1,1,0,0,0,1,7,'ESCOBILLA ACERO MANGO CURVO 4X15','ACERO MANGO CURVO 4X15',NULL,'',0,0,0,'001.010.014.004','',0,0,NULL,NULL,'G',NULL,'2011-06-09 04:11:13',NULL,'1','1'),
(247,139,1,1,0,0,0,1,7,'ESCOBILLA ACERO MANGO CURVO 4X15 CON RASPADOR ','ACERO MANGO CURVO 4X15 CON RASPADOR',NULL,'',0,0,0,'001.010.014.005','',0,0,NULL,NULL,'G',NULL,'2011-06-09 04:14:08',NULL,'1','1'),
(248,139,1,1,0,0,0,1,7,'ESCOBILLA ACERO INOXIDABLE 3X16','ACERO INOXIDABLE 3X16',NULL,'',0,0,0,'001.010.014.006','',0,0,NULL,NULL,'G',NULL,'2011-06-09 04:16:28',NULL,'1','1'),
(249,139,1,1,0,0,0,1,7,'ESCOBILLA ACERO INOXIDABLE MANGO ANGULAR 3X16','ACERO INOXIDABLE MANGO ANGULAR 3X16',NULL,'',0,0,0,'001.010.007','',0,0,NULL,NULL,'G',NULL,'2011-06-09 04:19:42',NULL,'1','1'),
(250,139,1,1,0,0,0,1,7,'ESCOBILLA LATA ONDULADA MANGO RECTO 3X17-HIT FAESIN','ESCOBILLA LATA ONDULADA MANGO RECTO 3X17-HIT',NULL,'',0,0,0,'001.010.014.008','',0,0,NULL,NULL,'G',NULL,'2011-06-09 04:24:11',NULL,'1','1'),
(251,139,1,1,0,0,0,1,7,'ESCOBILLA LATA ONDULADO MANGO ANGULADO 3X17-HIL FAESIN','ESCOBILLA LATA ONDULADO MANGO ANGULADO 3X17-HIL ',NULL,'',0,0,0,'001.010.014.009','',0,0,NULL,NULL,'G',NULL,'2011-06-09 04:32:06',NULL,'1','1'),
(252,139,1,1,0,0,0,1,7,'ESCOBILLA LATA ONDULADA MANGO REXTO 4X14-HIL FAESIN','LATA ONDULADA MANGO RECTO 4X14 HIL',NULL,'',0,0,0,'001.010.014.010','',0,0,NULL,NULL,'G',NULL,'2011-06-09 04:46:26',NULL,'1','1'),
(253,139,1,1,0,0,0,1,7,'ESCOBILLA ACERO BASE RECTA 5X16-HIL','ACERO BASE RECTA 5X16-HIL',NULL,'',0,0,0,'001.010.014.011','',0,0,NULL,NULL,'G',NULL,'2011-06-09 04:50:27',NULL,'1','1'),
(254,139,1,1,0,0,0,1,7,'ESCOBILLA ACERO BASE RECTA 6X18-HIL','ACERO BASE RECTA 6X18-HIL',NULL,'',0,0,0,'001.010.014.012','',0,0,NULL,NULL,'G',NULL,'2011-06-09 04:52:49',NULL,'1','1'),
(255,139,1,1,0,0,0,1,7,'ESCOBILLA CIRCULAR ACERADA ONDULADA 4\"  EJE 1/2 FAESIN','CIRCULAR ACERADA ONDULADA 4\" EJE 1/2',NULL,'',0,0,0,'001.010.014.013','',0,0,NULL,NULL,'G',NULL,'2011-06-09 05:11:51',NULL,'1','1'),
(256,139,1,1,0,0,0,1,7,'ESCOBILLA CIRCULAR ACERADA ONDULADA 6\" EJE 5/8 FAESIN','CIRCULAR ACERADA ONDULADA 6\" EJE 5/8',NULL,'',0,0,0,'001.010.014.014','',0,0,NULL,NULL,'G',NULL,'2011-06-09 05:17:31',NULL,'1','1'),
(257,139,1,1,0,0,0,1,7,'ESCOBILLA CIRCULAR ACERADA ONDULADA 8\" EJE 3/4 FAESIN','CIRCULAR ACERADA ONDULADA 8\" EJE 3/4',NULL,'',0,0,0,'001.010.014.015','',0,0,NULL,NULL,'G',NULL,'2011-06-09 05:20:37',NULL,'1','1'),
(258,139,1,1,0,0,0,1,7,'ESCOBILLA CIRCULAR ACERADA ONDULADA 10\" EJE 3/4','CIRCULAR ACERADA ONDULADA 10\" EJE 3/4 ',NULL,'',0,0,0,'001.010.014.016','',0,0,NULL,NULL,'G',NULL,'2011-06-09 05:24:01',NULL,'1','1'),
(259,139,1,1,0,0,0,1,7,'ESCOBILLA CIRCULAR ACERADA ONDULADA INOXIDABLE 6\" EJE 5/8 FAESIN','CIRCULAR ACERADA ONDULADA INOXIDABLE 6\" EJE 5/8',NULL,'',0,0,0,'001.010.014.017','',0,0,NULL,NULL,'G',NULL,'2011-06-09 05:28:26',NULL,'1','1'),
(260,139,1,1,0,0,0,1,7,'ESCOBILLA CIRCULAR LATON ONDULADA 6\" EJE 5/8 FAESIN','CIRCULAR LATON ONDULADA 6\" EJE 5/8',NULL,'',0,0,0,'001.010.014.018','',0,0,NULL,NULL,'G',NULL,'2011-06-09 05:33:58',NULL,'1','1'),
(261,139,1,1,0,0,0,1,7,'ESCOBILLA CIRCULAR ACERADA TORCIDA 4.5\" M 14X2 FAESIN','CIRCULAR ACERADA TORCIDA 4.5\" M 14X',NULL,'',0,0,0,'001.010.014.019','',0,0,NULL,NULL,'G',NULL,'2011-06-09 05:40:58',NULL,'1','1'),
(262,139,1,1,0,0,0,1,7,'ESCOBILLA CIRCULAR ACERADA TORCIDA 4.5\" EJE 9/16 FAESIN','CIRCULAR ACERADA TORCIDA 4.5\" EJE 9/16 ',NULL,'',0,0,0,'001.010.014.020','',0,0,NULL,NULL,'G',NULL,'2011-06-09 05:45:47',NULL,'1','1'),
(263,139,1,1,0,0,0,1,7,'ESCOBILLA CIRCULAR ACERADA TORCIDA 6\" EJE 7/8 FAESIN','CIRCULAR ACERADA TORCIDA 6\" EJE 7/8',NULL,'',0,0,0,'001.010.014.021','',0,0,NULL,NULL,'G',NULL,'2011-06-09 05:51:03',NULL,'1','1'),
(264,139,1,1,0,0,0,1,7,'ESCOBILLA CIRCULAR ACERADA TORCIDA 7\" EJE 7/8 FAESIN','CIRCULAR ACERADA TORCIDA 7\" EJE 7/8',NULL,'',0,0,0,'001.010.014.022','',0,0,NULL,NULL,'G',NULL,'2011-06-09 05:55:38',NULL,'1','1'),
(265,139,1,1,0,0,0,1,7,'ESCOBILLA CIRCULAR ACERADA TORCIDA INOXIDABLE 4.5\" EJE 9/16 FAESIN','CIRCULAR ACERADA TORCIDA INOXIDABLE 4.5\" EJE 9/16',NULL,'',0,0,0,'001.010.014.023','',0,0,NULL,NULL,'G',NULL,'2011-06-09 06:01:48',NULL,'1','1'),
(266,139,1,1,0,0,0,1,7,'ESCOBILLA CIRCULAR ACERADA TORCIDA INOXIDABLE 6\" EJE 7/8 FAESIN','CIRCULAR ACERADA TORCIDA INOXIDABLE 6\" EJE 7/8',NULL,'',0,0,0,'001.010.014.024','',0,0,NULL,NULL,'G',NULL,'2011-06-09 06:07:29',NULL,'1','1'),
(267,139,1,1,0,0,0,1,7,'ESCOBILLA CIRCULAR ACERADA TORCIDA 6\" DOBLE EJE 7/8 FAESIN','CIRCULAR ACERADA TORCIDA 6\" DOBLE EJE 7/8',NULL,'',0,0,0,'001.010.014.025','',0,0,NULL,NULL,'G',NULL,'2011-06-09 06:10:29',NULL,'1','1'),
(268,139,1,1,0,0,0,1,7,'ESCOBILLA CIRCULAR ACERADA TORCIDA 6\" DOBLE EJE 1/2 FAESIN','CIRCULAR ACERADA TORCIDA 6\" DOBLE EJE 1/2',NULL,'',0,0,0,'001.010.014.026','',0,0,NULL,NULL,'G',NULL,'2011-06-09 06:14:10',NULL,'1','1'),
(269,139,1,1,0,0,0,1,7,'ESCOBILLA PETROLERA ACERADA TRENZADA 4.5\" EJE 9/16 FAESIN','PETROLERA ACERADA TRENZADA 4.5\" EJE 9/16',NULL,'',0,0,0,'001.010.014.027','',0,0,NULL,NULL,'G',NULL,'2011-06-09 06:17:33',NULL,'1','1'),
(270,139,1,1,0,0,0,1,7,'ESCOBILLA PETROLERA ACERADA TRENZADA 6\" EJE 7/8 FAESIN','PETROLERA ACERADA TRENZADA 6\" EJE 7/8',NULL,'',0,0,0,'001.010.014.028','',0,0,NULL,NULL,'G',NULL,'2011-06-09 06:21:13',NULL,'1','1'),
(271,139,1,1,0,0,0,1,7,'ESCOBILLA SEMICOPA ANGULAR ACERADA ONDULADA 4.5\" FAESIN','SEMICOPA ANGULAR ACERADA TRENZADA 4.5\"',NULL,'',0,0,0,'001.010.014.029','',0,0,NULL,NULL,'G',NULL,'2011-06-09 06:23:37',NULL,'1','1'),
(272,139,1,1,0,0,0,1,7,'ESCOBILLA SEMICOPA ANGULAR ACERADA TORCIDA 4.5\" M 14X2 FAESIN','SEMICOPA ANGULAR ACERADA TORCIDA 4.5\" M 14X2',NULL,'',0,0,0,'001.010.014.030','',0,0,NULL,NULL,'G',NULL,'2011-06-09 06:30:13',NULL,'1','1'),
(273,287,1,1,0,0,0,1,7,'VALVULAS ESFERICAS  CIM    1/2 ','VALVULA ESFERICA BRONCE  1/2 ',NULL,'',0,0,0,'038.001','',0,0,NULL,NULL,'G',NULL,'2011-06-10 03:08:49',NULL,'1','1'),
(274,287,1,1,0,0,0,1,7,'VALVULAS ESFERICA  3/4  CIM ','ESFERICA PASO TOTAL ',NULL,'',0,0,0,'038.002','',0,0,NULL,NULL,'G',NULL,'2011-06-10 06:20:41',NULL,'1','1'),
(275,287,1,1,0,0,0,1,7,'VALVULAS ESFERICAS  CIM  1\"','VALVULA ESFERICA  1\" ',NULL,'',0,0,0,'038.003','',0,0,NULL,NULL,'G',NULL,'2011-06-10 06:23:12',NULL,'1','1'),
(276,287,1,1,0,0,0,1,7,'VALVULA ESFERICA  1  1/4','VALVULA ESFERICA  1   1/4 ',NULL,'',0,0,0,'038.004','',0,0,NULL,NULL,'G',NULL,'2011-06-10 06:25:50',NULL,'1','1'),
(277,287,1,1,0,0,0,1,7,'VALVULA ESFERICA  1  1/2 CIM ','VALVULA ESFERICA CIM PASO TOTAL ',NULL,'',0,0,0,'038.005','',0,0,NULL,NULL,'G',NULL,'2011-06-11 04:50:14',NULL,'1','1'),
(278,287,1,1,0,0,0,1,7,'VALVULA ESFERIAS CIMRED PASO TOTAL 2\"','ESFERICA CIM RED  PASO TOTAL FE ',NULL,'',0,0,0,'038.006','',0,0,NULL,NULL,'G',NULL,'2011-06-11 05:02:08',NULL,'1','1'),
(279,287,1,1,0,0,0,1,7,'VALVULAS ESFERICAS  1/2 PASO TOTAL MANIJA MARIPOSA ','VALVULA PASO TOTAL CIM RED 6/1      1/2',NULL,'',0,0,0,'038.007','',0,0,NULL,NULL,'G',NULL,'2011-06-11 05:07:20',NULL,'1','1'),
(280,287,1,1,0,0,0,1,7,'VALVULAS ESFERICAS CIM RED  PASO TOTAL MANIJA MARIPOSA  3/4 ','VALVULAS ESFERICAS CIM RED  PASO TOTAL MANIJA MARIPOSA  3/4',NULL,'',0,0,0,'038.008','',0,0,NULL,NULL,'G',NULL,'2011-06-11 05:09:21',NULL,'1','1'),
(282,240,1,1,0,0,0,1,7,'BBB 22','',NULL,'',0,0,0,'034.002','',0,0,NULL,NULL,'G',NULL,'2011-06-13 21:25:08',NULL,'1','0'),
(283,139,1,1,0,0,0,1,7,'ESCOBILLA COPA ACERADA TORCIDA 3\" M14X2 FAESIN','COPA ACERADA TORCIDA 3\" M14X2',NULL,'',0,0,0,'001.010.014.031','',0,0,NULL,NULL,'G',NULL,'2011-06-13 21:36:23',NULL,'1','1'),
(284,139,1,1,0,0,0,1,7,'ESCOBILLA COPA ACERADA TORCIDA 4','COPA ACERADA TORCIDA 4',NULL,'',0,0,0,'001.010.014.032','',0,0,NULL,NULL,'G',NULL,'2011-06-13 21:40:33',NULL,'1','1'),
(285,224,1,1,0,0,0,1,7,'LIJA GRANATE MUY FINO 220-6/0  ASA','LIJA GRANATE MUY FINO 220-6/0 9',NULL,'',0,0,0,'018.003','',0,0,NULL,NULL,'G',NULL,'2011-06-13 21:42:31',NULL,'1','1'),
(286,287,1,1,0,0,0,1,7,'VALVULAS ESFERICAS CIMRED PASO TOAL MANIJA MARIPOSA 1\" ','VALVULAS ESFERICAS CIMRED PASO TOAL MANIJA MARIPOSA 1\"',NULL,'',0,0,0,'038.009','',0,0,NULL,NULL,'G',NULL,'2011-06-13 21:48:35',NULL,'1','1'),
(287,139,1,1,0,0,0,1,7,'ESCOBILLA COPA ACERADA TORCIDA 4\" M14X2 MOD-C114-H-80 FAESIN','COPA ACERADA TORCIDA 4\" M14X2',NULL,'',0,0,0,'001.010.014.033','',0,0,NULL,NULL,'G',NULL,'2011-06-13 21:51:52',NULL,'1','1'),
(288,224,1,1,0,0,0,1,7,'LIJA GRANATE FINO 180-5/0 ASA','LIJA  GRANATE FINO 180-5/0 9',NULL,'',0,0,0,'.004','',0,0,NULL,NULL,'G',NULL,'2011-06-13 21:52:27',NULL,'1','1'),
(289,224,1,1,0,0,0,1,7,'LIJA GRANATE FINO 150-4/0 ASA','LIJA  GRANATE FINO 150-4/0 9',NULL,'',0,0,0,'018.005','',0,0,NULL,NULL,'G',NULL,'2011-06-13 21:54:08',NULL,'1','1'),
(290,287,1,1,0,0,0,1,7,'VALVULAS ESFERICAS PASO TOTAL 1/4 CIM14 ','VALVULAS ESFERICAS PASO TOTAL 1/4 CIM14',NULL,'',0,0,0,'038.010','',0,0,NULL,NULL,'G',NULL,'2011-06-13 21:55:05',NULL,'1','1'),
(291,224,1,1,0,0,0,1,7,'LIJA GRANATE FINO 120-3/0 ASA','LIJA GRANATE FINO 120-3/0 9',NULL,'',0,0,0,'018.006','',0,0,NULL,NULL,'G',NULL,'2011-06-13 21:56:15',NULL,'1','1'),
(292,287,1,1,0,0,0,1,7,'VALVULAS ESFERICAS PASO TOTAL 3/8 CIM14 ','VALVULAS ESFERICAS PASO TOTAL 3/8   CIM14',NULL,'',0,0,0,'038.011','',0,0,NULL,NULL,'G',NULL,'2011-06-13 21:56:43',NULL,'1','1'),
(293,287,1,1,0,0,0,1,7,'VALVULAS  ESFERICAS  PASO TOTAL  1/2 CIM ','VALVULAS  ESFERICAS  PASO TOTAL  1/2 CIM',NULL,'',0,0,0,'038.012','',0,0,NULL,NULL,'G',NULL,'2011-06-13 21:59:01',NULL,'1','1'),
(294,287,1,1,0,0,0,1,7,'VALVULAS ESFERCIAS  PASO TOTAL 1\"CIM14','VALVULAS ESFERCIAS  PASO TOTAL 1\"CIM14',NULL,'',0,0,0,'038.013','',0,0,NULL,NULL,'G',NULL,'2011-06-13 22:00:44',NULL,'1','1'),
(295,139,1,1,0,0,0,1,7,'ESCOBILLA COPA DE VIDA ACERADO TRENZADO 4\" M14X2 FAESIN','COPA DE VIDA ACERADO TRENZADO 4\"',NULL,'',0,0,0,'001.010.014.034','',0,0,NULL,NULL,'G',NULL,'2011-06-13 22:02:50',NULL,'1','1'),
(296,287,1,1,0,0,0,1,7,'VALVULAS ESFERICAS  PASO TOTAL 1   1/4CIM14','VALVULAS ESFERICAS  PASO TOTAL 1   1/4 CIM14',NULL,'',0,0,0,'.014','',0,0,NULL,NULL,'G',NULL,'2011-06-13 22:02:56',NULL,'1','1'),
(297,224,1,1,0,0,0,1,7,'LIJA GRANATE MEDIANO 100-2/0 ASA','LIJA GRANATE MEDIANO 100-2/0 9',NULL,'',0,0,0,'018.007','',0,0,NULL,NULL,'G',NULL,'2011-06-13 22:04:00',NULL,'1','1'),
(298,139,1,1,0,0,0,1,7,'ESCOBILLA COPA ACERO TORCIDO INOXIDABLE 4\" M14X2 FAESIN','COPA ACERO TORCIDO INOXIDABLE',NULL,'',0,0,0,'001.010.035','',0,0,NULL,NULL,'G',NULL,'2011-06-13 22:05:46',NULL,'1','1'),
(299,287,1,1,0,0,0,1,7,'VALVULAS ESFERICAS  PASO TOTAL  1  1/2','VALVULAS ESFERICAS  PASO TOTAL  1  1/2',NULL,'',0,0,0,'038.015','',0,0,NULL,NULL,'G',NULL,'2011-06-13 22:06:25',NULL,'1','1'),
(300,224,1,1,0,0,0,1,7,'LIJA GRANATE MEDIANO 80-1/0 ASA','LIJA GRANATE MEDIANO 80-1/0 9\"X11\"',NULL,'',0,0,0,'018.008','',0,0,NULL,NULL,'G',NULL,'2011-06-13 22:07:53',NULL,'1','1'),
(301,287,1,1,0,0,0,1,7,'VALVULAS  ESFERICAS PASO TOTAL  2\" CIM ','VALVULAS  ESFERICAS PASO TOTAL  2\" CIM',NULL,'',0,0,0,'038.016','',0,0,NULL,NULL,'G',NULL,'2011-06-13 22:08:49',NULL,'1','1'),
(302,139,1,1,0,0,0,1,7,'ESCOBILLA ACERDA ONDEADA 3\" M14X2 FAESIN','COPA ACERADA ONDEADA 3\" M14X2',NULL,'',0,0,0,'001.010.014.036','',0,0,NULL,NULL,'G',NULL,'2011-06-13 22:11:20',NULL,'1','1'),
(303,287,1,1,0,0,0,1,7,'VALVULAS ESFERICAS  PASO TOTAL 2  1/2 CIM 14','VALVULAS ESFERICAS  PASO TOTAL 2  1/2CIM14',NULL,'',0,0,0,'038.017','',0,0,NULL,NULL,'G',NULL,'2011-06-13 22:11:35',NULL,'1','1'),
(304,287,1,1,0,0,0,1,7,'VALVULAS ESFERICAS PASO TOTAL 3/8   CIM14','VALVULAS  ESFERICAS  PASO TOTAL  3/8CIM14',NULL,'',0,0,0,'038.018','',0,0,NULL,NULL,'G',NULL,'2011-06-13 22:13:40',NULL,'1','1'),
(305,139,1,1,0,0,0,1,7,'ESCOBILLA COPA ACERADA ONDEADA 5\" M14X2','COPA ACERADA ONDEADA 5\" M14X2',NULL,'',0,0,0,'001.010.014.037','',0,0,NULL,NULL,'G',NULL,'2011-06-13 22:14:30',NULL,'1','1'),
(306,224,1,1,0,0,0,1,7,'LIJA GRANATE MEDIANO 60-1/2 ASA','LIJA GRANATE MEDIANO 60-1/2 9',NULL,'',0,0,0,'018.009','',0,0,NULL,NULL,'G',NULL,'2011-06-13 22:14:42',NULL,'1','1'),
(307,139,1,1,0,0,0,1,7,'ESCOBILLA TUBO DE CALDERA ESPIRAL SIMPLE FAESIN','TUBO DE CALDERA ESPIRAL SIMPLE',NULL,'',0,0,0,'001.010.014.038','',0,0,NULL,NULL,'G',NULL,'2011-06-13 22:17:05',NULL,'1','1'),
(308,139,1,1,0,0,0,1,7,'ESCOBILLA TUBO DE CALDERA ESPIRAL SIMPLE FAESIN','TUBO DE CALDERA SIMPLE ',NULL,'',0,0,0,'001.010.014.039','',0,0,NULL,NULL,'G',NULL,'2011-06-13 22:18:31',NULL,'1','1'),
(309,224,1,1,0,0,0,1,7,'LIJA GRANATE GRUESO 50-1 ASA','LIJA GRANATE GRUESO 50-1 9',NULL,'',0,0,0,'018.010','',0,0,NULL,NULL,'G',NULL,'2011-06-13 22:19:26',NULL,'1','1'),
(310,139,1,1,0,0,0,1,7,'ESCOBILLA TUBO DE CALDERA ESPIRAL SIMPLE FAESIN','TUBO DE CALDERA SIMPLE',NULL,'',0,0,0,'001.010.014.040','',0,0,NULL,NULL,'G',NULL,'2011-06-13 22:19:56',NULL,'1','1'),
(311,224,1,1,0,0,0,1,7,'LIJA GRANATE GRUESO 40-1.1/2 ASA','LIJA GRANATE GRUESO 40-1.1/2 9',NULL,'',0,0,0,'018.011','',0,0,NULL,NULL,'G',NULL,'2011-06-13 22:21:09',NULL,'1','1'),
(312,139,1,1,0,0,0,1,7,'ESCOBILLA TUBO DE CALDERA ESPIRAL SIMPLE','TUBO DE CALDERA SIMPLE',NULL,'',0,0,0,'001.010.014.041','',0,0,NULL,NULL,'G',NULL,'2011-06-13 22:21:32',NULL,'1','1'),
(313,224,1,1,0,0,0,1,7,'LIJA AL AGUA MUY FINO 600 P2500 A  ASA','LIJA AL AGUA MUY FINO 600 P2500 A 9\"X11\"',NULL,'',0,0,0,'018.012','',0,0,NULL,NULL,'G',NULL,'2011-06-13 22:23:32',NULL,'1','1'),
(314,139,1,1,0,0,0,1,7,'ESCOBILLA TUBO DE CALDERA ESPIRAL SIMPLE FAESIN','TUBO DE CALDERA ESPIRAL SIMPLE',NULL,'',0,0,0,'001.010.014.042','',0,0,NULL,NULL,'G',NULL,'2011-06-13 22:23:40',NULL,'1','1'),
(315,287,1,1,0,0,0,1,7,'VALVULAS ESFERICAS PASO TOTAL 4\"CIM14','VALVULAS ESFERICAS PASO TOTAL 4\"CIM14',NULL,'',0,0,0,'038.019','',0,0,NULL,NULL,'G',NULL,'2011-06-13 22:25:16',NULL,'1','1'),
(316,139,1,1,0,0,0,1,7,'ESCOBILLA TUBO DE CALDERA ESPIRAL SIMPLE FAESIN','TUBO DE CALDERA ESPIRAL SIMPLE',NULL,'',0,0,0,'001.010.014.043','',0,0,NULL,NULL,'G',NULL,'2011-06-13 22:25:36',NULL,'1','1'),
(317,224,1,1,0,0,0,1,7,'LIJA AL AGUA MUY FINO 601 P2000 A ASA','LIJA AL AGUA MUY FINO 601 P2000 A 9\"X11\"',NULL,'',0,0,0,'018.013','',0,0,NULL,NULL,'G',NULL,'2011-06-13 22:26:28',NULL,'1','1'),
(318,139,1,1,0,0,0,1,7,'ESCOBILLA TUBO DE CALDERA ESPIRAL SIMPLE FAESIN','TUBO DE CALDERA ESPIRAL SIMPLE',NULL,'',0,0,0,'001.010.014.044','',0,0,NULL,NULL,'G',NULL,'2011-06-13 22:26:57',NULL,'1','1'),
(319,287,1,1,0,0,0,1,7,'VALVULAS ESFERICAS PALANCA MARIPOSA 1/2 CIM ','VALVULAS ESFERICAS PALANCA MARIPOSA 1/2 CIM ',NULL,'',0,0,0,'038.020','',0,0,NULL,NULL,'G',NULL,'2011-06-13 22:28:17',NULL,'1','1'),
(320,139,1,1,0,0,0,1,7,'ESCOBILLA TUBO DE CALDERA SIMPLE FAESIN','TUBO DE CALDERA ESPIRAL SIMPLE',NULL,'',0,0,0,'001.010.014.045','',0,0,NULL,NULL,'G',NULL,'2011-06-13 22:28:45',NULL,'1','1'),
(321,139,1,1,0,0,0,1,7,'ESCOBILLA TUBO DE CALDERA ESPIRAL SIMPLE FAESIN','TUBO DE CALDERA ESPIRAL SIMPLE',NULL,'',0,0,0,'001.010.014.046','',0,0,NULL,NULL,'G',NULL,'2011-06-13 22:30:12',NULL,'1','1'),
(322,287,1,1,0,0,0,1,7,'VALVULAS ESFERICAS PALANCA MARIPOSA  3/4  CIM ','',NULL,'',0,0,0,'038.021','',0,0,NULL,NULL,'G',NULL,'2011-06-13 22:30:34',NULL,'1','1'),
(323,139,1,1,0,0,0,1,7,'ESCOBILLA TUBO DE CALDERA ESPIRAL SIMPLE FAESIN','TUBO DE CALDERA ESPIRAL SIMPLE',NULL,'',0,0,0,'001.010.014.047','',0,0,NULL,NULL,'G',NULL,'2011-06-13 22:31:36',NULL,'1','1'),
(324,224,1,1,0,0,0,1,7,'LIJA AL AGUA MUY FINO 602 P1500 A  ASA','LIJA AL AGUA MUY FINO 602 P1500 A 9\"X11\"',NULL,'',0,0,0,'018.014','',0,0,NULL,NULL,'G',NULL,'2011-06-13 22:33:09',NULL,'1','1'),
(325,224,1,1,0,0,0,1,7,'LIJA AL AGUA MUY FINO 603 P1200 A ASA','LIJA AL AGUA MUY FINO 603 P1200 A 9\"X11\"',NULL,'',0,0,0,'.015','',0,0,NULL,NULL,'G',NULL,'2011-06-13 22:40:00',NULL,'1','1'),
(326,287,1,1,0,0,0,1,7,'VALVULAS ESFERICAS PALANCA MARIPOSA  1\" CIM ','VALVULAS ESFERICAS PALANCA MARIPOSA  1\" CIM ',NULL,'',0,0,0,'038.022','',0,0,NULL,NULL,'G',NULL,'2011-06-13 22:40:53',NULL,'1','1'),
(327,224,1,1,0,0,0,1,7,'LIJA AL AGUA MUY FINO 600 P1000  ASA','LIJA AL AGUA MUY FINO 600 P1000 9\"X11\"',NULL,'',0,0,0,'018.016','',0,0,NULL,NULL,'G',NULL,'2011-06-13 22:43:20',NULL,'1','1'),
(328,139,1,1,0,0,0,1,7,'ESCOBILLA ACERO MANGO RECTO 3X19-HIL','ACERO MANGO RECTO 3X19-HIL',NULL,'',0,0,0,'001.010.014.048','',0,0,NULL,NULL,'G',NULL,'2011-06-13 22:45:41',NULL,'1','1'),
(329,139,1,1,0,0,0,1,7,'ESCOBILLA ACERO MANGO ERGONOMETRO 5X16-HIL','ACERO MANGO ERGONOMETRO 5X16-HIL',NULL,'',0,0,0,'001.010.014.049','',0,0,NULL,NULL,'G',NULL,'2011-06-13 22:47:47',NULL,'1','1'),
(330,139,1,1,0,0,0,1,7,'ESCOBILLA ACERO BASE RECTA 6X19-HIL','ACERO BASE RECTA 6X19-HIL',NULL,'',0,0,0,'001.010.014.050','',0,0,NULL,NULL,'G',NULL,'2011-06-13 22:49:56',NULL,'1','1'),
(331,139,1,1,0,0,0,1,7,'ESCOBILLA COPA ACERADO ONDEADO 3\" CON VASTAGO 1/4 PARA TAALADRO','COPA ACERADO ONDEADO 3\" CON VASTAGO 1/4 PARA TALADRO',NULL,'',0,0,0,'001.010.014.051','',0,0,NULL,NULL,'G',NULL,'2011-06-13 22:52:40',NULL,'1','1'),
(332,139,1,1,0,0,0,1,7,'ESCOBILLA COPA ACERADO ONDEADO 4\" M 14X2','COPA ACERADO ONDEADO 4\" M14X2',NULL,'',0,0,0,'001.010.014.052','',0,0,NULL,NULL,'G',NULL,'2011-06-13 22:55:17',NULL,'1','1'),
(333,139,1,1,0,0,0,1,7,'ESCOBILLON MUNICIPAL PVC SIN MANGO. 5X16','MUNICIPAL PVC SIN MANGO 5X16',NULL,'',0,0,0,'001.010.014.053','',0,0,NULL,NULL,'G',NULL,'2011-06-13 22:59:27',NULL,'1','1'),
(334,224,1,1,0,0,0,1,7,'LIJA AL AGUA FINO 400-10/0 P800 ASA ','LIJA AL AGUA FINO 400-10/0 P800 9\"X11\"',NULL,'',0,0,0,'018.017','',0,0,NULL,NULL,'G',NULL,'2011-06-13 23:00:32',NULL,'1','1'),
(335,139,1,1,0,0,0,1,7,'ESCOBILLA CIRCULAR CON VASTAGO ACERO ONDEADO 3\"75 MM','CIRCULAR CON VASTAGO ACERO ONDEADO 3\"75 MM',NULL,'',0,0,0,'001.010.014.054','',0,0,NULL,NULL,'G',NULL,'2011-06-13 23:08:57',NULL,'1','1'),
(336,139,1,1,0,0,0,1,7,'ESCOBILLA CON VASTAGO ACERO ONDEADO 7/8\" 0.30MM.V.6MM','PUNTA CON VASTAGO ACERO ONDEADO 7/8\" 0.30MM.V.6MM',NULL,'',0,0,0,'001.010.014.055','',0,0,NULL,NULL,'G',NULL,'2011-06-13 23:11:28',NULL,'1','1'),
(337,224,1,1,0,0,0,1,7,'LIJA AL AGUA FINO 360 P600 ASA','LIJA AL AGUA FINO 360 P600 9\"X11\"',NULL,'',0,0,0,'018.018','',0,0,NULL,NULL,'G',NULL,'2011-06-13 23:12:49',NULL,'1','1'),
(338,139,1,1,0,0,0,1,7,'CEPILLO PERFIL CON MANOG PLASTICO 26CM','PERFIL CON MANGO PLASTICO 26 CM',NULL,'',0,0,0,'001.010.014.056','',0,0,NULL,NULL,'G',NULL,'2011-06-13 23:13:19',NULL,'1','1'),
(339,139,1,1,0,0,0,1,7,'CEPILLO CIRCULAR ONDULADO 6\"','CIRCULAR ONDULADA 6\"',NULL,'',0,0,0,'001.010.014.057','',0,0,NULL,NULL,'G',NULL,'2011-06-13 23:15:29',NULL,'1','1'),
(340,287,1,1,0,0,0,1,7,'VALVULAS ESFERICAS  EXTRA PESADA 600LBS, 1/4 CIM12','VALVULAS ESFERICAS  EXTRA PESADA 600LBS, 1/4 CIM12',NULL,'',0,0,0,'038.023','',0,0,NULL,NULL,'G',NULL,'2011-06-13 23:15:58',NULL,'1','1'),
(341,139,1,1,0,0,0,1,7,'ESCOBILLA COPA ONDULADA M14X2','COPA ONDULADA M14X2',NULL,'',0,0,0,'001.010.014.058','',0,0,NULL,NULL,'G',NULL,'2011-06-13 23:17:34',NULL,'1','1'),
(342,287,1,1,0,0,0,1,7,'VALVULAS ESFERICAS EXTRA PESADA 600LBS 3/8 CIM12','VALVULAS ESFERICAS EXTRA PESADA 600LBS 3/8 CIM12',NULL,'',0,0,0,'038.024','',0,0,NULL,NULL,'G',NULL,'2011-06-13 23:17:55',NULL,'1','1'),
(343,224,1,1,0,0,0,1,7,'LIJA AL AGUA FINO 320-9/0 P400 ASA','LIJA AL AGUA FINO 320-9/0 P400 9\"X11\"',NULL,'',0,0,0,'018.019','',0,0,NULL,NULL,'G',NULL,'2011-06-13 23:23:04',NULL,'1','1'),
(344,224,1,1,0,0,0,1,7,'DISCO CORTE A-4-RBNA 4.1/2X1/8X7/8 DORADO ABRALIT','CORTE A-24-RBNA 4.1/2X1/8X7/8 DORADO',NULL,'',0,0,0,'018.020','',0,0,NULL,NULL,'G',NULL,'2011-06-13 23:24:22',NULL,'1','1'),
(345,224,1,1,0,0,0,1,7,'DISCO CORTE A-24 4.1/2X1/8X7/8 RBNA ABRALIT','CORTE A-24 4.1/2X1/8X7/8 RBNA',NULL,'',0,0,0,'018.021','',0,0,NULL,NULL,'G',NULL,'2011-06-13 23:27:03',NULL,'1','1'),
(346,224,1,1,0,0,0,1,7,'DISCO CORTE A-24-RBNA 7 X 1/8 X 7/8 DORADO ABRALIT','CORTE A-24-RBNA 7 X 1/8 X 7/8 DORADO',NULL,'',0,0,0,'018.022','',0,0,NULL,NULL,'G',NULL,'2011-06-13 23:29:19',NULL,'1','1'),
(351,287,1,1,0,0,0,1,7,'VALVULAS  ESFERICAS EXTRA PESADA 600LBS. DE 1/2 CIM12','VALVULAS  ESFERICAS EXTRA PESADA 600LBS. DE 1/2 CIM12',NULL,'',0,0,0,'038.025','',0,0,NULL,NULL,'G',NULL,'2011-06-13 23:40:23',NULL,'1','1'),
(352,224,1,1,0,0,0,1,7,'LIJA AL AGUA FINO 280-8/0 P360 ASA','LIJA AL AGUA FINO 280-8/0 P360 9\"X11\"',NULL,'',0,0,0,'018.023','',0,0,NULL,NULL,'G',NULL,'2011-06-13 23:42:14',NULL,'1','1'),
(353,224,1,1,0,0,0,1,7,'LIJA AL AGUA MEDIANO P320 ASA','LIJA AL AGUA MEDIANO P320 9\"X11\"',NULL,'',0,0,0,'018.024','',0,0,NULL,NULL,'G',NULL,'2011-06-13 23:45:01',NULL,'1','1'),
(354,287,1,1,0,0,0,1,7,'VALVULAS VALVULA 1/2 O \"','VALVULAS VALVULA 1/2 O \"',NULL,'VALVULAS VALVULA 1/2 O \"',0,0,0,'038.026','',0,0,NULL,NULL,'G',NULL,'2011-06-13 23:45:45',NULL,'1','0'),
(355,287,1,1,0,0,0,1,7,'VALVULAS ESFERICAS EXTRA PESADA 600LBS 1/2\" CIM12','VALVULAS ESFERICAS EXTRA PESADA 600LBS 1/2\" CIM12',NULL,'',0,0,0,'038.027','',0,0,NULL,NULL,'G',NULL,'2011-06-13 23:45:54',NULL,'1','1'),
(356,224,1,1,0,0,0,1,7,'DISCO DE CORTE A-24 7X1/8X7/8 ABRALIT','DISCO DE CORTE A-24 7X1/8X7/8',NULL,'',0,0,0,'018.025','',0,0,NULL,NULL,'G',NULL,'2011-06-13 23:47:21',NULL,'1','1'),
(357,287,1,1,0,0,0,1,7,'VALVULAS ESFERICAS EXTRA PESADA 600LBS 3/4CIM12','VALVULAS ESFERICAS EXTRA PESADA 600LBS 3/4CIM12',NULL,'',0,0,0,'038.028','',0,0,NULL,NULL,'G',NULL,'2011-06-13 23:49:45',NULL,'1','1'),
(358,224,1,1,0,0,0,1,7,'DISCO DE CORTE A-24 7 X 1/8 X 1 ABRALIT','CORTE  A-24 7 X 1/8 X 1',NULL,'',0,0,0,'018.026','',0,0,NULL,NULL,'G',NULL,'2011-06-13 23:49:58',NULL,'1','1'),
(359,287,1,1,0,0,0,1,7,'VALVULAS ESFERICAS  EXTRA PESADAS 600LBS CIM12  1\" ','VALVULAS ESFERICAS  EXTRA PESADAS 600LBS CIM12  1\"',NULL,'',0,0,0,'038.029','',0,0,NULL,NULL,'G',NULL,'2011-06-13 23:52:11',NULL,'1','1'),
(360,287,1,1,0,0,0,1,7,'VALVAVULAS ESFERICAS EXTRA PESADA 600LBS. DE 1   1/4 CIM12 ','VALVAVULAS ESFERICAS EXTRA PESADA 600LBS. DE 1   1/4 CIM12',NULL,'',0,0,0,'038.030','',0,0,NULL,NULL,'G',NULL,'2011-06-13 23:53:40',NULL,'1','1'),
(361,224,1,1,0,0,0,1,7,'LIJA AL AGUA MEDIANO P280 ASA','LIJA AL AGUA MEDIANO P280 9\"X11\"',NULL,'',0,0,0,'018.027','',0,0,NULL,NULL,'G',NULL,'2011-06-13 23:53:52',NULL,'1','1'),
(362,224,1,1,0,0,0,1,7,'DISCO CORTE A-24 9 X 1/8 X 7/8 ABRALIT','CORTE A-24 9 X 1/8 X 7/8',NULL,'',0,0,0,'018.028','',0,0,NULL,NULL,'G',NULL,'2011-06-13 23:54:14',NULL,'1','1'),
(363,287,1,1,0,0,0,1,7,'VALVULAS ESFERICAS EXTRA PESADOS PESADO 600LBS DE   1  1/4\" CIM 12','VALVULAS ESFERICAS EXTRA PESADOS PESADO 600LBS DE   1  1/4\" CIM 12',NULL,'',0,0,0,'038.031','',0,0,NULL,NULL,'G',NULL,'2011-06-13 23:56:36',NULL,'1','1'),
(364,224,1,1,0,0,0,1,7,'DISCO DE CORTE A-24 9 X 1/8 X 1 ABRALIT','CORTE A-24 9 X 1/8 X 1',NULL,'',0,0,0,'018.029','',0,0,NULL,NULL,'G',NULL,'2011-06-13 23:57:34',NULL,'1','1'),
(365,287,1,1,0,0,0,1,7,'VALVULAS ESFERICAS EXTRA PESADOS 600LBS. DE 2\" CIM 12 ','VALVULAS ESFERICAS EXTRA PESADOS 600LBS. DE 2\" CIM 12',NULL,'',0,0,0,'038.032','',0,0,NULL,NULL,'G',NULL,'2011-06-13 23:58:27',NULL,'1','1'),
(366,224,1,1,0,0,0,1,7,'LIJA AL AGUA MEDIANO 240-7/0 ASA','LIJA AL AGUA MEDIANO 240-7/0 9\"X11\"',NULL,'',0,0,0,'018.030','',0,0,NULL,NULL,'G',NULL,'2011-06-13 23:58:28',NULL,'1','1'),
(367,287,1,1,0,0,0,1,7,'VALVULAS ESFERICAS EXTRA PESADA 600LBS, 2   1/2\" CIM 12','VALVULAS ESFERICAS EXTRA PESADA 600LBS, 2   1/2\" CIM 12',NULL,'',0,0,0,'038.033','',0,0,NULL,NULL,'G',NULL,'2011-06-13 23:59:55',NULL,'1','1'),
(368,224,1,1,0,0,0,1,7,'DISCO DE CORTE A-24 12 X 1/8 X 1 ABRALIT','CORTE A-24 12 X 1/8 X 1',NULL,'',0,0,0,'018.031','',0,0,NULL,NULL,'G',NULL,'2011-06-13 23:59:56',NULL,'1','1'),
(369,287,1,1,0,0,0,1,7,'VALVULAS ESFERICAS EXTRA PESADA 600LBS DE 3\" CIM12','VALVULAS ESFERICAS EXTRA PESADA 600LBS DE 3\" CIM12',NULL,'',0,0,0,'038.034','',0,0,NULL,NULL,'G',NULL,'2011-06-14 00:01:03',NULL,'1','1'),
(370,224,1,1,0,0,0,1,7,'DISCO DE CORTE A-24 14 X 1/8 X 1 ABRALIT','CORTE A-24 14 X 1/8 X 1',NULL,'',0,0,0,'018.032','',0,0,NULL,NULL,'G',NULL,'2011-06-14 00:01:47',NULL,'1','1'),
(371,224,1,1,0,0,0,1,7,'LIJA AL AGUA MEDIANO 220-6/0 ASA','LIJA AL AGUA MEDIANO 220-6/0 9\"X11\"',NULL,'',0,0,0,'018.033','',0,0,NULL,NULL,'G',NULL,'2011-06-14 00:02:14',NULL,'1','1'),
(372,287,1,1,0,0,0,1,7,'VALVULAS ESFERICAS  EXTRA PESADA 600LBS DE 4\" CIM12','VALVULAS ESFERICAS  EXTRA PESADA 600LBS DE 4\" CIM12',NULL,'',0,0,0,'038.035','',0,0,NULL,NULL,'G',NULL,'2011-06-14 00:02:21',NULL,'1','1'),
(373,224,1,1,0,0,0,1,7,'DISCO DE CORTE 37 C-24 7 X 1/8 X 7/8 ABRALIT','CORTE 37 C-24 7 X 1/8 X 7/8',NULL,'',0,0,0,'018.034','',0,0,NULL,NULL,'G',NULL,'2011-06-14 00:03:47',NULL,'1','1'),
(374,224,1,1,0,0,0,1,7,'LIJA AL AGUA MEDIANO 180-5/0 ASA','LIJA AL AGUA MEDIANO 180-5/0 9\"X11\"',NULL,'',0,0,0,'018.035','',0,0,NULL,NULL,'G',NULL,'2011-06-14 00:04:33',NULL,'1','1'),
(375,224,1,1,0,0,0,1,7,'DISCO DE CORTE 37 C-24 9 X 1/8 X 7/8 ABRALIT','CORTE 37 C-24 9 X 1/8 X 7/8',NULL,'',0,0,0,'018.036','',0,0,NULL,NULL,'G',NULL,'2011-06-14 00:05:53',NULL,'1','1'),
(376,224,1,1,0,0,0,1,7,'LIJA AL AGUA MEDIANO 150-4/0 ASA','LIJA AL AGUA MEDIANO 150-4/0 9\"X11\"',NULL,'',0,0,0,'018.037','',0,0,NULL,NULL,'G',NULL,'2011-06-14 00:05:58',NULL,'1','1'),
(377,224,1,1,0,0,0,1,7,'DISCO DE CORTE 37 C-24 14 X 1/8 X 1 ABRALIT','CORTE 37 C-24 14 X 1/8 X 1',NULL,'',0,0,0,'018.038','',0,0,NULL,NULL,'G',NULL,'2011-06-14 00:07:24',NULL,'1','1'),
(378,224,1,1,0,0,0,1,7,'LIJA AL AGUA GRUESO 120-3/0 ASA','LIJA AL AGUA GRUESO 120-3/0 9\"X11\"',NULL,'',0,0,0,'018.039','',0,0,NULL,NULL,'G',NULL,'2011-06-14 00:07:35',NULL,'1','1'),
(379,224,1,1,0,0,0,1,7,'DISCO DE CORTE ACERO INOXIDABLE 7 X 1/8 ABRALIT','CORTE ACERO INOXIDABLE 7 X 1/8',NULL,'',0,0,0,'018.040','',0,0,NULL,NULL,'G',NULL,'2011-06-14 00:08:49',NULL,'1','1'),
(380,224,1,1,0,0,0,1,7,'LIJA AL AGUA GRUESO 100-2/0 ASA ','LIJA AL AGUA GRUESO 100-2/0 9\"X11\"',NULL,'',0,0,0,'018.041','',0,0,NULL,NULL,'G',NULL,'2011-06-14 00:11:24',NULL,'1','1'),
(381,224,1,1,0,0,0,1,7,'DISCO DE DESBASTE BDA-46-180 7 X 1/8 ABRALIT','DESBASTE BDA-46-180 7 X 1/8',NULL,'',0,0,0,'018.042','',0,0,NULL,NULL,'G',NULL,'2011-06-14 00:12:08',NULL,'1','1'),
(382,224,1,1,0,0,0,1,7,'LIJA AL AGUA GRUESO 80-1/0 ASA','LIJA AL AGUA GRUESO 80-1/0 9\"X11\"',NULL,'',0,0,0,'018.043','',0,0,NULL,NULL,'G',NULL,'2011-06-14 00:12:31',NULL,'1','1'),
(383,224,1,1,0,0,0,1,7,'LIJA AL AGUA GRUESO 60-1/2 ASA','LIJA AL AGUA GRUESO 60-1/2 9\"X11\"',NULL,'',0,0,0,'018.044','',0,0,NULL,NULL,'G',NULL,'2011-06-14 00:13:38',NULL,'1','1'),
(384,224,1,1,0,0,0,1,7,'DISCO DE DESBASTE BDA-52-180 7 X 3/16 X 7/8 ABRALIT ','DESBASTE BDA-52-180 7 X 3/16 X 7/8 ABRALIT',NULL,'',0,0,0,'018.045','',0,0,NULL,NULL,'G',NULL,'2011-06-14 00:14:13',NULL,'1','1'),
(385,224,1,1,0,0,0,1,7,'LIJA AL AGUA MUY FINO 2000 P2500 ASA','LIJA AL AGUA MUY FINO 2000 P25009\"X11\"',NULL,'',0,0,0,'018.046','',0,0,NULL,NULL,'G',NULL,'2011-06-14 00:15:40',NULL,'1','1'),
(386,224,1,1,0,0,0,1,7,'LIJA AL AGUA MUY FINO 1500 P2000 ASA','LIJA AL AGUA MUY FINO 1500 P2000 9\"X11\"',NULL,'',0,0,0,'018.047','',0,0,NULL,NULL,'G',NULL,'2011-06-14 00:18:48',NULL,'1','1'),
(387,224,1,1,0,0,0,1,7,'DISCO DESBASTE BDA-66-115 4.1/2 X 1/4 X 7/8 DORADO ABRALIT','DESBASTE BDA-66-115 4.1/2 X 1/4 X 7/8 DORADO ABRALIT',NULL,'',0,0,0,'018.048','',0,0,NULL,NULL,'G',NULL,'2011-06-14 00:19:02',NULL,'1','1'),
(388,287,1,1,0,0,0,1,7,'VALVULAS COMPUERTAS BCE  125LBS. DE 1/2\" CIM50','VALVULAS COMPUERTAS BCE  125LBS. DE 1/2\" CIM50',NULL,'',0,0,0,'038.036','',0,0,NULL,NULL,'G',NULL,'2011-06-14 00:19:09',NULL,'1','1'),
(389,287,1,1,0,0,0,1,7,'VALVULAS COMPUERTA BCE 125LBS DE 3/4 CIM50','VALVULAS COMPUERTA BCE 125LBS DE 3/4 CIM50',NULL,'',0,0,0,'038.037','',0,0,NULL,NULL,'G',NULL,'2011-06-14 00:20:35',NULL,'1','1'),
(390,224,1,1,0,0,0,1,7,'DISCO DE DESBASTE BDA-66-115- 4.1/2 X 1/4 ABRALIT','DESBASTE BDA-66-115 4.1/2 X 1/4',NULL,'',0,0,0,'018.049','',0,0,NULL,NULL,'G',NULL,'2011-06-14 00:21:40',NULL,'1','1'),
(391,287,1,1,0,0,0,1,7,'VALVULAS COMPUERTAS BCE 125LBS DE 1\" CIM50','VALVULAS COMPUERTAS BCE 125LBS DE 1\" CIM50',NULL,'',0,0,0,'038.038','',0,0,NULL,NULL,'G',NULL,'2011-06-14 00:22:00',NULL,'1','1'),
(392,287,1,1,0,0,0,1,7,'VALVULAS COMPUERTAS BCCE 125LBS  1 1 /4 CIM50','VALVULAS COMPUERTAS BCCE 125LBS  1 1 /4 CIM50',NULL,'',0,0,0,'038.039','',0,0,NULL,NULL,'G',NULL,'2011-06-14 00:23:28',NULL,'1','1'),
(393,224,1,1,0,0,0,1,7,'DISCO DESBASTE BDA-66-180 7 X 1/4 X 7/8 DORADA ABRALIT','DESBASTE BDA-66-180 7 X 1/4 X 7/8',NULL,'',0,0,0,'018.050','',0,0,NULL,NULL,'G',NULL,'2011-06-14 00:24:39',NULL,'1','1'),
(394,224,1,1,0,0,0,1,7,'DISCO DE DESBASTE BDA-66-180 7 X 1/4 ABRALIT','DESBASTE BDA-66-180 7 X 1/4',NULL,'',0,0,0,'018.051','',0,0,NULL,NULL,'G',NULL,'2011-06-14 00:25:57',NULL,'1','1'),
(395,224,1,1,0,0,0,1,7,'DISCO DE DESBASTE BDA-66-230 9 X 1/4 ABRALIT','DESBASTE BDA-66-230 9 X 1/4',NULL,'',0,0,0,'018.052','',0,0,NULL,NULL,'G',NULL,'2011-06-14 00:27:21',NULL,'1','1'),
(396,287,1,1,0,0,0,1,7,'VALVULAS COMPUERTA BCE  125LBS DE 1   1/2\"CIM50','VALVULAS COMPUERTA BCE  125LBS DE 1   1/2\"CIM50',NULL,'',0,0,0,'038.040','',0,0,NULL,NULL,'G',NULL,'2011-06-14 00:27:35',NULL,'1','1'),
(398,224,1,1,0,0,0,1,7,'LIJA AL AGUA MUY FINO 1200 P1500 ASA','LIJA AL AGUA MUY FINO 1200 P1500 9\"X11\"',NULL,'',0,0,0,'018.053','',0,0,NULL,NULL,'G',NULL,'2011-06-14 00:28:41',NULL,'1','1'),
(399,287,1,1,0,0,0,1,7,'VALVULAS COMPUERTAS BCE 125LBS  2\" CIM50','VALVULAS COMPUERTAS BCE 125LBS  2\" CIM50',NULL,'',0,0,0,'038.041','',0,0,NULL,NULL,'G',NULL,'2011-06-14 00:28:43',NULL,'1','1'),
(400,224,1,1,0,0,0,1,7,'DISCO FIBRA ABRALOX GRANO 16 ','FIBRA ABRALOX GRANO 16',NULL,'',0,0,0,'018.054','',0,0,NULL,NULL,'G',NULL,'2011-06-14 00:29:15',NULL,'1','1'),
(401,287,1,1,0,0,0,1,7,'VALVULAS COMPUERTA BCE 125LBS  DE 1  1/2\" CIM50','VALVULAS COMPUERTA BCE 125LBS  DE 1  1/2\" CIM50',NULL,'',0,0,0,'038.042','',0,0,NULL,NULL,'G',NULL,'2011-06-14 00:30:02',NULL,'1','1'),
(402,224,1,1,0,0,0,1,7,'DISCO FIBRA ABRALOX GRANO 24','FIBRA ABRALOX GRANO 24',NULL,'',0,0,0,'018.055','',0,0,NULL,NULL,'G',NULL,'2011-06-14 00:30:32',NULL,'1','1'),
(403,224,1,1,0,0,0,1,7,'LIJA AL AGUA MUY FINO 1000 P1200 ASA','LIJA AL AGUA MUY FINO 1000 P1200 9\"X11\"',NULL,'',0,0,0,'018.056','',0,0,NULL,NULL,'G',NULL,'2011-06-14 00:30:42',NULL,'1','1'),
(404,224,1,1,0,0,0,1,7,'DISCO FIBRA ABRALOX GRANO 36','FIBRA ABRALOX GRANO 36',NULL,'',0,0,0,'018.057','',0,0,NULL,NULL,'G',NULL,'2011-06-14 00:31:43',NULL,'1','1'),
(405,224,1,1,0,0,0,1,7,'DISCO FIBRA ABRALOX GRANO 50','FIBRA ABRALOX GRANO 50',NULL,'',0,0,0,'018.058','',0,0,NULL,NULL,'G',NULL,'2011-06-14 00:32:33',NULL,'1','1'),
(406,287,1,1,0,0,0,1,7,'VALVULAS COMPUERTAS BCE 125LBS 2\" CIM50','VALVULAS COMPUERTAS BCE 125LBS 2\" CIM50',NULL,'',0,0,0,'038.043','',0,0,NULL,NULL,'G',NULL,'2011-06-14 00:32:34',NULL,'1','1'),
(407,224,1,1,0,0,0,1,7,'DISCO FIBRA ABRALOX GRANO 60','FIBRA ABRALOX GRANO 60',NULL,'',0,0,0,'018.059','',0,0,NULL,NULL,'G',NULL,'2011-06-14 00:33:26',NULL,'1','1'),
(408,224,1,1,0,0,0,1,7,'DISCO FIBRA ABRALOX GRANO 80','FIBRA ABRALOX GRANO 80',NULL,'',0,0,0,'018.060','',0,0,NULL,NULL,'G',NULL,'2011-06-14 00:34:19',NULL,'1','1'),
(409,224,1,1,0,0,0,1,7,'LIJA ESMERIL MUY FINO 220 ASA','LIJA ESMERIL MUY FINO 220 9\"X11\"',NULL,'',0,0,0,'018.061','',0,0,NULL,NULL,'G',NULL,'2011-06-14 00:34:52',NULL,'1','1'),
(410,224,1,1,0,0,0,1,7,'DISCO FIBRA ABRALOX GRANO 100','FIBRA ABRALOX GRANO 100',NULL,'',0,0,0,'018.062','',0,0,NULL,NULL,'G',NULL,'2011-06-14 00:35:07',NULL,'1','1'),
(411,224,1,1,0,0,0,1,7,'LIJA ESMERIL MUY FINO 180-2/0 ASA','LIJA ESMERIL MUY FINO 180-2/0 9\"X11\"',NULL,'',0,0,0,'018.063','',0,0,NULL,NULL,'G',NULL,'2011-06-14 00:36:05',NULL,'1','1'),
(412,224,1,1,0,0,0,1,7,'DISCO FIBRA ABRALITE GRANO 24','FIBRA ABRALITE GRANO 24',NULL,'',0,0,0,'018.064','',0,0,NULL,NULL,'G',NULL,'2011-06-14 00:36:07',NULL,'1','1'),
(413,224,1,1,0,0,0,1,7,'LIJA ESMERIL MUY FINO 150 ASA','LIJA ESMERIL MUY FINO 150 9\"X11\"',NULL,'',0,0,0,'018.065','',0,0,NULL,NULL,'G',NULL,'2011-06-14 00:37:31',NULL,'1','1'),
(414,224,1,1,0,0,0,1,7,'DISCO FIBRA ABRALITE GRANO 60','FIBRA ABRALITE GRANO 60',NULL,'',0,0,0,'018.066','',0,0,NULL,NULL,'G',NULL,'2011-06-14 00:37:42',NULL,'1','1'),
(415,224,1,1,0,0,0,1,7,'LIJA ESMERIL MUY FINO 120-1/2 ASA','LIJA ESMERIL MUY FINO 120-1/2 9\"X11\"',NULL,'',0,0,0,'018.067','',0,0,NULL,NULL,'G',NULL,'2011-06-14 00:38:29',NULL,'1','1'),
(416,224,1,1,0,0,0,1,7,'DISCO FIBRA ABRALITE GRANO 80','FIBRA ABRALITE GRANO 80',NULL,'',0,0,0,'018.068','',0,0,NULL,NULL,'G',NULL,'2011-06-14 00:38:34',NULL,'1','1'),
(417,224,1,1,0,0,0,1,7,'LIJA ESMERIL FINO 100-1 ASA','LIJA ESMERIL FINO 100-1 9\"X11\"',NULL,'',0,0,0,'018.069','',0,0,NULL,NULL,'G',NULL,'2011-06-14 00:39:37',NULL,'1','1'),
(418,224,1,1,0,0,0,1,7,'LIJA ESMERIL MEDIANO 80-1.1/2 ASA','LIJA ESMERIL MEDIANO 80-1.1/2  9\"X11\"',NULL,'',0,0,0,'018.070','',0,0,NULL,NULL,'G',NULL,'2011-06-14 00:40:39',NULL,'1','1'),
(420,224,1,1,0,0,0,1,7,'LIJA ESMERIL MEDIANO 60-2 ASA','LIJA ESMERIL MEDIANO 60-2 9\"X11\"',NULL,'',0,0,0,'018.071','',0,0,NULL,NULL,'G',NULL,'2011-06-14 00:41:44',NULL,'1','1'),
(421,224,1,1,0,0,0,1,7,'DISCO FIBRA ABRALITE GRANO 100','FIBRA ABRALITE GRANO 100',NULL,'',0,0,0,'018.072','',0,0,NULL,NULL,'G',NULL,'2011-06-14 00:41:49',NULL,'1','1'),
(422,224,1,1,0,0,0,1,7,'DISCO FIBRA ABRALITE GRANO 120','FIBRA ABRALITE GRANO 120',NULL,'',0,0,0,'018.073','',0,0,NULL,NULL,'G',NULL,'2011-06-14 00:42:47',NULL,'1','1'),
(423,224,1,1,0,0,0,1,7,'LIJA ESMERIL GRUESO 50-2.1/2 ASA','LIJA ESMERIL GRUESO 50-2.1/2 9\"X11\"',NULL,'',0,0,0,'018.074','',0,0,NULL,NULL,'G',NULL,'2011-06-14 00:42:52',NULL,'1','1'),
(424,224,1,1,0,0,0,1,7,'LIJA ESMERIL GRUESO 40-3 ASA','LIJA ESMERIL GRUESO 40-3 9\"X11\"',NULL,'',0,0,0,'018.075','',0,0,NULL,NULL,'G',NULL,'2011-06-14 00:44:04',NULL,'1','1'),
(425,224,1,1,0,0,0,1,7,'LIJA ESMERIL GRUESO 36-3.1/2 ASA','LIJA ESMERIL GRUESO 36-3.1/2 9\"X11\"',NULL,'',0,0,0,'018.076','',0,0,NULL,NULL,'G',NULL,'2011-06-14 00:45:46',NULL,'1','1'),
(426,224,1,1,0,0,0,1,7,'LIJA GRANATE GRANO 40 1.1/2','GRANATE GRANO 40 1.1/',NULL,'',0,0,0,'018.077','',0,0,NULL,NULL,'G',NULL,'2011-06-14 00:46:36',NULL,'1','1'),
(427,287,1,1,0,0,0,1,7,'VALVULAS COMPUERTAS BCE 125LBS. DE  2   1/2\" CIM50','VALVULAS COMPUERTAS BCE 125LBS. DE  2   1/2\" CIM50',NULL,'',0,0,0,'038.044','',0,0,NULL,NULL,'G',NULL,'2011-06-14 00:51:21',NULL,'1','1'),
(428,224,1,1,0,0,0,1,7,'LIJA GRANATE GRANO 50  1 ABRALIT','GRANATE GRANO 50  1',NULL,'',0,0,0,'018.078','',0,0,NULL,NULL,'G',NULL,'2011-06-14 00:51:40',NULL,'1','1'),
(429,224,1,1,0,0,0,1,7,'LIJA GRANATE GRANO 60  1/2 ABRALIT','GRANATE GRANO 60  1/2',NULL,'',0,0,0,'018.079','',0,0,NULL,NULL,'G',NULL,'2011-06-14 00:53:37',NULL,'1','1'),
(430,224,1,1,0,0,0,1,7,'LIJA GRANATE GRANO 80  1/0 ABRALIT','GRANATE GRANO 80  1/0',NULL,'',0,0,0,'018.080','',0,0,NULL,NULL,'G',NULL,'2011-06-14 00:54:53',NULL,'1','1'),
(432,224,1,1,0,0,0,1,7,'LIJA GRANATE GRANO 100  2/0','GRANATE GRANO 100  2/0',NULL,'',0,0,0,'018.081','',0,0,NULL,NULL,'G',NULL,'2011-06-14 02:11:40',NULL,'1','1'),
(433,224,1,1,0,0,0,1,7,'PAPEL DURASALOX PREMIUN P80 ASA ','PAPEL DURASALOX PREMIUN P80 9\"X11\"',NULL,'',0,0,0,'018.082','',0,0,NULL,NULL,'G',NULL,'2011-06-14 02:21:45',NULL,'1','1'),
(434,224,1,1,0,0,0,1,7,'LIJA GRANATE GRANO 120  3/0 ABRALIT','GRANATE GRANO 120  3/0',NULL,'',0,0,0,'018.083','',0,0,NULL,NULL,'G',NULL,'2011-06-14 02:28:57',NULL,'1','1'),
(435,224,1,1,0,0,0,1,7,'PAPEL DURASALOX PREMIUN P100 ASA','PAPEL DURASALOX PREMIUN P100 9\"X11\"',NULL,'',0,0,0,'018.084','',0,0,NULL,NULL,'G',NULL,'2011-06-14 02:33:04',NULL,'1','1'),
(436,224,1,1,0,0,0,1,7,'PAPEL DURASALOX PREMIUN P120 ASA','PAPEL DURASALOX PREMIUN P120 9\"X11\"',NULL,'',0,0,0,'018.085','',0,0,NULL,NULL,'G',NULL,'2011-06-14 02:33:58',NULL,'1','1'),
(437,224,1,1,0,0,0,1,7,'LIJA GRANATE GRANO 150  4/0 ABRALIT','GRANATE GRANO 150  4/0',NULL,'',0,0,0,'018.086','',0,0,NULL,NULL,'G',NULL,'2011-06-14 02:33:59',NULL,'1','1'),
(438,224,1,1,0,0,0,1,7,'LIJA GRANATE GRANO 180  5/0 ABRALIT','GRANATE GRANO 180  5/0',NULL,'',0,0,0,'018.087','',0,0,NULL,NULL,'G',NULL,'2011-06-14 02:35:48',NULL,'1','1'),
(439,224,1,1,0,0,0,1,7,'PAPEL DURASALOX PREMIUN P150 ASA','PAPEL DURASALOX PREMIUN P150 9\"X11\"',NULL,'',0,0,0,'.088','',0,0,NULL,NULL,'G',NULL,'2011-06-14 02:38:00',NULL,'1','1'),
(440,224,1,1,0,0,0,1,7,'LIJA GRANATE GRANO 220  6/0 ABRALIT','GRANATE GRANO 220  6/0',NULL,'',0,0,0,'.089','',0,0,NULL,NULL,'G',NULL,'2011-06-14 02:38:18',NULL,'1','1'),
(441,224,1,1,0,0,0,1,7,'LIJA TELA METALOX GRANO 40  3','TELA METALOX GRANO 40  3',NULL,'',0,0,0,'.090','',0,0,NULL,NULL,'G',NULL,'2011-06-14 02:40:25',NULL,'1','1'),
(442,224,1,1,0,0,0,1,7,'LIJA TELA METALOX GRANO 50  2 1/2','TELA METALOX GRANO 50  2 1/2',NULL,'',0,0,0,'.091','',0,0,NULL,NULL,'G',NULL,'2011-06-14 02:42:41',NULL,'1','1'),
(443,224,1,1,0,0,0,1,7,'LIJA TELA METALOX GRANO 60  2','TELA METALOX GRANO 60  2',NULL,'',0,0,0,'.092','',0,0,NULL,NULL,'G',NULL,'2011-06-14 02:44:06',NULL,'1','1'),
(444,224,1,1,0,0,0,1,7,'LIJA TELA METALOX GRANO 80  1 1/2','TELA METALOX GRANO 80  1 1/2',NULL,'',0,0,0,'018.093','',0,0,NULL,NULL,'G',NULL,'2011-06-14 02:47:21',NULL,'1','1'),
(445,224,1,1,0,0,0,1,7,'PAPEL DURASALOX PREMIUN P180 ASA','PAPEL DURASALOX PREMIUN P1809\"X11\"',NULL,'',0,0,0,'.094','',0,0,NULL,NULL,'G',NULL,'2011-06-14 02:48:04',NULL,'1','1'),
(446,224,1,1,0,0,0,1,7,'LIJA TELA METALOX GRANO 100  1L','TELA METALOX GRANO 100  1L',NULL,'',0,0,0,'030.095','',0,0,NULL,NULL,'G',NULL,'2011-06-14 02:50:00',NULL,'1','1'),
(447,224,1,1,0,0,0,1,7,'PAPEL DURASALOX PREMIUN P220 ASA','PAPEL DURASALOX PREMIUN P220 9\"X11\"',NULL,'',0,0,0,'.096','',0,0,NULL,NULL,'G',NULL,'2011-06-14 02:50:29',NULL,'1','1'),
(448,224,1,1,0,0,0,1,7,'LIJA TELA METALOX GRANO 120  1/2L','TELA METALOX GRANO 120  1/2L',NULL,'',0,0,0,'.097','',0,0,NULL,NULL,'G',NULL,'2011-06-14 02:51:58',NULL,'1','1'),
(449,224,1,1,0,0,0,1,7,'LIJA TELA METALOX GRANO 180  2.0','TELA METALOX GRANO 180 2.0',NULL,'',0,0,0,'018.098','',0,0,NULL,NULL,'G',NULL,'2011-06-14 02:54:25',NULL,'1','1'),
(450,224,1,1,0,0,0,1,7,'LIJA AL AGUA GRANO 80  1/0','AL AGUA GRANO 80  1/0',NULL,'',0,0,0,'.099','',0,0,NULL,NULL,'G',NULL,'2011-06-14 02:56:15',NULL,'1','1'),
(451,224,1,1,0,0,0,1,7,'PAPEL DURASALOX PREMIUN P240 ASA','PAPEL DURASALOX PREMIUN P240 9\"X11\"',NULL,'',0,0,0,'018.100','',0,0,NULL,NULL,'G',NULL,'2011-06-14 02:57:27',NULL,'1','1'),
(452,224,1,1,0,0,0,1,7,'LIJA AL AGUA GRANO 100  2/0','AL AGUA GRANO 100  2/0',NULL,'',0,0,0,'.101','',0,0,NULL,NULL,'G',NULL,'2011-06-14 02:58:49',NULL,'1','1'),
(453,224,1,1,0,0,0,1,7,'PAPEL DURASALOX PREMIUN P320 ASA','PAPEL DURASALOX PREMIUN P320 9\"X11\"',NULL,'',0,0,0,'.102','',0,0,NULL,NULL,'G',NULL,'2011-06-14 03:01:41',NULL,'1','1'),
(454,224,1,1,0,0,0,1,7,'LIJA AL AGUA GRANO 120  3/0 ABRALIT','AL AGUA GRANO 120  3/0',NULL,'',0,0,0,'.103','',0,0,NULL,NULL,'G',NULL,'2011-06-14 03:02:58',NULL,'1','1'),
(455,224,1,1,0,0,0,1,7,'PAPEL DURASALOX PREMIUN P400 ASA','PAPEL DURASALOX PREMIUN P400 9\"X11\"',NULL,'',0,0,0,'018.104','',0,0,NULL,NULL,'G',NULL,'2011-06-14 03:03:52',NULL,'1','1'),
(456,224,1,1,0,0,0,1,7,'LIJA AL AGUA GRANO 150  4/0 ABRALIT','AL AGUA GRANO 150  4/0',NULL,'',0,0,0,'.105','',0,0,NULL,NULL,'G',NULL,'2011-06-14 03:04:23',NULL,'1','1'),
(457,224,1,1,0,0,0,1,7,'LIJA AL AGUA GRANO 180  5/0 ABRALIT','AL AGUA GRANO 180  5/0',NULL,'',0,0,0,'.106','',0,0,NULL,NULL,'G',NULL,'2011-06-14 03:07:31',NULL,'1','1'),
(458,224,1,1,0,0,0,1,7,'DISCOS DE FIBRA ASALOX 24 ASA','DISCOS DE FIBRA ASALOX 24 5',NULL,'',0,0,0,'.107','',0,0,NULL,NULL,'G',NULL,'2011-06-14 03:07:36',NULL,'1','1'),
(459,224,1,1,0,0,0,1,7,'DISCOS DE FIBRA ASALOX 36 ASA','DISCOS DE FIBRA ASALOX 36 5',NULL,'',0,0,0,'.108','',0,0,NULL,NULL,'G',NULL,'2011-06-14 03:08:42',NULL,'1','1'),
(460,224,1,1,0,0,0,1,7,'LIJA AL AGUA GRANO 220  6/0 ABRALIT','AL AGUA GRANO 220  6/0',NULL,'',0,0,0,'.109','',0,0,NULL,NULL,'G',NULL,'2011-06-14 03:09:20',NULL,'1','1'),
(461,224,1,1,0,0,0,1,7,'LIJA AL AGUA GRANO 240  7/0 ABRALIT','AL AGUA GRANO 240  7/0',NULL,'',0,0,0,'018.110','',0,0,NULL,NULL,'G',NULL,'2011-06-14 03:11:20',NULL,'1','1'),
(462,224,1,1,0,0,0,1,7,'LIJA AL AGUA GRANO 280  8/0 ABRALIT','AL AGUA GRANO 280  8/0',NULL,'',0,0,0,'018.111','',0,0,NULL,NULL,'G',NULL,'2011-06-14 03:13:06',NULL,'1','1'),
(463,224,1,1,0,0,0,1,7,'LIJA DE AGUA GRANO 320  9/0 ABRALIT','AL AGUA GRANO 320  9/0',NULL,'',0,0,0,'018.112','',0,0,NULL,NULL,'G',NULL,'2011-06-14 03:14:58',NULL,'1','1'),
(464,224,1,1,0,0,0,1,7,'LIJA AL AGUA GRANO 360-A ABRALITE','AL AGUA GRANO 360-A',NULL,'',0,0,0,'018.113','',0,0,NULL,NULL,'G',NULL,'2011-06-14 03:16:58',NULL,'1','1'),
(465,224,1,1,0,0,0,1,7,'LIJA AL AGUA GRANO 400 10/0 ABRALIT','AL AGUA GRANO 400  10/0',NULL,'',0,0,0,'018.114','',0,0,NULL,NULL,'G',NULL,'2011-06-14 03:18:33',NULL,'1','1'),
(466,224,1,1,0,0,0,1,7,'LIJA AL AGUA GRANO 600-A ABRALIT','AL AGUA GRANO 600-A',NULL,'',0,0,0,'018.115','',0,0,NULL,NULL,'G',NULL,'2011-06-14 03:20:32',NULL,'1','1'),
(467,224,1,1,0,0,0,1,7,'LIJA MULTILIJA GRANO 40 ASA','MULTILIJA GRANO 40',NULL,'',0,0,0,'018.116','',0,0,NULL,NULL,'G',NULL,'2011-06-14 03:25:17',NULL,'1','1'),
(468,224,1,1,0,0,0,1,7,'LIJA MULTILIJAGRANO 50 ASA','MULTILIJA GRANO 50',NULL,'',0,0,0,'018.117','',0,0,NULL,NULL,'G',NULL,'2011-06-14 03:27:08',NULL,'1','1'),
(469,224,1,1,0,0,0,1,7,'LIJA MULTILIJA GRANO 60 ASA','MULTILIJA GRANO 60',NULL,'',0,0,0,'.118','',0,0,NULL,NULL,'G',NULL,'2011-06-14 03:28:56',NULL,'1','1'),
(470,224,1,1,0,0,0,1,7,'LIJA MULTILIJA GRANO 80 ASA','MULTILIJA GRANO 80',NULL,'',0,0,0,'.119','',0,0,NULL,NULL,'G',NULL,'2011-06-14 03:30:37',NULL,'1','1'),
(471,224,1,1,0,0,0,1,7,'LIJA MULTILIJA GRANO 100 ASA','MULTILIJA GRANO 100',NULL,'',0,0,0,'.120','',0,0,NULL,NULL,'G',NULL,'2011-06-14 03:33:42',NULL,'1','1'),
(472,224,1,1,0,0,0,1,7,'DISCOS DE FIBRA ASALOX 50 ASA','DISCOS DE FIBRA ASALOX 50 5',NULL,'',0,0,0,'018.121','',0,0,NULL,NULL,'G',NULL,'2011-06-14 03:34:17',NULL,'1','1'),
(473,224,1,1,0,0,0,1,7,'LIJA MULTILIJA GRANO 120 ASA','MUILTILIJA GRANO 120',NULL,'',0,0,0,'018.122','',0,0,NULL,NULL,'G',NULL,'2011-06-14 03:35:20',NULL,'1','1'),
(474,224,1,1,0,0,0,1,7,'DISCOS DE FIBRA ASALOX 60 ASA','DISCOS DE FIBRA ASALOX 60 5',NULL,'',0,0,0,'018.123','',0,0,NULL,NULL,'G',NULL,'2011-06-14 03:35:49',NULL,'1','1'),
(475,224,1,1,0,0,0,1,7,'LIJA MULTILIJA GRANO 150 ASA','MULTILIJA GRANO 150',NULL,'',0,0,0,'018.124','',0,0,NULL,NULL,'G',NULL,'2011-06-14 03:37:13',NULL,'1','1'),
(476,224,1,1,0,0,0,1,7,'LIJA MULTILIJA GRANO 180 ASA','MULTILIJA GRANO 180',NULL,'',0,0,0,'018.125','',0,0,NULL,NULL,'G',NULL,'2011-06-14 03:40:16',NULL,'1','1'),
(477,224,1,1,0,0,0,1,7,'LIJA MULTILIJA GRANO 220 ASA','MULTILIJA GRANO 220',NULL,'',0,0,0,'018.126','',0,0,NULL,NULL,'G',NULL,'2011-06-14 03:42:23',NULL,'1','1'),
(478,224,1,1,0,0,0,1,7,'DISCOS DE FIBRA ASALOX 80 ASA','DISCOS DE FIBRA ASALOX 80 5',NULL,'',0,0,0,'018.127','',0,0,NULL,NULL,'G',NULL,'2011-06-14 03:43:03',NULL,'1','1'),
(479,224,1,1,0,0,0,1,7,'DISCOS DE FIBRA ASALOX 100 ASA','DISCOS DE FIBRA ASALOX 100 5',NULL,'',0,0,0,'018.128','',0,0,NULL,NULL,'G',NULL,'2011-06-14 03:44:06',NULL,'1','1'),
(480,224,1,1,0,0,0,1,7,'DISCOS DE FIBRA ASALOX 120 ASA','DISCOS DE FIBRA ASALOX 120 5',NULL,'',0,0,0,'018.129','',0,0,NULL,NULL,'G',NULL,'2011-06-14 03:45:14',NULL,'1','1'),
(481,224,1,1,0,0,0,1,7,'DISCOS DE FIBRA ASALOX 16-4F ASA','DISCOS DE FIBRA ASALOX 16-4F 7\"X7/8\"',NULL,'',0,0,0,'018.130','',0,0,NULL,NULL,'G',NULL,'2011-06-14 04:00:02',NULL,'1','1'),
(482,224,1,1,0,0,0,1,7,'DISCOS DE FIBRA ASALOX 24-3F ASA','DISCOS DE FIBRA ASALOX 24-3F 7\"X7/8\"',NULL,'',0,0,0,'018.131','',0,0,NULL,NULL,'G',NULL,'2011-06-14 04:01:08',NULL,'1','1'),
(483,224,1,1,0,0,0,1,7,'DISCOS DE FIBRA ASALOX 36-2F ASA','DISCOS DE FIBRA ASALOX 36-2F 7\"X7/8\"',NULL,'',0,0,0,'018.132','',0,0,NULL,NULL,'G',NULL,'2011-06-14 04:02:40',NULL,'1','1'),
(484,224,1,1,0,0,0,1,7,'DISCOS DE FIBRA ASALOX 50-1F ASA','DISCOS DE FIBRA ASALOX 50-1F 7\"X7/8\"',NULL,'',0,0,0,'018.133','',0,0,NULL,NULL,'G',NULL,'2011-06-14 04:13:03',NULL,'1','1'),
(485,224,1,1,0,0,0,1,7,'DISCOS DE FIBRA ASALOX 60-1/2F ASA','DISCOS DE FIBRA ASALOX 60-1/2F  7\"X7/8\"',NULL,'',0,0,0,'018.134','',0,0,NULL,NULL,'G',NULL,'2011-06-14 04:14:45',NULL,'1','1'),
(486,224,1,1,0,0,0,1,7,'DISCOS DE FIBRA ASALOX 80-1/0F ASA','DISCOS DE FIBRA ASALOX 80-1/0F 7\"X7/8\"',NULL,'',0,0,0,'018.135','',0,0,NULL,NULL,'G',NULL,'2011-06-14 04:19:05',NULL,'1','1'),
(487,224,1,1,0,0,0,1,7,'DISCOS DE FIBRA ASALOX 100-2/0F ASA','DISCOS DE FIBRA ASALOX 100-2/0F 7\"X7/8\"',NULL,'',0,0,0,'018.136','',0,0,NULL,NULL,'G',NULL,'2011-06-14 04:24:58',NULL,'1','1'),
(488,224,1,1,0,0,0,1,7,'DISCOS DE FIBRA ASALOX 120-3/0F ASA','DISCOS DE FIBRA ASALOX 120-3/0F 7\"X7/8\"',NULL,'',0,0,0,'018.137','',0,0,NULL,NULL,'G',NULL,'2011-06-14 04:27:29',NULL,'1','1'),
(489,224,1,1,0,0,0,1,7,'DISCOS DE FIBRA ASALITE 24-3F ASA','DISCOS DE FIBRA ASALITE 24-3F 5\"X7/8\"',NULL,'',0,0,0,'.138','',0,0,NULL,NULL,'G',NULL,'2011-06-14 04:31:03',NULL,'1','1'),
(490,224,1,1,0,0,0,1,7,'DISCOS DE FIBRA ASALITE 60-1/2F ASA','DISCOS DE FIBRA ASALITE 60-1/2F 5\"X7/8\"',NULL,'',0,0,0,'018.139','',0,0,NULL,NULL,'G',NULL,'2011-06-14 04:32:28',NULL,'1','1'),
(491,224,1,1,0,0,0,1,7,'DISCOS DE FIBRA ASALITE 80-1/0F ASA','DISCOS DE FIBRA ASALITE 80-1/0F 5\"X7/8\"',NULL,'',0,0,0,'018.140','',0,0,NULL,NULL,'G',NULL,'2011-06-14 04:37:42',NULL,'1','1'),
(492,224,1,1,0,0,0,1,7,'DISCOS DE FIBRA ASALITE 100-2/0F ASA','DISCOS DE FIBRA ASALITE 100-2/0F 5\"X7/8\"',NULL,'',0,0,0,'018.141','',0,0,NULL,NULL,'G',NULL,'2011-06-14 04:42:36',NULL,'1','1'),
(493,224,1,1,0,0,0,1,7,'DISCOS DE FIBRA ASALITE 120-3/0F ASA','DISCOS DE FIBRA ASALITE 120-3/0F 5\"X7/8\"',NULL,'',0,0,0,'018.142','',0,0,NULL,NULL,'G',NULL,'2011-06-14 04:55:36',NULL,'1','1'),
(494,224,1,1,0,0,0,1,7,'DISCOS DE FIBRA ASALITE 24-3F ASA','DISCOS DE FIBRA ASALITE 24-3F 7\"X7/8\"',NULL,'',0,0,0,'018.143','',0,0,NULL,NULL,'G',NULL,'2011-06-14 04:59:20',NULL,'1','1'),
(495,224,1,1,0,0,0,1,7,'LIJA MULTILOX GRANO 40  1 1/2 ','MULTILOX GRANO 40  1 1/2',NULL,'',0,0,0,'018.144','',0,0,NULL,NULL,'G',NULL,'2011-06-14 21:43:04',NULL,'1','1'),
(496,224,1,1,0,0,0,1,7,'LIJA MULTILOX GRANO 120  3/0','MULTILOX GRANO 120  3/0',NULL,'',0,0,0,'018.145','',0,0,NULL,NULL,'G',NULL,'2011-06-14 21:44:05',NULL,'1','1'),
(497,224,1,1,0,0,0,1,7,'LIJA MULTILOX GRANO 150  4/0','MULTILOX GRANO 150  4/0',NULL,'',0,0,0,'018.146','',0,0,NULL,NULL,'G',NULL,'2011-06-14 21:44:57',NULL,'1','1'),
(498,224,1,1,0,0,0,1,7,'LIJA MULTILOX GRANO 180  5/0 ABRALIT','MULTILOX GRANO 180  5/0',NULL,'',0,0,0,'018.147','',0,0,NULL,NULL,'G',NULL,'2011-06-14 21:46:40',NULL,'1','1'),
(499,224,1,1,0,0,0,1,7,'METAL ABRALOX GR. 36 4\" X 50 MT. ABRALIT','ABRALOX GR. 36 4\" X 50 MT.',NULL,'',0,0,0,'018.148','',0,0,NULL,NULL,'G',NULL,'2011-06-14 21:48:48',NULL,'1','1'),
(500,224,1,1,0,0,0,1,7,'METAL ABRALOX GR. 36  12\" X 50 MT. ABRALIT','ABRALOX GR. 36  12\" X 50 MT.',NULL,'',0,0,0,'018.149','',0,0,NULL,NULL,'G',NULL,'2011-06-14 21:55:41',NULL,'1','1'),
(501,224,1,1,0,0,0,1,7,'METAL ABRALOX GR. 40  2\" X 50 MT. ABRALIT','ABRALOX GR. 40  2\" X 50 MT.',NULL,'',0,0,0,'018.150','',0,0,NULL,NULL,'G',NULL,'2011-06-14 22:00:08',NULL,'1','1'),
(502,224,1,1,0,0,0,1,7,'METAL ABRALOX GR. 40  6\" X 50 MT.','ABRALOX GR. 40  6\" X 50 MT.',NULL,'',0,0,0,'018.151','',0,0,NULL,NULL,'G',NULL,'2011-06-14 22:07:22',NULL,'1','1'),
(503,224,1,1,0,0,0,1,7,'METAL ABRALOX GR. 40  12\" X 50 MT.','ABRALOX GR. 40  12\" X 50 MT.',NULL,'',0,0,0,'018.152','',0,0,NULL,NULL,'G',NULL,'2011-06-14 22:35:36',NULL,'1','1'),
(504,224,1,1,0,0,0,1,7,'METAL ABRALOX GR. 50  6\" X 50 MT. ABRALIT','ABRALOX GR. 50  6\" X 50 MT.',NULL,'',0,0,0,'018.153','',0,0,NULL,NULL,'G',NULL,'2011-06-14 22:38:14',NULL,'1','1'),
(505,224,1,1,0,0,0,1,7,'METAL ABRALOX GR. 50  12 X 50 MTS. ABRALIT','ABRALOX GR. 50  12 X 50 MTS.',NULL,'',0,0,0,'018.154','',0,0,NULL,NULL,'G',NULL,'2011-06-14 22:39:41',NULL,'1','1'),
(506,224,1,1,0,0,0,1,7,'METAL ABRALOX GR. 60  1.1/2\" 50 MT. ABRALIT','ABRALOX GR. 60  1.1/2\" 50 MT.',NULL,'',0,0,0,'018.155','',0,0,NULL,NULL,'G',NULL,'2011-06-14 22:41:06',NULL,'1','1'),
(507,224,1,1,0,0,0,1,7,'METAL ABRALOX GR. 60  2\" X 50 MT.','ABRALOX GR. 60  2\" X 50 MT.',NULL,'',0,0,0,'018.156','',0,0,NULL,NULL,'G',NULL,'2011-06-14 22:42:23',NULL,'1','1'),
(508,224,1,1,0,0,0,1,7,'METAL ABRALOX GR. 60  4\" X 50 MTS. ABRALIT','ABRALOX GR. 60  4\" X 50 MTS',NULL,'',0,0,0,'018.157','',0,0,NULL,NULL,'G',NULL,'2011-06-14 22:43:45',NULL,'1','1'),
(509,224,1,1,0,0,0,1,7,'METAL ABRALOX GR. 60  6\" X 50 MT. ABRALIT','ABRALOX GR. 60  6\" X 50 MT.',NULL,'',0,0,0,'018.158','',0,0,NULL,NULL,'G',NULL,'2011-06-14 22:45:00',NULL,'1','1'),
(510,224,1,1,0,0,0,1,7,'METAL ABRALOX GR. 60  12\" X 50 MT. ABRALIT','ABRALOX GR. 60  12\" X 50 MT. ',NULL,'',0,0,0,'018.159','',0,0,NULL,NULL,'G',NULL,'2011-06-14 22:46:15',NULL,'1','1'),
(511,224,1,1,0,0,0,1,7,'METAL ABRALOX GR. 80  2\" X 50 MT. ABRALIT','ABRALOX GR. 80  2\" X 50 MT.',NULL,'',0,0,0,'018.160','',0,0,NULL,NULL,'G',NULL,'2011-06-14 22:47:21',NULL,'1','1'),
(512,224,1,1,0,0,0,1,7,'METAL ABRALOX GR. 80  2.1/2 X 50 MT.','ABRALOX GR. 80  2.1/2\" X 50 MT.',NULL,'',0,0,0,'018.161','',0,0,NULL,NULL,'G',NULL,'2011-06-14 22:50:02',NULL,'1','1'),
(513,224,1,1,0,0,0,1,7,'METAL ABRALOX GR. 80  6\" X 50 MT ABRALIT','ABRALOX GR. 80  6\" X 50 MT',NULL,'',0,0,0,'018.162','',0,0,NULL,NULL,'G',NULL,'2011-06-14 22:51:15',NULL,'1','1'),
(514,224,1,1,0,0,0,1,7,'METAL ABRALOX GR. 80  12\" X 50 MT. ABRALIT','ABRALOX GR. 80  12\" X 50 MT.',NULL,'',0,0,0,'018.163','',0,0,NULL,NULL,'G',NULL,'2011-06-14 22:52:47',NULL,'1','1'),
(515,224,1,1,0,0,0,1,7,'METAL ABRALOX GR. 100  1.1/2\" X 50 MT. ABRALIT','ABRALOX GR. 100  1.1/2 X 50 MT.',NULL,'',0,0,0,'018.164','',0,0,NULL,NULL,'G',NULL,'2011-06-14 22:54:20',NULL,'1','1'),
(516,224,1,1,0,0,0,1,7,'METAL ABRALOX GR. 100  2\" X 50 MT ABRALIT','ABRALOX GR. 100  2\" X 50 MT.',NULL,'',0,0,0,'018.165','',0,0,NULL,NULL,'G',NULL,'2011-06-14 22:55:40',NULL,'1','1'),
(517,224,1,1,0,0,0,1,7,'METAL ABRALOX GR. 100  6\" X 50 MT ABRALIT','ABRALOX GR. 100  6\" X 50 MT.',NULL,'',0,0,0,'018.166','',0,0,NULL,NULL,'G',NULL,'2011-06-14 22:57:15',NULL,'1','1'),
(518,224,1,1,0,0,0,1,7,'METAL ABRALOX GR. 100  12\" X 50 MT. ABRALIT','ABRALOX GR. 100  12\" X 50 MT.',NULL,'',0,0,0,'018.167','',0,0,NULL,NULL,'G',NULL,'2011-06-14 22:58:40',NULL,'1','1'),
(519,224,1,1,0,0,0,1,7,'METAL ABRALOX GR. 120  1.1/2 X 50 MT. ABRALIT','ABRALOX GR. 120  1.1/2\" X 50 MT.',NULL,'',0,0,0,'018.168','',0,0,NULL,NULL,'G',NULL,'2011-06-14 23:00:20',NULL,'1','1'),
(520,224,1,1,0,0,0,1,7,'METAL ABRALOX GR. 120  2\" X 50 MT. ABRALIT','ABRALOX GR. 120  2\" X 50 MT.',NULL,'',0,0,0,'018.169','',0,0,NULL,NULL,'G',NULL,'2011-06-14 23:02:11',NULL,'1','1'),
(521,224,1,1,0,0,0,1,7,'METAL ABRALOX GR. 120  2.1/2\" X 50 MT. ABRALIT ','ABRALOX GR. 120  2.1/2\" X 50 MT.',NULL,'',0,0,0,'018.170','',0,0,NULL,NULL,'G',NULL,'2011-06-14 23:04:05',NULL,'1','1'),
(522,224,1,1,0,0,0,1,7,'METAL ABRALOX GR. 120  6\" X 50 MT. ABRALIT','ABRALOX GR. 120 6\" X 50 MTS.',NULL,'',0,0,0,'018.171','',0,0,NULL,NULL,'G',NULL,'2011-06-14 23:05:41',NULL,'1','1'),
(523,224,1,1,0,0,0,1,7,'METAL ABRALOX GR. 120  12\" X 50 MT. ABRALIT','ABRALOX GR. 120  12\" X 50 MT. ABRALIT',NULL,'',0,0,0,'018.172','',0,0,NULL,NULL,'G',NULL,'2011-06-14 23:07:57',NULL,'1','1'),
(524,224,1,1,0,0,0,1,7,'METAL ABRALOX GR. 150  2\" X 50 MT ABRALIT','ABRALOX GR. 150  2\" X 50 MT',NULL,'',0,0,0,'018.173','',0,0,NULL,NULL,'G',NULL,'2011-06-14 23:09:46',NULL,'1','1'),
(525,224,1,1,0,0,0,1,7,'METAL ABRALOX GR. 180  2\" X 50 MT. ABRALIT','ABRALOX GR. 180  2\" X 50 MT.',NULL,'',0,0,0,'018.174','',0,0,NULL,NULL,'G',NULL,'2011-06-14 23:11:26',NULL,'1','1'),
(526,224,2,2,1,0,1,1,5,'ABRALOX GR. 220  34','ABRALOX GR. 220  2\" X 50 MT','','HHHH',7,0,0,'018.175','',0,8.6,'','','G',NULL,'2011-06-14 23:13:15',NULL,'1','2'),
(527,224,1,1,0,0,0,1,7,'METAL ABRALOX GR. 220  6\" X 50 MTS. ABRALIT','ABRALOX GR. 220  6\" X 50 MTS.',NULL,'',0,0,0,'018.176','',0,0,NULL,NULL,'G',NULL,'2011-06-14 23:15:14',NULL,'1','1'),
(528,224,1,1,0,0,0,1,7,'METAL ABRALOX GR. 240  2\" X 50 MT. ABRALIT','ABRALOX GR. 240  2\" X 50 MT.',NULL,'',0,0,0,'018.177','',0,0,NULL,NULL,'G',NULL,'2011-06-14 23:16:39',NULL,'1','1'),
(529,224,1,1,0,0,0,1,7,'METAL ABRALOX GR. 320  1.1/2\" X 50 MT. ABRALIT','ABRALOX GR. 320 1.1/2\" X 50 MT',NULL,'',0,0,0,'018.178','',0,0,NULL,NULL,'G',NULL,'2011-06-14 23:18:16',NULL,'1','1'),
(530,224,1,1,0,0,0,1,7,'LIJA TELA ABRALOX 4\" X 50 MT GRANO 80 ABRALIT','TELA ABRALOX 4\" X 50 MT GRANO 80',NULL,'',0,0,0,'018.179','',0,0,NULL,NULL,'G',NULL,'2011-06-14 23:35:24',NULL,'1','1'),
(531,224,1,1,0,0,0,1,7,'LIJA BANDA METAL ABRALOX 2.1/2\" X 76\" GRANO 36 ABRALIT','BANDA METAL ABRALOX 2.1/2\" X 76\" GRANO 36',NULL,'',0,0,0,'018.180','',0,0,NULL,NULL,'G',NULL,'2011-06-14 23:37:48',NULL,'1','1'),
(532,224,1,1,0,0,0,1,7,'LIJA BANDA METAL ABRALOX 3\" X 18\" GRANO 20 ABRALIT','BANDA METAL ABRALOX 3\" X 18\" GRANO 20',NULL,'',0,0,0,'018.181','',0,0,NULL,NULL,'G',NULL,'2011-06-14 23:39:16',NULL,'1','1'),
(533,224,1,1,0,0,0,1,7,'LIJA BANDA METAL ABRALOX 3\" X 18\" GRANO 40 ABRALIT','BANDA METAL ABRALOX 3\" X 18\" GRANO 40',NULL,'',0,0,0,'018.182','',0,0,NULL,NULL,'G',NULL,'2011-06-14 23:58:14',NULL,'1','1'),
(534,224,1,1,0,0,0,1,7,'LIJA BANDA METAL ABRALOX 3\" X18\" GRANO 50 ABRALIT','BANDA METAL ABRALOX 3\" X 18\" GRANO 50',NULL,'',0,0,0,'018.183','',0,0,NULL,NULL,'G',NULL,'2011-06-15 00:12:27',NULL,'1','1'),
(535,224,1,1,0,0,0,1,7,'LIJA BANDA METAL ABRALOX 3\" X 18\" GRANO 60 ABRALIT','BANDA METAL ABRALOX 3\" X 18\" GRANO 60',NULL,'',0,0,0,'.184','',0,0,NULL,NULL,'G',NULL,'2011-06-15 00:16:37',NULL,'1','1'),
(536,224,1,1,0,0,0,1,7,'LIJA BANDA METAL ABRALOX 3\" X 18\" GRANO 80 ABRALIT','LIJA METAL ABRALOX 3\" X 18\" GRANO 80',NULL,'',0,0,0,'018.185','',0,0,NULL,NULL,'G',NULL,'2011-06-15 00:19:13',NULL,'1','1'),
(537,224,1,1,0,0,0,1,7,'LIJA METAL ABRALOX 3\" X 18\" GRANO 100 ABRALIT','BANDA METAL ABRALOX 3\" X 18\" GRANO 100',NULL,'',0,0,0,'018.186','',0,0,NULL,NULL,'G',NULL,'2011-06-15 00:20:39',NULL,'1','1'),
(538,224,1,1,0,0,0,1,7,'LIJA BANDA METAL ABRALOX 3\" X 18\" GRANO 120','BANDA METAL ABRALOX 3\" X 18\" GRANO 120',NULL,'',0,0,0,'018.187','',0,0,NULL,NULL,'G',NULL,'2011-06-15 00:23:47',NULL,'1','1'),
(539,224,1,1,0,0,0,1,7,'LIJA BANDA METAL ABRALOX 3\" X 21\" GRANO 40 ABRALIT','BANDA METAL ABRALOX 3\" X 21\" GRANO 40',NULL,'',0,0,0,'018.188','',0,0,NULL,NULL,'G',NULL,'2011-06-15 00:25:24',NULL,'1','1'),
(540,224,1,1,0,0,0,1,7,'LIJA BANDA METAL ABRALOX 3\" X 21\" GRANO 50 ABRALIT','BANDA METAL ABRALOX 3\" X 21\" GRANO 50',NULL,'',0,0,0,'018.189','',0,0,NULL,NULL,'G',NULL,'2011-06-15 00:28:42',NULL,'1','1'),
(541,224,1,1,0,0,0,1,7,'LIJA BANDA METAL ABRALOX 3\" X 21\" GRANO 60','BANDA METAL ABRALOX 3\" X 21\" GRANO 60',NULL,'',0,0,0,'018.190','',0,0,NULL,NULL,'G',NULL,'2011-06-15 00:30:41',NULL,'1','1'),
(542,224,1,1,0,0,0,1,7,'LIJA BANDA METAL ABRALOX 3\" X 21\" GRANO 80 ABRALIT','BANDA METAL ABRALOX 3\" X 21\" GRANO 80',NULL,'',0,0,0,'018.191','',0,0,NULL,NULL,'G',NULL,'2011-06-15 00:33:04',NULL,'1','1'),
(543,224,1,1,0,0,0,1,7,'LIJA BANDA METAL ABRALOX 3\" X 21\" GRANO 100 ABRALIT','BANDA METAL ABRALOX 3\" X 21\" GRANO 100',NULL,'',0,0,0,'018.192','',0,0,NULL,NULL,'G',NULL,'2011-06-15 00:34:58',NULL,'1','1'),
(544,224,1,1,0,0,0,1,7,'LIJA BANDA METAL ABRALOX 3\" X 118\" GRANO 120 ABRALIT','BANDA METAL ABRALOX 3\" X 118\" GRANO 120',NULL,'',0,0,0,'018.193','',0,0,NULL,NULL,'G',NULL,'2011-06-15 00:37:29',NULL,'1','1'),
(545,224,1,1,0,0,0,1,7,'RUEDA FLAP GR. 40  6\" X 1.1/2\" X 1\" ABRALIT','FLAP GR. 40  6\" X 1.1/2\" X 1\"',NULL,'',0,0,0,'018.194','',0,0,NULL,NULL,'G',NULL,'2011-06-15 00:47:22',NULL,'1','1'),
(546,224,1,1,0,0,0,1,7,'RUEDA FLAP GR. 60  6 \" X 1.1/2\" X 1\" ABRALIT','FLAP GR. 60  6\" X 1.1/2\" X 1',NULL,'',0,0,0,'018.195','',0,0,NULL,NULL,'G',NULL,'2011-06-15 00:50:02',NULL,'1','1'),
(547,224,1,1,0,0,0,1,7,'RUEDA FLAP GR. 80  6\" X 1.1/2\" X 1\" ABRALIT ','FLAP GR. 80  6\" X 1.1/2\" X 1\"',NULL,'',0,0,0,'018.196','',0,0,NULL,NULL,'G',NULL,'2011-06-15 00:52:18',NULL,'1','1'),
(548,224,1,1,0,0,0,1,7,'RUEDA FLAP GR. 120  6\" X 1.1/2\" X 1\" ABRALIT ','FLAP GR. 120  6\" X 1.1/2\" X 1\"',NULL,'',0,0,0,'018.197','',0,0,NULL,NULL,'G',NULL,'2011-06-15 00:55:28',NULL,'1','1'),
(549,224,1,1,0,0,0,1,7,'RUEDA FLAP GR. 180  6\" X 1.1/2\" X 1\" ABRALIT','FLAP GR. 180  6\" X 1.1/2\" X 1\"',NULL,'',0,0,0,'018.198','',0,0,NULL,NULL,'G',NULL,'2011-06-15 00:57:23',NULL,'1','1'),
(550,224,1,1,0,0,0,1,7,'DISCO FLAP GR. 40-27  4.1/2\" X 7/8\" ABRALIT','FLAP GR. 40-27  4.1/2\" X 7/8\"',NULL,'',0,0,0,'018.199','',0,0,NULL,NULL,'G',NULL,'2011-06-15 00:59:19',NULL,'1','1'),
(551,224,1,1,0,0,0,1,7,'DISCO FLAP GR. 60-27  4.1/2\" X 7/8\" ABRALIT','FLAP GR. 60-27  4.1/2\" X 7/8\" ',NULL,'',0,0,0,'018.200','',0,0,NULL,NULL,'G',NULL,'2011-06-15 01:01:37',NULL,'1','1'),
(552,224,1,1,0,0,0,1,7,'DISCO FLAP GR. 80-27  41/2\" X 7/8\" ABRALIT','FLAP GR. 80-27  4.1/2\" X 7/8',NULL,'',0,0,0,'018.201','',0,0,NULL,NULL,'G',NULL,'2011-06-15 01:03:47',NULL,'1','1'),
(553,224,1,1,0,0,0,1,7,'DISCO FLAP GR. 120-27  4.1/2\" X 7/8\" ABRALIT ','FLAP GR. 120-27  4.1/2\" X 7/8\"',NULL,'',0,0,0,'018.202','',0,0,NULL,NULL,'G',NULL,'2011-06-15 01:06:44',NULL,'1','1'),
(554,224,1,1,0,0,0,1,7,'DISCO FLAP GR. 40-27  7\" X 7/8\" ABRALIT','FLAP GR. 40-27  7\" X 7/8',NULL,'',0,0,0,'018.203','',0,0,NULL,NULL,'G',NULL,'2011-06-15 01:08:52',NULL,'1','1'),
(555,224,1,1,0,0,0,1,7,'DISCOS FLAP GR. 60-27 7\" X 7/8\" ABRALIT','FLAP GR. 60-7  7\" X 7/8\"',NULL,'',0,0,0,'.204','',0,0,NULL,NULL,'G',NULL,'2011-06-15 01:10:21',NULL,'1','1'),
(556,224,1,1,0,0,0,1,7,'DISCO FLAP GR. 80-27 7\" X 7/8\" ABRALIT','FLAP GR. 80-27  7\" X 7/8\"',NULL,'',0,0,0,'018.205','',0,0,NULL,NULL,'G',NULL,'2011-06-15 01:13:25',NULL,'1','1'),
(557,224,1,1,0,0,0,1,7,'DISCO FLAP GR. 120-27 7\" X 7/8\" ABRALIT','FLAP GR. 120-27  7\" X 7/8\"',NULL,'',0,0,0,'018.206','',0,0,NULL,NULL,'G',NULL,'2011-06-15 01:15:04',NULL,'1','1'),
(558,224,1,1,0,0,0,1,7,'DISCO DIAMANTADO 180 X 22 X 23 MM ABRALIT','DIAMANTADO 180 X 22 X 23 MM',NULL,'',0,0,0,'018.207','',0,0,NULL,NULL,'G',NULL,'2011-06-15 01:18:21',NULL,'1','1'),
(559,224,1,1,0,0,0,1,7,'DISCO DIAMANTADO 230 X 22 X 23 MM ABRALIT','DIAMANTADO 230 X 22 X 23 MM',NULL,'',0,0,0,'.208','',0,0,NULL,NULL,'G',NULL,'2011-06-15 01:19:53',NULL,'1','1'),
(560,224,1,1,0,0,0,1,7,'DISCO DIAMANTADO TURBO E 115 X 22 X 23 MM ABRALIT','DIAMANTADO TURBO E 115 X 22 X 23 MM',NULL,'',0,0,0,'018.209','',0,0,NULL,NULL,'G',NULL,'2011-06-15 01:21:34',NULL,'1','1'),
(561,224,1,1,0,0,0,1,7,'DISCO DIAMANTADO TURBO E 180 X 22 X 23 MM ABRALIT','DIAMANTADO TURBO E 180 X 22 X 23 MM',NULL,'',0,0,0,'018.210','',0,0,NULL,NULL,'G',NULL,'2011-06-15 01:23:11',NULL,'1','1'),
(562,224,1,1,0,0,0,1,7,'DISCOO DIAMANTADO TURBO E 230 X 22 X 23 MM ABRALIT','DIAMANTADO TURBO E 230 X 22 X 23 MM',NULL,'',0,0,0,'018.211','',0,0,NULL,NULL,'G',NULL,'2011-06-15 01:24:46',NULL,'1','1'),
(563,224,1,1,0,0,0,1,7,'LIJA AL AGUA GR. 1000  9\" X 11\" ABRALIT','AL AGUA GR. 1000  9\" X 11\"',NULL,'',0,0,0,'018.212','',0,0,NULL,NULL,'G',NULL,'2011-06-15 01:26:08',NULL,'1','1'),
(564,224,1,1,0,0,0,1,7,'LIJA AL AGUA GR. 1200  9\" X 11\" ABRALIT','AL AGUA GR. 1200  9\" X 11\"',NULL,'',0,0,0,'018.213','',0,0,NULL,NULL,'G',NULL,'2011-06-15 01:27:38',NULL,'1','1'),
(565,224,1,1,0,0,0,1,7,'DISCO CON METAL 4.1/2\" X 1/8\" X 7/8\" ABRALIT','CON METAL 4.1/2\" X 1/8\" X 7/8\"',NULL,'',0,0,0,'018.214','',0,0,NULL,NULL,'G',NULL,'2011-06-15 03:36:16',NULL,'1','1'),
(566,224,1,1,0,0,0,1,7,'DISCO CON METAL 7\" X 1/8\" X 7/8\" ABRALIT','CON METAL 7\" X 1/8\" X 7/8\"',NULL,'',0,0,0,'018.215','',0,0,NULL,NULL,'G',NULL,'2011-06-15 03:38:53',NULL,'1','1'),
(567,224,1,1,0,0,0,1,7,'DISCO CON METAL 9\" X 1/8\" X 7/8\" ABRALIT','CON METAL 9\" X 1/8\" X 7/8\"',NULL,'',0,0,0,'018.216','',0,0,NULL,NULL,'G',NULL,'2011-06-15 03:40:31',NULL,'1','1'),
(568,224,1,1,0,0,0,1,7,'DISCO CON METAL 12\" X 3/32\" X 1 ABRALIT','CON METAL 12\" X 3/32\" X 1',NULL,'',0,0,0,'018.217','',0,0,NULL,NULL,'G',NULL,'2011-06-15 03:42:19',NULL,'1','1'),
(569,224,1,1,0,0,0,1,7,'DISCO CON METAL 14\" X 3/32\" X 1\" ABRALIT','CON METAL 14\" X 3/32\" X 1\"',NULL,'',0,0,0,'018.218','',0,0,NULL,NULL,'G',NULL,'2011-06-15 03:44:11',NULL,'1','1'),
(570,224,1,1,0,0,0,1,7,'DISCO DE METAL 7\" X 1/4\" X 7/8\" ABRALIT','DE METAL 7\" X 1/4\" X 7/8\"',NULL,'',0,0,0,'018.219','',0,0,NULL,NULL,'G',NULL,'2011-06-15 03:45:43',NULL,'1','1'),
(571,224,1,1,0,0,0,1,7,'DISCO DE METAL 9\" X 1/4\" X 7/8\" ABRALIT','DE METAL 9\" X 1/4\" X 7/8\"',NULL,'',0,0,0,'018.220','',0,0,NULL,NULL,'G',NULL,'2011-06-15 03:47:57',NULL,'1','1'),
(572,224,1,1,0,0,0,1,7,'DISCO CON METAL INOXIDABLE 4.1/2\" X 7/8\" E/PLANO ABRALIT','CON METAL INOXIDABLE 4.1/2\" X 7/8\" E/PLANO',NULL,'',0,0,0,'018.221','',0,0,NULL,NULL,'G',NULL,'2011-06-15 03:52:25',NULL,'1','1'),
(573,224,1,1,0,0,0,1,7,'DISCO CON METAL INOXIDABLE 7\" X 7/8\" E/PLANO ABRALIT','CON METAL INOXIDABLE 7\" X 7/8\" E/PLANO',NULL,'',0,0,0,'018.222','',0,0,NULL,NULL,'G',NULL,'2011-06-15 03:54:20',NULL,'1','1'),
(574,224,1,1,0,0,0,1,7,'DISCO CON METAL INOXIDABLE 9\" X 7/8\" E/PLANO ABRALIT','CON METAL INOXIDABLE 9\" X 7/8\" E/PLANO',NULL,'',0,0,0,'.223','',0,0,NULL,NULL,'G',NULL,'2011-06-15 03:56:31',NULL,'1','1'),
(575,224,1,1,0,0,0,1,7,'DISCO CON METAL INOXIDABLE 4.1/2\" X 7/8\" E/COPA ABRALIT','CON METAL INOXIDABLE 4.1/2\" X 7/8\" E/COPA',NULL,'',0,0,0,'.224','',0,0,NULL,NULL,'G',NULL,'2011-06-15 03:58:15',NULL,'1','1'),
(576,224,1,1,0,0,0,1,7,'DISCO CON METAL INOXIDABLE 7\" X 7/8\" E/COPA ABRALIT','CON METAL INOXIDABLE 7\" X 7/8\" E/COPA',NULL,'',0,0,0,'.225','',0,0,NULL,NULL,'G',NULL,'2011-06-15 04:00:11',NULL,'1','1'),
(577,224,1,1,0,0,0,1,7,'DISCO CON METAL INOXIDABLE 9\" X 7/8\" E/COPA ABRALIT','CON METAL INOXIDABLE 9\" X 7/8\" E/COPA',NULL,'',0,0,0,'.226','',0,0,NULL,NULL,'G',NULL,'2011-06-15 04:02:39',NULL,'1','1'),
(578,224,1,1,0,0,0,1,7,'DISCO DE METAL INOXIDABLE 4.1/2\" X 7/8\" ABRALIT','DE METAL INOXIDABLE 4.1/2\" X 7/8\"',NULL,'',0,0,0,'018.227','',0,0,NULL,NULL,'G',NULL,'2011-06-15 04:04:45',NULL,'1','1'),
(579,224,1,1,0,0,0,1,7,'DISCO CON PIEDRA 4.1/2\" X 1/8\" X 7/8\" ABRALIT','CON PIEDRA 4.1/2\" X 1/8\" X 7/8\"',NULL,'',0,0,0,'018.228','',0,0,NULL,NULL,'G',NULL,'2011-06-15 04:06:17',NULL,'1','1'),
(580,224,1,1,0,0,0,1,7,'DISCO CON PIEDRA 7\" X 1/8\" X 7/8\" ABRALIT','CON PIEDRA 7\" X 1/8\" X 7/8\"',NULL,'',0,0,0,'018.229','',0,0,NULL,NULL,'G',NULL,'2011-06-15 04:11:17',NULL,'1','1'),
(581,224,1,1,0,0,0,1,7,'DISCO CON PIEDRA 9\" X 1/8\" X 7/8\" ABRALIT','CON PIEDRA 9\" X 1/8\" X 7/8\"',NULL,'',0,0,0,'018.230','',0,0,NULL,NULL,'G',NULL,'2011-06-15 04:13:04',NULL,'1','1'),
(582,224,1,1,0,0,0,1,7,'DISCO DE PIEDRA 4.1/2\" X 1/4\" X 7/8\" ABRALIT','DE PIEDRA 4.1/2\" X 1/4\" X 7/8\"',NULL,'',0,0,0,'018.231','',0,0,NULL,NULL,'G',NULL,'2011-06-15 05:03:09',NULL,'1','1'),
(583,224,1,1,0,0,0,1,7,'DISCO DE PIEDRA 7\" X 1/4\" X 7/8\" ABRALIT','DE PIEDRA 7\" X 1/4\" X 7/8\"',NULL,'',0,0,0,'018.232','',0,0,NULL,NULL,'G',NULL,'2011-06-15 05:04:30',NULL,'1','1'),
(584,224,1,1,0,0,0,1,7,'DISCO DE PIEDRA 9\" X 1/4\" X 7/8\" ABRALIT','DE PIEDRA 9\" X 1/4\" X 7/8\"',NULL,'',0,0,0,'018.233','',0,0,NULL,NULL,'G',NULL,'2011-06-15 05:06:16',NULL,'1','1'),
(585,224,1,1,0,0,0,1,7,'DISCO DIAMANTADO TURBO 4.1/2\" X 7/8\" ABRALIT','DIAMANTADO TURBO 4.1/2\" X 7/8\"',NULL,'',0,0,0,'018.234','',0,0,NULL,NULL,'G',NULL,'2011-06-15 05:09:30',NULL,'1','1'),
(586,224,1,1,0,0,0,1,7,'DISCO DIAMANTADO TURBO 7\" X 7/8\" ABRALIT ','DIAMANTADO TURBO 7\" X 7/8\"',NULL,'',0,0,0,'.235','',0,0,NULL,NULL,'G',NULL,'2011-06-15 05:11:04',NULL,'1','1'),
(587,224,1,1,0,0,0,1,7,'DISCO DIAMANTADO TURBO 9\" X 7/8\" ABRALIT','DIAMANTADO TURBO 9\" X 7/8\"',NULL,'',0,0,0,'018.236','',0,0,NULL,NULL,'G',NULL,'2011-06-15 05:12:39',NULL,'1','1'),
(588,224,1,1,0,0,0,1,7,'DISCO DIAMANTADO SEGMENTADO 4.1/2\" X 7/8\" LD-51 INDUSTRIAL ABRILAT','DIAMANTADO SEGMENTADO 4.1/2\" X 7/8\" LD-51 INDUSTRIAL',NULL,'',0,0,0,'018.237','',0,0,NULL,NULL,'G',NULL,'2011-06-15 05:15:26',NULL,'1','1'),
(589,224,1,1,0,0,0,1,7,'DISCO DIAMANTADO SEGMENTADO 7\" X 7/8\" LD-5 INDUSTRIAL ABRILAT','DIAMANTADO SEGMENTADO 7\" X 7/8\" LD-5 INDUSTRIAL',NULL,'',0,0,0,'018.238','',0,0,NULL,NULL,'G',NULL,'2011-06-15 05:18:00',NULL,'1','1'),
(590,224,1,1,0,0,0,1,7,'DISCO DIAMANTADO SEGMENTADO 9\" X 7/8\" LD-5 INDUSTRIAL ABRILAT','DIAMANTADO SEGMENTADO 9\" X 7/8\" LD-5 INDUSTRIAL',NULL,'',0,0,0,'018.239','',0,0,NULL,NULL,'G',NULL,'2011-06-15 05:22:49',NULL,'1','1'),
(591,224,1,1,0,0,0,1,7,'DISCO DIAMANTADO SEGMENTADO 12\" X 1\" ABRALIT','DIAMANTADO SEGMENTADO 12\" X 1\"',NULL,'',0,0,0,'018.240','',0,0,NULL,NULL,'G',NULL,'2011-06-15 05:24:07',NULL,'1','1'),
(592,242,1,1,0,0,0,1,7,'PLANCHA MADERA PARA EMPASTAR 12 X 20 AGUILA','MADERA PARA EMPASTAR 12 X 20',NULL,'',0,0,0,'004.004.001','',0,0,NULL,NULL,'G',NULL,'2011-06-15 05:52:36',NULL,'1','1'),
(593,242,1,1,0,0,0,1,7,'PLANCHA MADERA PARA EMPASTAR 14 X 24 AGUILA','MADERA PARA EMPASTAR 14 X 24',NULL,'',0,0,0,'004.004.002','',0,0,NULL,NULL,'G',NULL,'2011-06-15 05:53:39',NULL,'1','1'),
(594,242,1,1,0,0,0,1,7,'PLANCHA MADERA PARA EMPASTE 16 X 27 AGUILA','MADERA PARA EMPASTE 16 X 27',NULL,'',0,0,0,'004.004.003','',0,0,NULL,NULL,'G',NULL,'2011-06-15 05:54:38',NULL,'1','1'),
(595,242,1,1,0,0,0,1,7,'PLANCHA MADERA PARA EMPASTAR 18 X 30 AGUILA','MADERA PARA EMPASTAR 18 X 30',NULL,'',0,0,0,'004.004.004','',0,0,NULL,NULL,'G',NULL,'2011-06-15 05:57:04',NULL,'1','1'),
(596,242,1,1,0,0,0,1,7,'PLANCHA MADERA PARA EMPASTAR 20 X 32 AGUIL','MADERA PARA EMPASTAR 20 X 32',NULL,'',0,0,0,'004.004.005','',0,0,NULL,NULL,'G',NULL,'2011-06-15 05:58:30',NULL,'1','1'),
(597,242,1,1,0,0,0,1,7,'PLANCHA MADERA CON ESPUMA PARA EMPASTAR 14 X 24 AGUILA','MADERA CON ESPUMA PARA EMPASTAR 14 X 24',NULL,'',0,0,0,'004.004.006','',0,0,NULL,NULL,'G',NULL,'2011-06-15 06:00:26',NULL,'1','1'),
(598,242,1,1,0,0,0,1,7,'PLANCHAS EMPASTAR NACIONAL 11 X 5','EMPASTAR NACIONAL 11 X 5',NULL,'',0,0,0,'004.004.007','',0,0,NULL,NULL,'G',NULL,'2011-06-15 06:06:56',NULL,'1','1'),
(599,242,1,1,0,0,0,1,7,'PLANCHA BATIR N° 7','BATIR N° 7',NULL,'',0,0,0,'004.004.008','',0,0,NULL,NULL,'G',NULL,'2011-06-15 06:12:11',NULL,'1','1'),
(600,242,1,1,0,0,0,1,7,'PLANCHA BATIR N° 8','BATIR N° 8',NULL,'',0,0,0,'004.009','',0,0,NULL,NULL,'G',NULL,'2011-06-15 06:13:11',NULL,'1','1'),
(601,291,1,1,0,0,0,1,7,'SIKA 1 POLVO BOLSA 12 KG','1 POLVO BOLSA 12 KG',NULL,'',0,0,0,'039.001','',0,0,NULL,NULL,'G',NULL,'2011-06-15 20:39:24',NULL,'1','1'),
(602,291,1,1,0,0,0,1,7,'SIKA 1 TARRO X 1 KG.',' 1 TARRO X 1 KG.',NULL,'',0,0,0,'039.002','',0,0,NULL,NULL,'G',NULL,'2011-06-15 20:46:25',NULL,'1','1'),
(603,291,1,1,0,0,0,1,7,'SIKA 1 BALDE X 4 KG.','1 BALDE X 4 KG.',NULL,'',0,0,0,'039.003','',0,0,NULL,NULL,'G',NULL,'2011-06-15 20:47:11',NULL,'1','1'),
(604,291,1,1,0,0,0,1,7,'SIKA 1 BIDON X 20 KG.','1 BIDON X 20 KG.',NULL,'',0,0,0,'039.004','',0,0,NULL,NULL,'G',NULL,'2011-06-15 20:48:02',NULL,'1','1'),
(605,291,1,1,0,0,0,1,7,'SIKA 1 CILINDRO X 200 KG.','1 CILINDRO X 200 KG.',NULL,'',0,0,0,'039.005','',0,0,NULL,NULL,'G',NULL,'2011-06-15 21:01:44',NULL,'1','1'),
(606,291,1,1,0,0,0,1,7,'SIKA 2 BALDE X 5 KG.','2 BALDE X 5 KG.',NULL,'',0,0,0,'039.006','',0,0,NULL,NULL,'G',NULL,'2011-06-15 21:03:37',NULL,'1','1'),
(607,291,1,1,0,0,0,1,7,'SIKA 3 BALDE 5 KG.','3 BALDE 5 KG.',NULL,'',0,0,0,'039.007','',0,0,NULL,NULL,'G',NULL,'2011-06-15 21:05:22',NULL,'1','1'),
(608,291,1,1,0,0,0,1,7,'SIKA 3 CILINDRO X 250 KG.','3 CILINDRO X 250 KG.',NULL,'',0,0,0,'039.008','',0,0,NULL,NULL,'G',NULL,'2011-06-15 21:06:41',NULL,'1','1'),
(609,291,1,1,0,0,0,1,7,'SIKA SEKITO BOLSA X 12 KG.','SEKITO BOLSA X 12 KG.',NULL,'',0,0,0,'039.009','',0,0,NULL,NULL,'G',NULL,'2011-06-15 21:07:44',NULL,'1','1'),
(610,291,1,1,0,0,0,1,7,'SIKA CERAMICA 102 NUEVO CON SIKA 1 BOLSA 10KG','CERAMICA 102 NUEVO CON SIKA 1 BOLSA 10KG',NULL,'',0,0,0,'039.010','',0,0,NULL,NULL,'G',NULL,'2011-06-15 21:09:13',NULL,'1','1'),
(611,291,1,1,0,0,0,1,7,'SIKA CERAMICA 102 NUEVO CON SIKA 1 BOLSA 25 KG.','CERAMICA 102 NUEVO CON SIKA 1 BOLSA 25 KG.',NULL,'',0,0,0,'.011','',0,0,NULL,NULL,'G',NULL,'2011-06-15 21:16:08',NULL,'1','1'),
(612,291,1,1,0,0,0,1,7,'SIKA CERAMICA 140 BLANCO BOLSA 25 KG. ','CERAMICA 140 BLANCO BOLSA 25 KG.',NULL,'',0,0,0,'039.012','',0,0,NULL,NULL,'G',NULL,'2011-06-15 21:17:18',NULL,'1','1'),
(613,291,1,1,0,0,0,1,7,'SIKA CERAMICA 180 BOLSA 10 KG.','CERAMICA 180 BOLSA 10 KG.',NULL,'',0,0,0,'039.013','',0,0,NULL,NULL,'G',NULL,'2011-06-15 21:18:17',NULL,'1','1'),
(614,291,1,1,0,0,0,1,7,'SIKA CERAMICA 180 BOLSA 25 KG.','CERAMICA 180 BOLSA 25 KG.',NULL,'',0,0,0,'.014','',0,0,NULL,NULL,'G',NULL,'2011-06-15 21:19:15',NULL,'1','1'),
(615,291,1,1,0,0,0,1,7,'SIKA MUROSEAL TARRO X 1 KG.','MUROSEAL TARRO X 1 KG.',NULL,'',0,0,0,'039.015','',0,0,NULL,NULL,'G',NULL,'2011-06-15 21:20:23',NULL,'1','1'),
(616,291,1,1,0,0,0,1,7,'SIKA MUROSEAL 4 KG.','MUROSEAL 4 KG.',NULL,'',0,0,0,'039.016','',0,0,NULL,NULL,'G',NULL,'2011-06-15 21:29:03',NULL,'1','1'),
(617,291,1,1,0,0,0,1,7,'SIKA SANISIL TRANSPARENTE X 310 ML.','SANISIL TRANSPARENTE X 310 ML.',NULL,'',0,0,0,'039.017','',0,0,NULL,NULL,'G',NULL,'2011-06-15 21:30:23',NULL,'1','1'),
(618,291,1,1,0,0,0,1,7,'SIKA SANISIL BLANCO X 310 ML.','SANISIL BLANCO X 310 ML.',NULL,'',0,0,0,'039.018','',0,0,NULL,NULL,'G',NULL,'2011-06-15 21:32:23',NULL,'1','1'),
(619,291,1,1,0,0,0,1,7,'SIKA SANISIL BEIGE X 300 ML.','SANISIL BEIGE X 300 ML.',NULL,'',0,0,0,'039.019','',0,0,NULL,NULL,'G',NULL,'2011-06-15 21:33:42',NULL,'1','1'),
(620,291,1,1,0,0,0,1,7,'SIKA RAPIDO 1 BALDE X 5 KG.','RAPIDO 1 BALDE X 5 KG.',NULL,'',0,0,0,'039.020','',0,0,NULL,NULL,'G',NULL,'2011-06-15 21:35:22',NULL,'1','1'),
(621,291,1,1,0,0,0,1,7,'SIKA RAPIDO 1 CILINDRO 200 KG.','RAPIDO 1 CILINDRO 200 KG.',NULL,'',0,0,0,'039.021','',0,0,NULL,NULL,'G',NULL,'2011-06-15 21:36:32',NULL,'1','1'),
(622,291,1,1,0,0,0,1,7,'SIKAFLEX CONSTRUCCION BLANCO','CONSTRUCCION BLANCO',NULL,'',0,0,0,'.022','',0,0,NULL,NULL,'G',NULL,'2011-06-15 21:37:37',NULL,'1','1'),
(623,291,1,1,0,0,0,1,7,'SIKAFLEX CONSTRCCION GRIS','CONSTRCCION GRIS',NULL,'',0,0,0,'039.023','',0,0,NULL,NULL,'G',NULL,'2011-06-15 21:38:33',NULL,'1','1'),
(624,291,1,1,0,0,0,1,7,'SIKAFLEX CONSTRUCCION NEGRO','CONSTRUCCION NEGRO',NULL,'',0,0,0,'039.024','',0,0,NULL,NULL,'G',NULL,'2011-06-15 21:39:30',NULL,'1','1'),
(625,291,1,1,0,0,0,1,7,'SIKAFLEX 11 FC PLUS BLANCO 310 ML','11 FC PLUS BLANCO 310 ML',NULL,'',0,0,0,'039.025','',0,0,NULL,NULL,'G',NULL,'2011-06-15 21:41:22',NULL,'1','1'),
(626,291,1,1,0,0,0,1,7,'SIKAFLEX 11 FC PLUS GRIS 600 ML.','11 FC PLUS GRIS 600 ML.',NULL,'',0,0,0,'039.026','',0,0,NULL,NULL,'G',NULL,'2011-06-15 21:42:22',NULL,'1','1'),
(627,291,1,1,0,0,0,1,7,'SIKAFLEX 11 FC PLUS GRIS X 310 ML.','11 FC PLUS GRIS X 310 ML.',NULL,'',0,0,0,'039.027','',0,0,NULL,NULL,'G',NULL,'2011-06-15 21:43:20',NULL,'1','1'),
(628,291,1,1,0,0,0,1,7,'SIKAFLEX 221 BLANCO 310 ML.','221 BLANCO 310 ML.',NULL,'',0,0,0,'039.028','',0,0,NULL,NULL,'G',NULL,'2011-06-15 21:57:49',NULL,'1','1'),
(629,291,1,1,0,0,0,1,7,'SIKAFLEX 221 GRIS 310 ML.','221 GRIS 310 ML.',NULL,'',0,0,0,'039.029','',0,0,NULL,NULL,'G',NULL,'2011-06-15 21:59:40',NULL,'1','1'),
(630,291,1,1,0,0,0,1,7,'SIKAFLEX 227 BRANCO 310 ML','227 BRANCO 310 ML',NULL,'',0,0,0,'039.030','',0,0,NULL,NULL,'G',NULL,'2011-06-15 22:01:19',NULL,'1','1'),
(631,291,1,1,0,0,0,1,7,'SIKAFLEX 227 NEGRO 310 ML','227 NEGRO 310 ML',NULL,'',0,0,0,'039.031','',0,0,NULL,NULL,'G',NULL,'2011-06-15 22:02:29',NULL,'1','1'),
(632,291,1,1,0,0,0,1,7,'SIKAFLEX 252 BLANCO 310 ML.','252 BLANCO 310 ML.',NULL,'',0,0,0,'039.032','',0,0,NULL,NULL,'G',NULL,'2011-06-15 22:03:35',NULL,'1','1'),
(633,291,1,1,0,0,0,1,7,'SIKAFLEX 252 NEGRO 310 ML.','252 NEGRO 310 ML.',NULL,'',0,0,0,'039.033','',0,0,NULL,NULL,'G',NULL,'2011-06-15 22:04:43',NULL,'1','1'),
(634,291,1,1,0,0,0,1,7,'SIKAFLEX 256 NEGRO 310 ML.','256 NEGRO 310 ML.',NULL,'',0,0,0,'039.034','',0,0,NULL,NULL,'G',NULL,'2011-06-15 22:05:39',NULL,'1','1'),
(635,291,1,1,0,0,0,1,7,'SIKA AER BALDE 200 KG.','AER BALDE 200 KG.',NULL,'',0,0,0,'039.035','',0,0,NULL,NULL,'G',NULL,'2011-06-15 22:07:31',NULL,'1','1'),
(636,291,1,1,0,0,0,1,7,'SIKAFLEX 2C NS 1.5 GL.','2C NS 1.5 GL.',NULL,'',0,0,0,'039.036','',0,0,NULL,NULL,'G',NULL,'2011-06-15 22:08:33',NULL,'1','1'),
(637,291,1,1,0,0,0,1,7,'SIKADUR 31 HI-MOD GEL 1 KG.','31 HI-MOD GEL 1 KG.',NULL,'',0,0,0,'039.037','',0,0,NULL,NULL,'G',NULL,'2011-06-15 22:09:34',NULL,'1','1'),
(638,291,1,1,0,0,0,1,7,'SIKADUR 31 HI-MOD GEL 5 KG.','31 HI-MOD GEL 5 KG.',NULL,'',0,0,0,'039.038','',0,0,NULL,NULL,'G',NULL,'2011-06-15 22:12:12',NULL,'1','1'),
(639,291,1,1,0,0,0,1,7,'SIKADUR 32 JGO. X 1 KG.','32 JGO. X 1 KG.',NULL,'',0,0,0,'039.039','',0,0,NULL,NULL,'G',NULL,'2011-06-15 22:18:19',NULL,'1','1'),
(640,291,1,1,0,0,0,1,7,'SIKADUR 32 GEL X 5 KG.','32 GEL X 5 KG.',NULL,'',0,0,0,'039.040','',0,0,NULL,NULL,'G',NULL,'2011-06-15 22:19:44',NULL,'1','1'),
(641,291,1,1,0,0,0,1,7,'SIKADUR 4 CL. JGO. 27 KG.','4 CL. JGO. 27 KG.',NULL,'',0,0,0,'039.041','',0,0,NULL,NULL,'G',NULL,'2011-06-15 22:20:53',NULL,'1','1'),
(642,291,1,1,0,0,0,1,7,'SIKADUR 5 X 1 KG.','5 X 1 KG',NULL,'',0,0,0,'039.042','',0,0,NULL,NULL,'G',NULL,'2011-06-15 22:22:28',NULL,'1','1'),
(643,291,1,1,0,0,0,1,7,'SIKATOP 77 CAJA. 4 KG.','77 CAJA. 4 KG.',NULL,'',0,0,0,'039.043','',0,0,NULL,NULL,'G',NULL,'2011-06-15 22:23:49',NULL,'1','1'),
(644,291,1,1,0,0,0,1,7,'SIKATOP 100 CAJA X 4 KG.','100 CAJA X 4 KG.',NULL,'',0,0,0,'039.044','',0,0,NULL,NULL,'G',NULL,'2011-06-15 22:24:54',NULL,'1','1'),
(645,291,1,1,0,0,0,1,7,'SIKATOP 107 SEAL GRIS JGO. X 4.5 KG.','107 SEAL GRIS JGO. X 4.5 KG.',NULL,'',0,0,0,'039.045','',0,0,NULL,NULL,'G',NULL,'2011-06-15 22:27:41',NULL,'1','1'),
(646,291,1,1,0,0,0,1,7,'CEMENTO BLANCO CAJA X 7 KG.','BLANCO CAJA X 7 KG.',NULL,'',0,0,0,'.046','',0,0,NULL,NULL,'G',NULL,'2011-06-15 22:28:50',NULL,'1','1'),
(647,291,1,1,0,0,0,1,7,'SIKA PORCELANA BLANCA CAJA X 6 KG.','PORCELANA BLANCA CAJA X 6 KG.',NULL,'',0,0,0,'.047','',0,0,NULL,NULL,'G',NULL,'2011-06-15 22:29:59',NULL,'1','1'),
(648,291,1,1,0,0,0,1,7,'SIKA PORCELANA COLOR AZUL ACERO CAJA X 6 KG.','PORCELANA COLOR AZUL ACERO CAJA X 6 KG.',NULL,'',0,0,0,'.048','',0,0,NULL,NULL,'G',NULL,'2011-06-15 22:31:36',NULL,'1','1'),
(649,291,1,1,0,0,0,1,7,'SIKA PORCELANA COLOR AZUL NOCTURNO CAJA X 6 KG.','PORCELANA COLOR AZUL NOCTURNO CAJA X 6 KG.',NULL,'',0,0,0,'039.049','',0,0,NULL,NULL,'G',NULL,'2011-06-15 22:32:47',NULL,'1','1'),
(650,291,1,1,0,0,0,1,7,'SIKA PORCELANA COLOR BEIGE CAJA X 6 KG.','PORCELANA COLOR BEIGE CAJA X 6 KG.',NULL,'',0,0,0,'.050','',0,0,NULL,NULL,'G',NULL,'2011-06-15 22:33:54',NULL,'1','1'),
(651,291,1,1,0,0,0,1,7,'SIKA PORCELANA COLOR BOLSA X 12 KG.','PORCELANA COLOR BOLSA X 12 KG.',NULL,'',0,0,0,'039.051','',0,0,NULL,NULL,'G',NULL,'2011-06-15 22:35:36',NULL,'1','1'),
(652,291,1,1,0,0,0,1,7,'SIKA PORCELANA COLOR CELESTE CAJA X 6 KG.','PORCELANA COLOR CELESTE CAJA X 6 KG.',NULL,'',0,0,0,'039.052','',0,0,NULL,NULL,'G',NULL,'2011-06-15 22:36:35',NULL,'1','1'),
(653,291,1,1,0,0,0,1,7,'SIKA PORCELANA COLOR CHAMPAGNE CAJA X 6 KG.','PORCELANA COLOR CHAMPAGNE CAJA X 6 KG.',NULL,'',0,0,0,'039.053','',0,0,NULL,NULL,'G',NULL,'2011-06-15 22:37:57',NULL,'1','1'),
(654,291,1,1,0,0,0,1,7,'SIKA PORCELANA COLOR CHOCOLATE CAJA X 6 KG.','PORCELANA COLOR CHOCOLATE CAJA X 6 KG.',NULL,'',0,0,0,'039.054','',0,0,NULL,NULL,'G',NULL,'2011-06-15 22:39:38',NULL,'1','1'),
(655,291,1,1,0,0,0,1,7,'SIKA PORCELCELANA COLOR CREMA CAJA X 6 KG.','PORCELCELANA COLOR CREMA CAJA X 6 KG.',NULL,'',0,0,0,'039.055','',0,0,NULL,NULL,'G',NULL,'2011-06-15 22:40:52',NULL,'1','1'),
(656,291,1,1,0,0,0,1,7,'SIKA PORCELANA COLOR CREPUSCULO CAJA X 6 KG.','PORCELANA COLOR CREPUSCULO CAJA X 6 KG.',NULL,'',0,0,0,'039.056','',0,0,NULL,NULL,'G',NULL,'2011-06-15 22:42:07',NULL,'1','1'),
(657,291,1,1,0,0,0,1,7,'SIKA PORCELANA COLOR CUERO CAJA X 6 KG. ','PORCELANA COLOR CUERO CAJA X 6 KG.',NULL,'',0,0,0,'039.057','',0,0,NULL,NULL,'G',NULL,'2011-06-15 22:43:35',NULL,'1','1'),
(658,291,1,1,0,0,0,1,7,'SIKA PORCELANA COLOR GRAFICO CAJA X 6 KG.','PORCELANA COLOR GRAFICO CAJA X 6 KG.',NULL,'',0,0,0,'.058','',0,0,NULL,NULL,'G',NULL,'2011-06-15 22:45:02',NULL,'1','1'),
(659,291,1,1,0,0,0,1,7,'SIKA PORCELANA COLOR GRIS CAJA X 6 KG.','PORCELANA COLOR GRIS CAJA X 6 KG.',NULL,'',0,0,0,'.059','',0,0,NULL,NULL,'G',NULL,'2011-06-15 22:47:06',NULL,'1','1'),
(660,291,1,1,0,0,0,1,7,'SIKA PORCELANA COLOR GRIS PLATA CAJA X 6KG.','PORCELANA COLOR GRIS PLATA CAJA X 6KG.',NULL,'',0,0,0,'039.060','',0,0,NULL,NULL,'G',NULL,'2011-06-15 22:48:23',NULL,'1','1'),
(661,291,1,1,0,0,0,1,7,'SIKA PORCELANA COLOR GUINDA CAJA X 6KG.','PORCELANA COLOR GUINDA CAJA X 6KG.',NULL,'',0,0,0,'039.061','',0,0,NULL,NULL,'G',NULL,'2011-06-15 22:49:32',NULL,'1','1'),
(662,291,1,1,0,0,0,1,7,'SIKA PORCELANA COLOR HUESO CAJA X 6 KG.','PORCELANA COLOR HUESO CAJA X 6 KG.',NULL,'',0,0,0,'039.062','',0,0,NULL,NULL,'G',NULL,'2011-06-15 22:50:50',NULL,'1','1'),
(663,291,1,1,0,0,0,1,7,'SIKA PORCELANA  COLOR MADERA CAJA X 6KG.','PORCELANA  COLOR MADERA CAJA X 6KG.',NULL,'',0,0,0,'039.063','',0,0,NULL,NULL,'G',NULL,'2011-06-15 22:52:00',NULL,'1','1'),
(664,291,1,1,0,0,0,1,7,'SIKA PORCELANA COLOR MARFIL CAJA X 6 KG.','PORCELANA COLOR MARFIL CAJA X 6 KG.',NULL,'',0,0,0,'039.064','',0,0,NULL,NULL,'G',NULL,'2011-06-15 22:53:12',NULL,'1','1'),
(665,291,1,1,0,0,0,1,7,'SIKA PORCELANA COLOR MARRON CAJA X 6 KG.','PORCELANA COLOR MARRON CAJA X 6 KG.',NULL,'',0,0,0,'039.065','',0,0,NULL,NULL,'G',NULL,'2011-06-15 22:54:40',NULL,'1','1'),
(666,291,1,1,0,0,0,1,7,'SIKA PORCELANA COLOR MOSTAZA CAJA X 6 KG.','PORCELANA COLOR MOSTAZA CAJA X 6 KG.',NULL,'',0,0,0,'039.066','',0,0,NULL,NULL,'G',NULL,'2011-06-15 22:56:01',NULL,'1','1'),
(667,291,1,1,0,0,0,1,7,'SIKA PORCELANA COLOR NEGRO CAJA X 6 KG.','PORCELANA COLOR NEGRO CAJA X 6 KG.',NULL,'',0,0,0,'039.067','',0,0,NULL,NULL,'G',NULL,'2011-06-15 22:58:14',NULL,'1','1'),
(668,291,1,1,0,0,0,1,7,'SIKA PORCELANA COLOR PARACAS CAJA X 6 KG.','PORCELANA COLOR PARACAS CAJA X 6 KG.',NULL,'',0,0,0,'039.068','',0,0,NULL,NULL,'G',NULL,'2011-06-15 22:59:35',NULL,'1','1'),
(669,291,1,1,0,0,0,1,7,'SIKA PORCELANA COLOR ROSADO CAJA X 6 KG.','PORCELANA COLOR ROSADO CAJA X 6 KG.',NULL,'',0,0,0,'039.069','',0,0,NULL,NULL,'G',NULL,'2011-06-15 23:01:01',NULL,'1','1'),
(670,291,1,1,0,0,0,1,7,'SIKA PORCELANA COLOR VERDE OSCURO CAJA X 6 KG:','PORCELANA COLOR VERDE OSCURO CAJA X 6 KG:',NULL,'',0,0,0,'039.070','',0,0,NULL,NULL,'G',NULL,'2011-06-15 23:02:24',NULL,'1','1'),
(671,291,1,1,0,0,0,1,7,'SIKA PORCELANA COLOR VERDE PASTEL CAJA X 6 KG.','PORCELANA COLOR VERDE PASTEL CAJA X 6 KG.',NULL,'',0,0,0,'.071','',0,0,NULL,NULL,'G',NULL,'2011-06-15 23:03:42',NULL,'1','1'),
(672,291,1,1,0,0,0,1,7,'SIKA AER BALDE 20 KG.','AER BALDE 20 KG.',NULL,'',0,0,0,'039.072','',0,0,NULL,NULL,'G',NULL,'2011-06-15 23:05:02',NULL,'1','1'),
(673,291,1,1,0,0,0,1,7,'SIKA BOOM X 500 ML.','BOOM X 500 ML.',NULL,'',0,0,0,'039.073','',0,0,NULL,NULL,'G',NULL,'2011-06-15 23:06:20',NULL,'1','1'),
(674,291,1,1,0,0,0,1,7,'SIKA INTRAPLAST BOL. 0.85 KG.','INTRAPLAST BOL. 0.85 KG.',NULL,'',0,0,0,'039.074','',0,0,NULL,NULL,'G',NULL,'2011-06-15 23:07:53',NULL,'1','1'),
(675,291,1,1,0,0,0,1,7,'SIKA LAC X 1 GL.','LAC X 1 GL.',NULL,'',0,0,0,'039.075','',0,0,NULL,NULL,'G',NULL,'2011-06-15 23:09:20',NULL,'1','1'),
(676,291,1,1,0,0,0,1,7,'SOLVENTE LAC X 1 GL.','SOLVENTE LAC X 1 GL.',NULL,'',0,0,0,'039.076','',0,0,NULL,NULL,'G',NULL,'2011-06-15 23:10:52',NULL,'1','1'),
(677,291,1,1,0,0,0,1,7,'SIKA LADRILLO LATA X 1 KG.','LADRILLO LATA X 1 KG.',NULL,'',0,0,0,'039.077','',0,0,NULL,NULL,'G',NULL,'2011-06-15 23:12:25',NULL,'1','1'),
(678,291,1,1,0,0,0,1,7,'SIKA LAJA LATA X 1GL.','LAJA LATA X 1GL.',NULL,'',0,0,0,'039.078','',0,0,NULL,NULL,'G',NULL,'2011-06-15 23:13:54',NULL,'1','1'),
(679,291,1,1,0,0,0,1,7,'SIKA MASILLA POLIESTER 2.5 KG.','MASILLA POLIESTER 2.5 KG.',NULL,'',0,0,0,'039.079','',0,0,NULL,NULL,'G',NULL,'2011-06-15 23:15:58',NULL,'1','1'),
(680,291,1,1,0,0,0,1,7,'SIKA PREMIER 429 PE 1 GL.','PREMIER 429 PE 1 GL.',NULL,'',0,0,0,'039.080','',0,0,NULL,NULL,'G',NULL,'2011-06-15 23:17:24',NULL,'1','1'),
(681,291,1,1,0,0,0,1,7,'SIKA QUITAMANCHA FRASCO 1 LT.','QUITAMANCHA FRASCO 1 LT.',NULL,'',0,0,0,'039.081','',0,0,NULL,NULL,'G',NULL,'2011-06-15 23:24:05',NULL,'1','1'),
(682,291,1,1,0,0,0,1,7,'SIKA SELLADOR PORCELANATO FRASCO 1 LT.','SELLADOR PORCELANATO FRASCO 1 LT.',NULL,'',0,0,0,'039.082','',0,0,NULL,NULL,'G',NULL,'2011-06-15 23:25:39',NULL,'1','1'),
(683,291,1,1,0,0,0,1,7,'SIKA TECHO BALDE X 5 KG.','TECHO BALDE X 5 KG.',NULL,'',0,0,0,'.083','',0,0,NULL,NULL,'G',NULL,'2011-06-15 23:52:11',NULL,'1','1'),
(684,291,1,1,0,0,0,1,7,'SIKABOND AT METAL 310 ML.','AT METAL 310 ML.',NULL,'',0,0,0,'039.084','',0,0,NULL,NULL,'G',NULL,'2011-06-15 23:54:04',NULL,'1','1'),
(685,291,1,1,0,0,0,1,7,'SIKAFLOOR PROSEAL BALDE 15 KG.','PROSEAL BALDE 15 KG.',NULL,'',0,0,0,'.085','',0,0,NULL,NULL,'G',NULL,'2011-06-15 23:56:03',NULL,'1','1'),
(686,291,1,1,0,0,0,1,7,'SIKAFORM METAL CILINDRO 180 KG.','METAL CILINDRO 180 KG.',NULL,'',0,0,0,'.086','',0,0,NULL,NULL,'G',NULL,'2011-06-15 23:58:05',NULL,'1','1'),
(687,291,1,1,0,0,0,1,7,'SIKAGARD 720 EPOCEM JUEGO 21 KG.','720 EPOCEM JUEGO 21 KG.',NULL,'',0,0,0,'.087','',0,0,NULL,NULL,'G',NULL,'2011-06-15 23:59:45',NULL,'1','1'),
(688,291,1,1,0,0,0,1,7,'SIKAGROUT 212 BOLSA 30 KG. ','212 BOLSA 30 KG.',NULL,'',0,0,0,'.088','',0,0,NULL,NULL,'G',NULL,'2011-06-16 00:01:33',NULL,'1','1'),
(689,291,1,1,0,0,0,1,7,'SIKALASTOMER 95 GRIS 3/32 X 3/4 CAJA 12 ROLLOS','95 GRIS 3/32 X 3/4 CAJA 12 ROLLOS',NULL,'',0,0,0,'.089','',0,0,NULL,NULL,'G',NULL,'2011-06-16 00:04:37',NULL,'1','1'),
(690,291,1,1,0,0,0,1,7,'SIKAMENT 290 BALDE 20 KG.','290 BALDE 20 KG.',NULL,'',0,0,0,'039.090','',0,0,NULL,NULL,'G',NULL,'2011-06-16 00:05:32',NULL,'1','1'),
(691,291,1,1,0,0,0,1,7,'PISTOLA PARA APLICAR SILICONA SIKA','PARA APLICAR SILICONA SIKA',NULL,'',0,0,0,'039.091','',0,0,NULL,NULL,'G',NULL,'2011-06-16 00:06:45',NULL,'1','1'),
(692,291,1,1,0,0,0,1,7,'SIKA TECHO BALDE X 5 GK.','TECHO BALDE X 5 GK.',NULL,'',0,0,0,'039.092','',0,0,NULL,NULL,'G',NULL,'2011-06-16 00:07:59',NULL,'1','1'),
(693,291,1,1,0,0,0,1,7,'SIKA 1 POLVO BOLSA 12 KG. ','1 POLVO BOLSA 12 KG. ',NULL,'',0,0,0,'039.093','',0,0,NULL,NULL,'G',NULL,'2011-06-16 00:09:21',NULL,'1','1'),
(694,291,1,1,0,0,0,1,7,'SIKA 1 BALDE X 4 KG.','1 BALDE X 4 KG.',NULL,'',0,0,0,'039.094','',0,0,NULL,NULL,'G',NULL,'2011-06-16 00:14:25',NULL,'1','1'),
(695,291,1,1,0,0,0,1,7,'SIKA PORCELANA BLANCA BOLSA X 12 KG.','PORCELANA BLANCA BOLSA X 12 KG.',NULL,'',0,0,0,'039.095','',0,0,NULL,NULL,'G',NULL,'2011-06-16 00:16:26',NULL,'1','1'),
(696,291,1,1,0,0,0,1,7,'SIKASIL AC BLANCO 300 ML.','AC BLANCO 300 ML.',NULL,'',0,0,0,'.096','',0,0,NULL,NULL,'G',NULL,'2011-06-16 00:22:57',NULL,'1','1'),
(697,291,1,1,0,0,0,1,7,'SIKASIL AC TRANSPARENTE 300 ML.','AC TRANSPARENTE 300 ML.',NULL,'',0,0,0,'039.097','',0,0,NULL,NULL,'G',NULL,'2011-06-16 00:24:00',NULL,'1','1'),
(698,291,1,1,0,0,0,1,7,'SIKASIL C GRIS 300 ML.','C GRIS 300 ML.',NULL,'',0,0,0,'.098','',0,0,NULL,NULL,'G',NULL,'2011-06-16 00:25:46',NULL,'1','1'),
(699,291,1,1,0,0,0,1,7,'SIKASIL C TRNSPARENTE 300 ML.','C TRNSPARENTE 300 ML.',NULL,'',0,0,0,'.099','',0,0,NULL,NULL,'G',NULL,'2011-06-16 00:27:01',NULL,'1','1'),
(700,291,1,1,0,0,0,1,7,'SIKASIL E NEGRO 300 ML.','E NEGRO 300 ML.',NULL,'',0,0,0,'039.100','',0,0,NULL,NULL,'G',NULL,'2011-06-16 00:28:01',NULL,'1','1'),
(701,291,1,1,0,0,0,1,7,'SIKASIL E TRANSPARENTE 300 ML.','E TRANSPARENTE 300 ML.',NULL,'',0,0,0,'039.101','',0,0,NULL,NULL,'G',NULL,'2011-06-16 00:29:20',NULL,'1','1'),
(702,292,1,1,0,0,0,1,7,'BROCAS PARA CEMENTO EXTRA LARGA 6 MM X 400 MM ALEMAN ','PARA CEMENTO EXTRA LARGA 6 MM X 400 MM ALEMAN',NULL,'',0,0,0,'.001','',0,0,NULL,NULL,'G',NULL,'2011-06-16 00:36:56',NULL,'1','1'),
(703,291,1,1,0,0,0,1,7,'BROCAS PARA CEMENTO EXTRA LARGA 8 X 400 MM ALEMANA','PARA CEMENTO EXTRA LARGA 8 X 400 MM ALEMANA',NULL,'',0,0,0,'.102','',0,0,NULL,NULL,'G',NULL,'2011-06-16 00:39:22',NULL,'1','1'),
(704,292,1,1,0,0,0,1,7,'BROCAS PARA CEMENTO ESTRALARGA 10 X 400 MM ALEMANA','PARA CEMENTO ESTRALARGA 10 X 400 MM ALEMANA',NULL,'',0,0,0,'.002','',0,0,NULL,NULL,'G',NULL,'2011-06-16 00:41:03',NULL,'1','1'),
(705,292,1,1,0,0,0,1,7,'BROCAS PARA CEMENTO EXTRA LARGA 6.5 MM BRASILERO','PARA CEMENTO EXTRA LARGA 6.5 MM BRASILERO',NULL,'',0,0,0,'.003','',0,0,NULL,NULL,'G',NULL,'2011-06-16 00:44:19',NULL,'1','1'),
(706,292,1,1,0,0,0,1,7,'BROCAS PARA CEMENTO ESTRA LARGA 12 MM. BRASILERO','PARA CEMENTO ESTRA LARGA 12 MM. BRASILERO',NULL,'',0,0,0,'040.004','',0,0,NULL,NULL,'G',NULL,'2011-06-16 00:46:38',NULL,'1','1'),
(707,292,1,1,0,0,0,1,7,'BROCAS PARA CEMENTO EXTRA LARGA 16 MM. BRASILERO','PARA CEMENTO EXTRA LARGA 16 MM. BRASILERO',NULL,'',0,0,0,'.005','',0,0,NULL,NULL,'G',NULL,'2011-06-16 00:48:25',NULL,'1','1'),
(708,292,1,1,0,0,0,1,7,'BROCA PARA CEMENTO EXTRA LARGA 12 MM. X 400 MM. ALEMANA','PARA CEMENTO EXTRA LARGA 12 MM. X 400 MM. ALEMANA',NULL,'',0,0,0,'040.006','',0,0,NULL,NULL,'G',NULL,'2011-06-16 00:50:45',NULL,'1','1'),
(709,292,1,1,0,0,0,1,7,'BROCA PARA CEMENTO EXTRA LARGA 13 MM. 400 MM. ALEMANA','PARA CEMENTO EXTRA LARGA 13 MM. 400 MM. ALEMANA',NULL,'',0,0,0,'040.007','',0,0,NULL,NULL,'G',NULL,'2011-06-16 00:52:26',NULL,'1','1'),
(710,292,1,1,0,0,0,1,7,'BROCAS PARA CEMENTO LARGA 14 X 400 ALEMANA','PARA CEMENTO LARGA 14 X 400 ALEMANA',NULL,'',0,0,0,'.008','',0,0,NULL,NULL,'G',NULL,'2011-06-16 00:53:51',NULL,'1','1'),
(711,292,1,1,0,0,0,1,7,'BROCAS PARA CEMENTO 16 X 400 ALEMANA','PARA CEMENTO 16 X 400 ALEMANA',NULL,'',0,0,0,'.009','',0,0,NULL,NULL,'G',NULL,'2011-06-16 00:55:02',NULL,'1','1'),
(712,292,1,1,0,0,0,1,7,'BROCAS PARA CEMENTO EXTRA LARGA 14 MM. ALEMANA','PARA CEMENTO EXTRA LARGA 14 MM. ALEMANA',NULL,'',0,0,0,'.010','',0,0,NULL,NULL,'G',NULL,'2011-06-16 00:56:25',NULL,'1','1'),
(713,292,1,1,0,0,0,1,7,'BROCAS PARA CEMENTO 1/8','PARA CEMENTO 1/8',NULL,'',0,0,0,'.011','',0,0,NULL,NULL,'G',NULL,'2011-06-16 00:57:56',NULL,'1','1'),
(714,292,1,1,0,0,0,1,7,'BROCAS PARA CEMENTO 5/32 ','PARA CEMENTO 5/32',NULL,'',0,0,0,'.012','',0,0,NULL,NULL,'G',NULL,'2011-06-16 00:59:08',NULL,'1','1'),
(715,292,1,1,0,0,0,1,7,'BROCAS PARA CEMENTO 3/16','PARA CEMENTO 3/16',NULL,'',0,0,0,'.013','',0,0,NULL,NULL,'G',NULL,'2011-06-16 01:00:11',NULL,'1','1'),
(716,292,1,1,0,0,0,1,7,'BROCAS PARA CEMENTO 7/32','PARA CEMENTO 7/32',NULL,'',0,0,0,'.014','',0,0,NULL,NULL,'G',NULL,'2011-06-16 01:01:29',NULL,'1','1'),
(717,292,1,1,0,0,0,1,7,'BROCAS PARA CEMENTO 1/4','PARA CEMENTO 1/4',NULL,'',0,0,0,'040.015','',0,0,NULL,NULL,'G',NULL,'2011-06-16 02:55:28',NULL,'1','1'),
(718,292,1,1,0,0,0,1,7,'BROCAS PARA CEMENTO 5/16','PARA CEMENTO 5/16',NULL,'',0,0,0,'040.016','',0,0,NULL,NULL,'G',NULL,'2011-06-16 02:57:45',NULL,'1','1'),
(719,292,1,1,0,0,0,1,7,'BROCAS PARA CEMENTO 3/8','PARA CEMENTO 3/8',NULL,'',0,0,0,'040.017','',0,0,NULL,NULL,'G',NULL,'2011-06-16 02:58:38',NULL,'1','1'),
(720,292,1,1,0,0,0,1,7,'BROCAS PARA CEMENTO 7/16','PARA CEMENTO 7/16',NULL,'',0,0,0,'040.018','',0,0,NULL,NULL,'G',NULL,'2011-06-16 02:59:37',NULL,'1','1'),
(721,292,1,1,0,0,0,1,7,'BROCAS PARA CEMENTO 1/2','PARA CEMENTO 1/2',NULL,'',0,0,0,'040.019','',0,0,NULL,NULL,'G',NULL,'2011-06-16 03:00:34',NULL,'1','1'),
(722,292,1,1,0,0,0,1,7,'BROCAS PARA CEMENTO 9/16','PARA CEMENTO 9/16',NULL,'',0,0,0,'040.020','',0,0,NULL,NULL,'G',NULL,'2011-06-16 03:01:36',NULL,'1','1'),
(723,292,1,1,0,0,0,1,7,'BROCAS PARA CEMENTO 5/8','PARA CEMENTO 5/8',NULL,'',0,0,0,'040.021','',0,0,NULL,NULL,'G',NULL,'2011-06-16 03:02:53',NULL,'1','1'),
(724,292,1,1,0,0,0,1,7,'BROCAS PARA CEMENTO 3/4','PARA CEMENTO 3/4',NULL,'',0,0,0,'040.022','',0,0,NULL,NULL,'G',NULL,'2011-06-16 03:04:54',NULL,'1','1'),
(725,292,1,1,0,0,0,1,7,'BROCAS PARA CEMENTO 13/16','PARA CEMENTO 13/16',NULL,'',0,0,0,'040.023','',0,0,NULL,NULL,'G',NULL,'2011-06-16 03:06:11',NULL,'1','1'),
(726,292,1,1,0,0,0,1,7,'BROCAS PARA CEMENTO 7/8','PARA CEMENTO 7/8',NULL,'',0,0,0,'040.024','',0,0,NULL,NULL,'G',NULL,'2011-06-16 03:15:36',NULL,'1','1'),
(727,292,1,1,0,0,0,1,7,'BROCAS PARA CEMENTO 1\"','PARA CEMENTO 1\"',NULL,'',0,0,0,'040.025','',0,0,NULL,NULL,'G',NULL,'2011-06-16 03:16:47',NULL,'1','1'),
(728,292,1,1,0,0,0,1,7,'BROCAS PARA CEMENTO 15/64 HSS','PARA CEMENTO 15/64',NULL,'',0,0,0,'.026','',0,0,NULL,NULL,'G',NULL,'2011-06-16 04:18:03',NULL,'1','1'),
(729,292,1,1,0,0,0,1,7,'BROCAS PARA CEMENTO 15/32 HSS','PARA CEMENTO 15/32',NULL,'',0,0,0,'.027','',0,0,NULL,NULL,'G',NULL,'2011-06-16 04:20:11',NULL,'1','1'),
(730,292,1,1,0,0,0,1,7,'CINCELES PUNTA TORO 8 X 3/4\"','PUNTA TORO 8 X 3/4\"',NULL,'',0,0,0,'.028','',0,0,NULL,NULL,'G',NULL,'2011-06-16 04:33:50',NULL,'1','1'),
(731,292,1,1,0,0,0,1,7,'CINCELES PUNTA TORO 10 X 5/8','PUNTA TORO 10 X 5/8',NULL,'',0,0,0,'.029','',0,0,NULL,NULL,'G',NULL,'2011-06-16 04:35:57',NULL,'1','1'),
(732,292,1,1,0,0,0,1,7,'CINCLES PUNTA TORO 12 X 3/4\"','PUNTA TORO 12 X 3/4\"',NULL,'',0,0,0,'.030','',0,0,NULL,NULL,'G',NULL,'2011-06-16 04:37:50',NULL,'1','1'),
(733,292,1,1,0,0,0,1,7,'CINCELES PUNTA TORO 14 X 3/4\"','PUNTA TORO 14 X 3/4\"',NULL,'',0,0,0,'.031','',0,0,NULL,NULL,'G',NULL,'2011-06-16 04:39:37',NULL,'1','1'),
(734,292,1,1,0,0,0,1,7,'CINCELES PLANO TORO 5 X 3/8 X 1/2','PLANO TORO 5 X 3/8 X 1/2',NULL,'',0,0,0,'.032','',0,0,NULL,NULL,'G',NULL,'2011-06-16 04:40:49',NULL,'1','1'),
(735,292,1,1,0,0,0,1,7,'CINCELES PLANO TORO 6 X 5/8 X 5/8','PLANO TORO 6 X 5/8 X 5/8',NULL,'',0,0,0,'.033','',0,0,NULL,NULL,'G',NULL,'2011-06-16 04:42:43',NULL,'1','1'),
(736,292,1,1,0,0,0,1,7,'CINCELES PLANO TORO 8 X 5/8 X 3/4','PLANO TORO 8 X 5/8 X 3/4',NULL,'',0,0,0,'026.034','',0,0,NULL,NULL,'G',NULL,'2011-06-16 04:44:25',NULL,'1','1'),
(737,292,1,1,0,0,0,1,7,'CINCELES PLANO TORO 10 X 3/4 X 7/8','PLANO TORO 10 X 3/4 X 7/8',NULL,'',0,0,0,'.035','',0,0,NULL,NULL,'G',NULL,'2011-06-16 04:47:26',NULL,'1','1'),
(738,292,1,1,0,0,0,1,7,'CINCELES PLANO TORO 12 X 5/8 X 3/4','PLANO TORO 12 X 5/8 X 3/4',NULL,'',0,0,0,'040.036','',0,0,NULL,NULL,'G',NULL,'2011-06-16 04:49:24',NULL,'1','1'),
(739,292,1,1,0,0,0,1,7,'CINCELES PLANO TORO 14X7/8 X 3/4','PLANO TORO 14 X 7/8 X 3/4',NULL,'',0,0,0,'040.037','',0,0,NULL,NULL,'G',NULL,'2011-06-16 04:57:59',NULL,'1','1'),
(740,291,1,1,0,0,0,1,7,'SIKAFLEX 2C SE 1.5 GALON','2C SE 1.5 GALON',NULL,'',0,0,0,'.103','',0,0,NULL,NULL,'G',NULL,'2011-06-16 05:00:50',NULL,'1','1'),
(741,285,1,1,0,0,0,1,7,'ESPATULA COCACO 20MM','COCACO 20MM',NULL,'',0,0,0,'036.127','',0,0,NULL,NULL,'G',NULL,'2011-06-16 05:14:15',NULL,'1','1'),
(742,285,1,1,0,0,0,1,7,'ESPATULA COCACO 30 MM','COCACO 30 MM',NULL,'',0,0,0,'036.128','',0,0,NULL,NULL,'G',NULL,'2011-06-16 05:20:11',NULL,'1','1'),
(743,285,1,1,0,0,0,1,7,'ESPATULA COCACO 40 MM','COCACO 40 MM',NULL,'',0,0,0,'.129','',0,0,NULL,NULL,'G',NULL,'2011-06-16 05:21:54',NULL,'1','1'),
(744,285,1,1,0,0,0,1,7,'ESPATULA COCACO 50 MM','COCACO 50 MM',NULL,'',0,0,0,'036.130','',0,0,NULL,NULL,'G',NULL,'2011-06-16 05:23:53',NULL,'1','1'),
(745,285,1,1,0,0,0,1,7,'ESPATULA COCACO 60 MM','COCACO 60 MM',NULL,'',0,0,0,'.131','',0,0,NULL,NULL,'G',NULL,'2011-06-16 05:26:02',NULL,'1','1'),
(746,285,1,1,0,0,0,1,7,'ESPATULA COCACO 70 MM','COCACO 70 MM',NULL,'',0,0,0,'.132','',0,0,NULL,NULL,'G',NULL,'2011-06-16 05:30:46',NULL,'1','1'),
(747,285,1,1,0,0,0,1,7,'ESPATULA COCACO 80 MM','COCACO 80 MM',NULL,'',0,0,0,'036.133','',0,0,NULL,NULL,'G',NULL,'2011-06-16 05:31:51',NULL,'1','1'),
(748,131,1,1,0,0,0,1,7,'CORTAVIDRIOS MANGO ROJO ALEMAN','MANGO ROJO ALEMAN',NULL,'',0,0,0,'001.010.006.001','',0,0,NULL,NULL,'G',NULL,'2011-06-16 05:50:09',NULL,'1','1'),
(749,131,1,1,0,0,0,1,7,'CORTAVIDRIO JOKRA','JOKRA',NULL,'',0,0,0,'001.010.006.002','',0,0,NULL,NULL,'G',NULL,'2011-06-16 05:51:18',NULL,'1','1'),
(750,131,1,1,0,0,0,1,7,'CORTAVIDRIO JOBO','JOBO',NULL,'',0,0,0,'001.010.006.003','',0,0,NULL,NULL,'G',NULL,'2011-06-16 05:53:21',NULL,'1','1'),
(751,131,1,1,0,0,0,1,7,'CORTAVIDRIO M 60.010 GOLDEN CUT','M 60.010 GOLDEN CUT',NULL,'',0,0,0,'001.010.004','',0,0,NULL,NULL,'G',NULL,'2011-06-16 05:57:10',NULL,'1','1'),
(752,145,1,1,0,0,0,1,7,'CINTA METRICA DE TELA 10 MTS.','DE TELA 10 MTS.',NULL,'',0,0,0,'001.002.001.001','',0,0,NULL,NULL,'G',NULL,'2011-06-16 06:00:28',NULL,'1','1'),
(753,145,1,1,0,0,0,1,7,'CINTA METRICA DE TELA 20 MTS.','DE TELA 20 MTS.',NULL,'',0,0,0,'001.002.001.002','',0,0,NULL,NULL,'G',NULL,'2011-06-16 06:01:59',NULL,'1','1'),
(754,145,1,1,0,0,0,1,7,'CINTA METRICA DE TELA 25 MTS.','DE TELA 25 MTS.',NULL,'',0,0,0,'001.002.003','',0,0,NULL,NULL,'G',NULL,'2011-06-16 06:03:23',NULL,'1','1'),
(755,159,1,1,0,0,0,1,7,'BARRETA T/CINCLE  - 180 CMCM. X 1\"','T/CINCLE  - 180 CMCM. X 1\"',NULL,'',0,0,0,'001.003.008.001','',0,0,NULL,NULL,'G',NULL,'2011-06-16 06:06:12',NULL,'1','1'),
(756,285,1,1,0,0,0,1,7,'ESPATULA COCACO 90 MM','COCACO 90 MM',NULL,'',0,0,0,'036.134','',0,0,NULL,NULL,'G',NULL,'2011-06-16 21:19:59',NULL,'1','1'),
(757,285,1,1,0,0,0,1,7,'ESPATULA COCACO 100 MM.','COCACO 100 MM.',NULL,'',0,0,0,'036.135','',0,0,NULL,NULL,'G',NULL,'2011-06-16 21:20:59',NULL,'1','1'),
(758,285,1,1,0,0,0,1,7,'ESPATULA COCACO 120 MM.','COCACO 120 MM.',NULL,'',0,0,0,'036.136','',0,0,NULL,NULL,'G',NULL,'2011-06-16 21:21:54',NULL,'1','1'),
(759,285,1,1,0,0,0,1,7,'ESPATULA FAMASTIL 80 MM.','FAMASTIL 80 MM.',NULL,'',0,0,0,'036.137','',0,0,NULL,NULL,'G',NULL,'2011-06-16 21:23:14',NULL,'1','1'),
(760,152,1,1,0,0,0,1,7,'MARTILLO VIDRIERO \"TRAMONTINA\" 50 GRAMOS','VIDRIERO \"TRAMONTINA\" 50 GRAMOS',NULL,'',0,0,0,'001.003.001.001','',0,0,NULL,NULL,'G',NULL,'2011-06-16 21:58:35',NULL,'1','1'),
(761,242,1,1,0,0,0,1,7,'PLANCHA EMPASTAR 11 X 5 ALEMANA','EMPASTAR 11 X 5 ALEMANA',NULL,'',0,0,0,'004.004.010','',0,0,NULL,NULL,'G',NULL,'2011-06-16 22:06:51',NULL,'1','1'),
(762,33,1,1,0,0,0,1,7,'PLANCHAS EMPASTAR 11 X 5 FAMASTIL 185','EMPASTAR 11 X 5 FAMASTIL 185',NULL,'',0,0,0,'.001','',0,0,NULL,NULL,'G',NULL,'2011-06-16 22:08:00',NULL,'1','1'),
(763,242,1,1,0,0,0,1,7,'PLANCHA EMPASTAR MANGO MADERA 11 X 5 .175 FAMASTIL','EMPASTAR MANGO MADERA 11 X 5 .175 FAMASTIL',NULL,'',0,0,0,'004.011','',0,0,NULL,NULL,'G',NULL,'2011-06-16 22:12:19',NULL,'1','1'),
(764,242,1,1,0,0,0,1,7,'PLANCHA EMPASTAR 2 CANTOS DENT. 11 X 5 ALEMANA','EMPASTAR 2 CANTOS DENT. 11 X 5 ALEMANA',NULL,'',0,0,0,'004.012','',0,0,NULL,NULL,'G',NULL,'2011-06-16 22:14:10',NULL,'1','1'),
(765,33,1,1,0,0,0,1,7,'PLANCHA FROTACHO ABS FAMASTIL 8 X 16','FROTACHO ABS FAMASTIL 8 X 16',NULL,'',0,0,0,'.002','',0,0,NULL,NULL,'G',NULL,'2011-06-16 22:15:30',NULL,'1','1'),
(766,242,1,1,0,0,0,1,7,'PLANCHA FROTACHO ABS FAMASTIL 12 X 22','FROTACHO ABS FAMASTIL 12 X 22',NULL,'',0,0,0,'004.004.013','',0,0,NULL,NULL,'G',NULL,'2011-06-16 22:17:57',NULL,'1','1'),
(767,293,1,1,0,0,0,1,7,'CRUZETA PARA AZULEJO 2.5 MM BOSA 200 PZA.','PARA AZULEJO 2.5 MM BOSA 200 PZA.',NULL,'',0,0,0,'.001','',0,0,NULL,NULL,'G',NULL,'2011-06-16 23:04:39',NULL,'1','1'),
(768,293,1,1,0,0,0,1,7,'CRUZETA PARA AZULEJO 3.0 MM. BOLSA 200 PZA.','PARA AZULEJO 3.0 MM. BOLSA 200 PZA.',NULL,'',0,0,0,'.002','',0,0,NULL,NULL,'G',NULL,'2011-06-16 23:07:27',NULL,'1','1'),
(769,293,1,1,0,0,0,1,7,'CRUZETA PARA AZULEJO 4.0 MM. BOLSA 200 PZA.','PARA AZULEJO 4.0 MM. BOLSA 200 PZA.',NULL,'',0,0,0,'041.003','',0,0,NULL,NULL,'G',NULL,'2011-06-16 23:08:39',NULL,'1','1'),
(770,293,1,1,0,0,0,1,7,'CRUZETA PARA AZULEJO 5.0 MM. BOLSA 200 PZA.','PARA AZULEJO 5.0 MM. BOLSA 200 PZA.',NULL,'',0,0,0,'041.004','',0,0,NULL,NULL,'G',NULL,'2011-06-16 23:09:50',NULL,'1','1'),
(771,293,1,1,0,0,0,1,7,'CRUZETA PARA AZULEJO 6.0 MM. BOLSA 200 PZA.','PARA AZULEJO 6.0 MM. BOLSA 200 PZA.',NULL,'',0,0,0,'041.005','',0,0,NULL,NULL,'G',NULL,'2011-06-16 23:11:24',NULL,'1','1'),
(772,293,1,1,0,0,0,1,7,'CRUZETA PARA AZULEJO 8.0 MM BOLSA 200 PZA.','PARA AZULEJO 8.0 MM BOLSA 200 PZA.',NULL,'',0,0,0,'041.006','',0,0,NULL,NULL,'G',NULL,'2011-06-16 23:14:31',NULL,'1','1'),
(775,149,1,1,0,0,0,1,7,'NIVEL DE ALUMINIO FAMASTIL 16\"','DE ALUMINIO FAMASTIL 16\"',NULL,'',0,0,0,'001.002.001','',0,0,NULL,NULL,'G',NULL,'2011-06-17 00:51:14',NULL,'1','1'),
(776,149,1,1,0,0,0,1,7,'NIVEL DE ALUMINIO FAMASTIL 20\"','DE ALUMINIO FAMASTIL 20\"',NULL,'',0,0,0,'001.002.002','',0,0,NULL,NULL,'G',NULL,'2011-06-17 00:52:44',NULL,'1','1'),
(777,294,1,1,0,0,0,1,7,'COMBA ACERO 1.00 KG-2 LBS FAMASTIL BRASIL','ACERO 1.00 KG-2 LBS FAMASTIL BRASIL',NULL,'',0,0,0,'001.003.009.001','',0,0,NULL,NULL,'G',NULL,'2011-06-17 00:56:09',NULL,'1','1'),
(778,294,1,1,0,0,0,1,7,'COMBA ACERO BRASIL 1.50 KG. - 3 LBS','ACERO BRASIL 1.50 KG. - 3 LBS',NULL,'',0,0,0,'001.003.009.002','',0,0,NULL,NULL,'G',NULL,'2011-06-17 01:02:12',NULL,'1','1'),
(779,294,1,1,0,0,0,1,7,'COMBA SIN MANGO 6.0 KG. FREEMANS','SIN MANGO 6.0 KG. FREEMANS',NULL,'',0,0,0,'001.003.009.003','',0,0,NULL,NULL,'G',NULL,'2011-06-17 01:03:15',NULL,'1','1'),
(780,294,1,1,0,0,0,1,7,'COMBA SIN MANGO 8.0 KG. FREEMANS','SIN MANGO 8.0 KG. FREEMANS',NULL,'',0,0,0,'001.003.009.004','',0,0,NULL,NULL,'G',NULL,'2011-06-17 01:04:15',NULL,'1','1'),
(781,295,1,1,0,0,0,1,7,'CORTADOR DE CERAMICO ALEMAN 40 CM.','DE CERAMICO ALEMAN 40 CM.',NULL,'',0,0,0,'001.010.019.001','',0,0,NULL,NULL,'G',NULL,'2011-06-17 02:07:21',NULL,'1','1'),
(782,295,1,1,0,0,0,1,7,'REPUESTO PARA CORTADOR CERAMICO ALEMAN 22 X 6','PARA CORTADOR CERAMICO ALEMAN 22 X 6',NULL,'',0,0,0,'001.010.019.002','',0,0,NULL,NULL,'G',NULL,'2011-06-17 02:09:18',NULL,'1','1'),
(783,295,1,1,0,0,0,1,7,'CORTADOR DE CERAMICO ALEMAN 60 CM.','DE CERAMICO ALEMAN 60 CM.',NULL,'',0,0,0,'001.010.019.003','',0,0,NULL,NULL,'G',NULL,'2011-06-17 02:10:19',NULL,'1','1'),
(784,295,1,1,0,0,0,1,7,'CORTADOR DE CERAMICO BRASIL 35CM.','DE CERAMICO BRASIL 35CM.',NULL,'',0,0,0,'001.010.019.004','',0,0,NULL,NULL,'G',NULL,'2011-06-17 02:11:24',NULL,'1','1'),
(785,295,1,1,0,0,0,1,7,'REPUESTO PARA CORTADOR CERAMICO BRASIL 8 X 4','PARA CORTADOR CERAMICO BRASIL 8 X 4',NULL,'',0,0,0,'001.010.019.005','',0,0,NULL,NULL,'G',NULL,'2011-06-17 02:12:53',NULL,'1','1'),
(786,295,1,1,0,0,0,1,7,'CORTADOR CERAMICO 600/18 MM N° 154 JOKOSIT','CERAMICO 600/18 MM N° 154 JOKOSIT',NULL,'',0,0,0,'001.010.019.006','',0,0,NULL,NULL,'G',NULL,'2011-06-17 02:14:35',NULL,'1','1'),
(787,295,1,1,0,0,0,1,7,'CORTA CERAMICO CON CORTA CIRCULAR 400 MM','CERAMICO CON CORTA CIRCULAR 400 MM',NULL,'',0,0,0,'001.010.019.007','',0,0,NULL,NULL,'G',NULL,'2011-06-17 02:16:30',NULL,'1','1'),
(788,294,1,1,0,0,0,1,7,'COMBA SIN MANGO 18 LBS.','SIN MANGO 18 LBS.',NULL,'',0,0,0,'001.003.009.005','',0,0,NULL,NULL,'G',NULL,'2011-06-17 02:18:56',NULL,'1','1'),
(789,293,1,1,0,0,0,1,7,'BADILEJO PARA ALBAÑIL N° 5','PARA ALBAÑIL N° 5',NULL,'',0,0,0,'041.007','',0,0,NULL,NULL,'G',NULL,'2011-06-17 02:21:23',NULL,'1','1'),
(790,293,1,1,0,0,0,1,7,'BADILEJO PARA ALBAÑIL N° 6','PARA ALBAÑIL N° 6',NULL,'',0,0,0,'041.008','',0,0,NULL,NULL,'G',NULL,'2011-06-17 02:22:26',NULL,'1','1'),
(791,297,1,1,0,0,0,1,7,'BRUÑA CENTRO','',NULL,'',0,0,0,'042.001','',0,0,NULL,NULL,'G',NULL,'2011-06-17 02:25:05',NULL,'1','1'),
(792,297,1,1,0,0,0,1,7,'BRUÑA CANTO','',NULL,'',0,0,0,'042.002','',0,0,NULL,NULL,'G',NULL,'2011-06-17 02:25:52',NULL,'1','1'),
(793,291,1,1,0,0,0,1,7,'CINTA MASKING TAPE CP-101 TUMI 1/2 X 40 YARDA.','MASKING TAPE CP-101 TUMI 1/2 X 40 YARDA',NULL,'',0,0,0,'039.104','',0,0,NULL,NULL,'G',NULL,'2011-06-17 03:49:21',NULL,'1','1'),
(794,291,1,1,0,0,0,1,7,'CINTA MASKING TAPE CP-101 TUMI 3/4 X 40 YARDA.','MASKING TAPE CP-101 TUMI 3/4 X 40 YARDA.',NULL,'',0,0,0,'039.105','',0,0,NULL,NULL,'G',NULL,'2011-06-17 03:50:55',NULL,'1','1'),
(795,291,1,1,0,0,0,1,7,'CINTA MASKING TAPE CP-101 TUMI 1\" X 40 YARDA.','MASKING TAPE CP-101 TUMI 1\" X 40 YARDA',NULL,'',0,0,0,'.106','',0,0,NULL,NULL,'G',NULL,'2011-06-17 03:52:22',NULL,'1','1'),
(796,291,1,1,0,0,0,1,7,'CINTA MASKING TAPE CP-101 TUMI 1.1/2\" X 40 YARDA','MASKING TAPE CP-101 TUMI 1.1/2\" X 40 YARDA',NULL,'',0,0,0,'039.107','',0,0,NULL,NULL,'G',NULL,'2011-06-17 03:53:39',NULL,'1','1'),
(797,291,1,1,0,0,0,1,7,'CINTA MASKING TAPE CP-101 TUMI 2\" X 40 YARDA','MASKING TAPE CP-101 TUMI 2\" X 40 YARDA',NULL,'',0,0,0,'.108','',0,0,NULL,NULL,'G',NULL,'2011-06-17 03:55:16',NULL,'1','1'),
(798,291,1,1,0,0,0,1,7,'CINTA AISLANTE 150 NEGRO 3/4\" X 5 YARDAS SHURTAPE','AISLANTE 150 NEGRO 3/4\" X 5 YARDAS ',NULL,'',0,0,0,'039.109','',0,0,NULL,NULL,'G',NULL,'2011-06-17 03:59:18',NULL,'1','1'),
(799,291,1,1,0,0,0,1,7,'CINTA AISLANTE 150 NEGRO 3/4\" X 20 YARDAS SHURTAPE','AISLANTE 150 NEGRO 3/4\" X 20 YARDAS',NULL,'',0,0,0,'.110','',0,0,NULL,NULL,'G',NULL,'2011-06-17 04:02:42',NULL,'1','1'),
(800,291,1,1,0,0,0,1,7,'CINTA AISLANTE ANTINFLAMABLE 180 NEGRO 3/4\" X 5 MT. SHURTAPE','AISLANTE ANTINFLAMABLE 180 NEGRO 3/4\" X 5 MT.',NULL,'',0,0,0,'039.111','',0,0,NULL,NULL,'G',NULL,'2011-06-17 04:05:20',NULL,'1','1'),
(801,291,1,1,0,0,0,1,7,'CINTA AISLANTE ANTINFLAMABLE 180 NEGRO 3/4\" X 20 MT. SHURTAPE','AISLANTE ANTINFLAMABLE 180 NEGRO 3/4\" X 20 MT.',NULL,'',0,0,0,'039.112','',0,0,NULL,NULL,'G',NULL,'2011-06-17 04:07:15',NULL,'1','1'),
(802,291,1,1,0,0,0,1,7,'CINTA AISLANTE ANTINFLAMABLE 180 BLANCO 3/4\" X 20 MT. SHURTAPE','AISLANTE ANTINFLAMABLE 180 BLANCO 3/4\" X 20 MT.',NULL,'',0,0,0,'039.113','',0,0,NULL,NULL,'G',NULL,'2011-06-17 04:09:30',NULL,'1','1'),
(803,291,1,1,0,0,0,1,7,'CINTA EMBALAJE TRANSPARENTE 2\" X 25 YARDAS SHURTAPE','EMBALAJE TRANSPARENTE 2\" X 25 YARDAS',NULL,'',0,0,0,'039.114','',0,0,NULL,NULL,'G',NULL,'2011-06-17 04:24:29',NULL,'1','1'),
(804,291,1,1,0,0,0,1,7,'CINTA EMBALAJE HABANO 2\" X 25 YARDAS SHURTAPE','EMBALAJE HABANO 2\" X 25 YARDAS',NULL,'',0,0,0,'039.115','',0,0,NULL,NULL,'G',NULL,'2011-06-17 04:26:21',NULL,'1','1'),
(805,291,1,1,0,0,0,1,7,'CINTA EMBALAJE TRANSPARENTE 2\" X 33 YARDAS SHURTAPE','EMBALAJE TRANSPARENTE 2\" X 33 YARDAS',NULL,'',0,0,0,'.116','',0,0,NULL,NULL,'G',NULL,'2011-06-17 04:28:02',NULL,'1','1'),
(806,291,1,1,0,0,0,1,7,'CINTA EMBALAJE HABANO 2\" X 33 YARDAS SHURTAPE','EMBALAJE HABANO 2\" X 33 YARDAS',NULL,'',0,0,0,'.117','',0,0,NULL,NULL,'G',NULL,'2011-06-17 04:30:16',NULL,'1','1'),
(807,291,1,1,0,0,0,1,7,'CINTA EMBAJALE TRANSPARENTE 2\" X 55 YARDAS SHURTAPE','EMBAJALE TRANSPARENTE 2\" X 55 YARDAS',NULL,'',0,0,0,'.118','',0,0,NULL,NULL,'G',NULL,'2011-06-17 04:31:39',NULL,'1','1'),
(808,291,1,1,0,0,0,1,7,'CINTA EMBALAJE HABANO 2\" X 55 YARDAS SHURTAPE','EMBALAJE HABANO 2\" X 55 YARDAS',NULL,'',0,0,0,'.119','',0,0,NULL,NULL,'G',NULL,'2011-06-17 04:37:06',NULL,'1','1'),
(809,291,1,1,0,0,0,1,7,'CINTA EMBALAJE TRANSPARENTE 2\" X 110 YARDAS SHURTAPE','EMBALAJE TRANSPARENTE 2\" X 110 YARDAS',NULL,'',0,0,0,'.120','',0,0,NULL,NULL,'G',NULL,'2011-06-17 04:38:36',NULL,'1','1'),
(810,291,1,1,0,0,0,1,7,'CINTA EMBALAJE HABANO 2\" X 110 YARDAS SHURTAPE','EMBALAJE HABANO 2\" X 110 YARDAS',NULL,'',0,0,0,'.121','',0,0,NULL,NULL,'G',NULL,'2011-06-17 04:40:22',NULL,'1','1'),
(811,291,1,1,0,0,0,1,7,'CINTA EMBALAJE HABANO 2\" X 110 YARDAS SHURTAPE','EMBALAJE HABANO 2\" X 110 YARDAS',NULL,'',0,0,0,'039.122','',0,0,NULL,NULL,'G',NULL,'2011-06-17 04:53:07',NULL,'1','1'),
(812,291,1,1,0,0,0,1,7,'CINTA EMBALAJE BLANCA 2\" X 110 YARDAS SHURTAPE','EMBALAJE BLANCA 2\" X 110 YARDAS',NULL,'',0,0,0,'.123','',0,0,NULL,NULL,'G',NULL,'2011-06-17 04:57:26',NULL,'1','1'),
(813,291,1,1,0,0,0,1,7,'DISPENSADOR MANUAL PARA CINTA EMBALAJE 2\"/100 MT','MANUAL PARA CINTA EMBALAJE 2\"/100 MT',NULL,'',0,0,0,'.124','',0,0,NULL,NULL,'G',NULL,'2011-06-17 05:00:04',NULL,'1','1'),
(814,291,1,1,0,0,0,1,7,'CINTA MASKING TAPE TUMI 1/2\" X 40 YARDAS','MASKING TAPE TUMI 1/2\" X 40 YARDAS',NULL,'',0,0,0,'.125','',0,0,NULL,NULL,'G',NULL,'2011-06-17 05:01:46',NULL,'1','1'),
(815,291,1,1,0,0,0,1,7,'CINTA MASKING TAPE TUMI 3/4\" X 40 YARDAS','MASKING TAPE TUMI 3/4\" X 40 YARDAS',NULL,'',0,0,0,'039.126','',0,0,NULL,NULL,'G',NULL,'2011-06-17 05:03:37',NULL,'1','1'),
(816,291,1,1,0,0,0,1,7,'CINTA MASKING TAPE TUMI 1\" X 40 YARDAS','MASKING TAPE TUMI 1\" X 40 YARDAS',NULL,'',0,0,0,'.127','',0,0,NULL,NULL,'G',NULL,'2011-06-17 05:05:28',NULL,'1','1'),
(817,291,1,1,0,0,0,1,7,'CINTA MASKING TAPE TUMI 1.1/2\" X 40 YARDAS','MASKING TAPE TUMI 1.1/2\" X 40 YARDAS',NULL,'',0,0,0,'039.128','',0,0,NULL,NULL,'G',NULL,'2011-06-17 05:07:30',NULL,'1','1'),
(818,291,1,1,0,0,0,1,7,'COLA SINTETICA 1/2 KG','SINTETICA 1/2 KG',NULL,'',0,0,0,'039.129','',0,0,NULL,NULL,'G',NULL,'2011-06-17 05:08:26',NULL,'1','1'),
(819,291,1,1,0,0,0,1,7,'COLA FULLER 2900 FRASCO 1 KG.','FULLER 2900 FRASCO 1 KG.',NULL,'',0,0,0,'.130','',0,0,NULL,NULL,'G',NULL,'2011-06-17 05:09:36',NULL,'1','1'),
(820,291,1,1,0,0,0,1,7,'CONTACTO 1000 LATA X 1/4 GALON','1000 LATA X 1/4 GALON',NULL,'',0,0,0,'039.131','',0,0,NULL,NULL,'G',NULL,'2011-06-17 05:11:04',NULL,'1','1'),
(821,291,1,1,0,0,0,1,7,'CONTACTO 1000 LATA X 1 GALON','1000 LATA X 1 GALON',NULL,'',0,0,0,'039.132','',0,0,NULL,NULL,'G',NULL,'2011-06-17 05:12:42',NULL,'1','1'),
(822,291,1,1,0,0,0,1,7,'CONTACTO 3000 LATA X 1 GALON','3000 LATA X 1 GALON',NULL,'',0,0,0,'039.133','',0,0,NULL,NULL,'G',NULL,'2011-06-17 05:13:49',NULL,'1','1'),
(823,291,1,1,0,0,0,1,7,'CONTACTO 5000 LATA X 1/32 GALON','5000 LATA X 1/32 GALON',NULL,'',0,0,0,'039.134','',0,0,NULL,NULL,'G',NULL,'2011-06-17 05:15:15',NULL,'1','1'),
(824,291,1,1,0,0,0,1,7,'CONTACTO 5000 LATA X 1/4 GALON 1LT','5000 LATA X 1/4 GALON 1LT',NULL,'',0,0,0,'039.135','',0,0,NULL,NULL,'G',NULL,'2011-06-17 05:16:44',NULL,'1','1'),
(825,291,1,1,0,0,0,1,7,'CONTACTO 5000 LATA X 1 GALON','5000 LATA X 1 GALON',NULL,'',0,0,0,'039.136','',0,0,NULL,NULL,'G',NULL,'2011-06-17 05:18:23',NULL,'1','1'),
(826,291,1,1,0,0,0,1,7,'CONTACTO 5000 LATA X 5 GALON','5000 LATA X 5 GALON',NULL,'',0,0,0,'039.137','',0,0,NULL,NULL,'G',NULL,'2011-06-17 05:19:54',NULL,'1','1'),
(827,291,1,1,0,0,0,1,7,'COLA SINTETICA KLEBER BOLSA X 1 KILO','SINTETICA KLEBER BOLSA X 1 KILO',NULL,'',0,0,0,'039.138','',0,0,NULL,NULL,'G',NULL,'2011-06-17 05:21:06',NULL,'1','1'),
(828,291,1,1,0,0,0,1,7,'COLA SINTETICA KLEBER BALDE X 1 KG.','SINTETICA KLEBER BALDE X 1 KG.',NULL,'',0,0,0,'039.139','',0,0,NULL,NULL,'G',NULL,'2011-06-17 05:22:32',NULL,'1','1'),
(829,291,1,1,0,0,0,1,7,'UNDERCOATING KLEBER BALDE X 1 GALON','KLEBER BALDE X 1 GALON',NULL,'',0,0,0,'039.140','',0,0,NULL,NULL,'G',NULL,'2011-06-17 05:23:51',NULL,'1','1'),
(830,291,1,1,0,0,0,1,7,'SILICONA ORBASIL TRANSPARENTE K-92 300 ML.','ORBASIL TRANSPARENTE K-92 300 ML.',NULL,'',0,0,0,'039.141','',0,0,NULL,NULL,'G',NULL,'2011-06-17 05:25:21',NULL,'1','1'),
(831,291,1,1,0,0,0,1,7,'SILICONA ORBASIL BLANCA K-86 300 ML.','ORBASIL BLANCA K-86 300 ML.',NULL,'',0,0,0,'039.142','',0,0,NULL,NULL,'G',NULL,'2011-06-17 05:26:54',NULL,'1','1'),
(832,291,1,1,0,0,0,1,7,'SILICONA ORBASIL ROJA K-88 300 ML.','ORBASIL ROJA K-88 300 ML.',NULL,'',0,0,0,'039.143','',0,0,NULL,NULL,'G',NULL,'2011-06-17 05:29:08',NULL,'1','1'),
(833,291,1,1,0,0,0,1,7,'SILICONA ORBASIL BLANCA K-93 300 ML.','ORBASIL BLANCA K-93 300 ML.',NULL,'',0,0,0,'039.144','',0,0,NULL,NULL,'G',NULL,'2011-06-17 05:30:56',NULL,'1','1'),
(834,291,1,1,0,0,0,1,7,'SILICONA ORBASIL ROJO PARA BRIDAS 85 ML. ','ORBASIL ROJO PARA BRIDAS 85 ML.',NULL,'',0,0,0,'039.145','',0,0,NULL,NULL,'G',NULL,'2011-06-17 05:32:31',NULL,'1','1'),
(835,291,1,1,0,0,0,1,7,'SINTESEL MULTIUSO BLANCA ORBASIL 300 ML.','MULTIUSO BLANCA ORBASIL 300 ML.',NULL,'',0,0,0,'039.146','',0,0,NULL,NULL,'G',NULL,'2011-06-17 05:33:52',NULL,'1','1'),
(836,291,1,1,0,0,0,1,7,'SILICONA USO DOMESTICO BLANCA 50 ML ORBASIL','USO DOMESTICO BLANCA 50 ML ORBASIL',NULL,'',0,0,0,'039.147','',0,0,NULL,NULL,'G',NULL,'2011-06-17 05:35:37',NULL,'1','1'),
(837,291,1,1,0,0,0,1,7,'MULTIFIX TRASLUCIDO ORBASIL 50 ML.','TRASLUCIDO ORBASIL 50 ML.',NULL,'',0,0,0,'039.148','',0,0,NULL,NULL,'G',NULL,'2011-06-17 05:36:55',NULL,'1','1'),
(838,291,1,1,0,0,0,1,7,'MULTIFIX TRASLUCIDO ORBASIL 300 ML.','TRASLUCIDO ORBASIL 300 ML.',NULL,'',0,0,0,'039.149','',0,0,NULL,NULL,'G',NULL,'2011-06-17 05:39:34',NULL,'1','1'),
(839,291,1,1,0,0,0,1,7,'SINTEX GLAS GRIS K-47 ORBASIL 300 ML','GLAS GRIS K-47 ORBASIL 300 ML',NULL,'',0,0,0,'039.150','',0,0,NULL,NULL,'G',NULL,'2011-06-17 05:40:56',NULL,'1','1'),
(840,291,1,1,0,0,0,1,7,'QUILUBE AEROSOL CON TEFLON 150 ML.','AEROSOL CON TEFLON 150 ML.',NULL,'',0,0,0,'039.151','',0,0,NULL,NULL,'G',NULL,'2011-06-17 05:43:19',NULL,'1','1'),
(841,291,1,1,0,0,0,1,7,'PISTOLA PARA SILICONA PLASTICA MULTIUSO FUNCIONAL 8.1/2','PARA SILICONA PLASTICA MULTIUSO FUNCIONAL 8.1/2',NULL,'',0,0,0,'039.152','',0,0,NULL,NULL,'G',NULL,'2011-06-17 05:46:37',NULL,'1','1'),
(842,291,1,1,0,0,0,1,7,'PISTOLA PARA SILICONA ALUMINIO 9\" PROFESIONAL','PARA SILICONA ALUMINIO 9\" PROFESIONAL',NULL,'',0,0,0,'039.153','',0,0,NULL,NULL,'G',NULL,'2011-06-17 06:06:44',NULL,'1','1'),
(843,291,1,1,0,0,0,1,7,'SUPER BONDER S.O.S. REPAIR 1.5 GR.','BONDER S.O.S. REPAIR 1.5 GR.',NULL,'',0,0,0,'039.154','',0,0,NULL,NULL,'G',NULL,'2011-06-17 23:28:43',NULL,'1','1'),
(844,291,1,1,0,0,0,1,7,'SUPER BONDER ORIGINAL 3 GR.','BONDER ORIGINAL 3 GR.',NULL,'',0,0,0,'039.155','',0,0,NULL,NULL,'G',NULL,'2011-06-17 23:30:41',NULL,'1','1'),
(845,291,1,1,0,0,0,1,7,'SUPER BONDER PRECISION 5 GR.','BONDER PRECISION 5 GR.',NULL,'',0,0,0,'039.156','',0,0,NULL,NULL,'G',NULL,'2011-06-17 23:32:42',NULL,'1','1'),
(846,291,1,1,0,0,0,1,7,'SUPER BONDER GEL CONTROL 3 GR.','BONDER GEL CONTROL 3 GR.',NULL,'',0,0,0,'039.157','',0,0,NULL,NULL,'G',NULL,'2011-06-17 23:33:40',NULL,'1','1'),
(847,291,1,1,0,0,0,1,7,'PATEX NO MAS CLAVO 100GR.','NO MAS CLAVO 100GR.',NULL,'',0,0,0,'039.158','',0,0,NULL,NULL,'G',NULL,'2011-06-17 23:34:49',NULL,'1','1'),
(848,291,1,1,0,0,0,1,7,'PATEX NO MAS CLAVO 250GR.','NO MAS CLAVO 250GR.',NULL,'',0,0,0,'039.159','',0,0,NULL,NULL,'G',NULL,'2011-06-17 23:39:21',NULL,'1','1'),
(849,291,1,1,0,0,0,1,7,'PATEX NO MAS CLAVO 360GR.','NO MAS CLAVO 360GR.',NULL,'',0,0,0,'039.160','',0,0,NULL,NULL,'G',NULL,'2011-06-17 23:42:02',NULL,'1','1'),
(850,291,1,1,0,0,0,1,7,'PATEX REPARA 8GR. REPARA ESTREME','REPARA 8GR. REPARA ESTREME',NULL,'',0,0,0,'039.161','',0,0,NULL,NULL,'G',NULL,'2011-06-17 23:43:12',NULL,'1','1'),
(851,291,1,1,0,0,0,1,7,'PATEX MASILLA EPOXICA 59GR. REPARA EXPRESS','MASILLA EPOXICA 59GR. REPARA EXPRESS',NULL,'',0,0,0,'.162','',0,0,NULL,NULL,'G',NULL,'2011-06-17 23:44:45',NULL,'1','1'),
(852,291,1,1,0,0,0,1,7,'PATTEX CINTA ADHESIVA ROLLO 48MM X 10MT POWER TAPE','CINTA ADHESIVA ROLLO 48MM X 10MT POWER TAPE',NULL,'',0,0,0,'039.163','',0,0,NULL,NULL,'G',NULL,'2011-06-17 23:46:27',NULL,'1','1'),
(853,291,1,1,0,0,0,1,7,'PEGAFIX COLA PARA MADERA FRASCO 1KG','COLA PARA MADERA FRASCO 1KG',NULL,'',0,0,0,'039.164','',0,0,NULL,NULL,'G',NULL,'2011-06-17 23:49:42',NULL,'1','1'),
(854,291,1,1,0,0,0,1,7,'PEGAFIX COLA PARA MADERA FRASCO 3.20 KG','COLA PARA MADERA FRASCO 3.20 KG',NULL,'',0,0,0,'039.165','',0,0,NULL,NULL,'G',NULL,'2011-06-17 23:52:22',NULL,'1','1'),
(855,291,1,1,0,0,0,1,7,'PEGAFIX PROFESIONAL COLA PARA MADERA FRASCO 1KG.','PROFESIONAL COLA PARA MADERA FRASCO 1KG.',NULL,'',0,0,0,'039.166','',0,0,NULL,NULL,'G',NULL,'2011-06-17 23:54:19',NULL,'1','1'),
(856,291,1,1,0,0,0,1,7,'PEGAFIX PROFESIONAL COLA PARA MADERA FRASCO 3.20KG','PROFESIONAL COLA PARA MADERA FRASCO 3.20KG',NULL,'',0,0,0,'039.167','',0,0,NULL,NULL,'G',NULL,'2011-06-18 00:06:20',NULL,'1','1'),
(857,291,1,1,0,0,0,1,7,'AGOREX-60 PEGAMENTO CONTACTO DISPLAY 20','PEGAMENTO CONTACTO DISPLAY 20',NULL,'',0,0,0,'039.168','',0,0,NULL,NULL,'G',NULL,'2011-06-18 00:14:10',NULL,'1','1'),
(858,291,1,1,0,0,0,1,7,'AGOREX-60 PEGAMENTO CONTACTO DISPLAY 120','PEGAMENTO CONTACTO DISPLAY 120',NULL,'',0,0,0,'039.169','',0,0,NULL,NULL,'G',NULL,'2011-06-18 00:18:34',NULL,'1','1'),
(859,291,1,1,0,0,0,1,7,'AGORAX-60 PEGAMENTO CONTACTO LATA 1LT','PEGAMENTO CONTACTO LATA 1LT',NULL,'',0,0,0,'039.170','',0,0,NULL,NULL,'G',NULL,'2011-06-18 00:19:57',NULL,'1','1'),
(860,291,1,1,0,0,0,1,7,'AGOREX-60 PEGAMENTO CONTACTO LATA X 1GALON','PEGAMENTO CONTACTO LATA X 1GALON',NULL,'',0,0,0,'039.171','',0,0,NULL,NULL,'G',NULL,'2011-06-18 00:21:57',NULL,'1','1'),
(861,291,1,1,0,0,0,1,7,'AGOREX TRANSPARENTE PEGAMENTO CONTACTO 20CC','TRANSPARENTE PEGAMENTO CONTACTO 20CC',NULL,'',0,0,0,'039.172','',0,0,NULL,NULL,'G',NULL,'2011-06-18 00:24:25',NULL,'1','1'),
(862,291,1,1,0,0,0,1,7,'AGOREX TRANSPARENTE PEGAMENTO CONTACTO 120CC','TRANSPARENTE PEGAMENTO CONTACTO 120CC',NULL,'',0,0,0,'039.173','',0,0,NULL,NULL,'G',NULL,'2011-06-18 00:26:50',NULL,'1','1'),
(863,291,1,1,0,0,0,1,7,'SILICONA ELASTOSELLO 700 82ML TRANSPARENTE','ELASTOSELLO 700 82ML TRANSPARENTE',NULL,'',0,0,0,'039.174','',0,0,NULL,NULL,'G',NULL,'2011-06-18 00:28:48',NULL,'1','1'),
(864,291,1,1,0,0,0,1,7,'SILICONA ELASTOSELLO 700 8ML BLANCO','ELASTOSELLO 700 8ML BLANCO',NULL,'',0,0,0,'039.175','',0,0,NULL,NULL,'G',NULL,'2011-06-18 00:29:55',NULL,'1','1'),
(865,291,1,1,0,0,0,1,7,'SILICONA ELASTOSELLO 700 300ML TRANSPARENTE','ELASTOSELLO 700 300ML TRANSPARENTE',NULL,'',0,0,0,'039.176','',0,0,NULL,NULL,'G',NULL,'2011-06-18 00:30:53',NULL,'1','1'),
(866,291,1,1,0,0,0,1,7,'SILICONA ELASTOSELLO 700 300ML BLANCO','ELASTOSELLO 700 300ML BLANCO',NULL,'',0,0,0,'.177','',0,0,NULL,NULL,'G',NULL,'2011-06-18 00:32:06',NULL,'1','1'),
(867,291,1,1,0,0,0,1,7,'SILICONA ELASTOSELLO 1100 300ML TRANSPARENTE','ELASTOSELLO 1100 300ML TRANSPARENTE',NULL,'',0,0,0,'039.178','',0,0,NULL,NULL,'G',NULL,'2011-06-18 00:33:15',NULL,'1','1'),
(868,291,1,1,0,0,0,1,7,'SILICONA ELASTOSELLO 1100 300ML NEGRO','ELASTOSELLO 1100 300ML NEGRO',NULL,'',0,0,0,'039.179','',0,0,NULL,NULL,'G',NULL,'2011-06-18 00:34:04',NULL,'1','1'),
(869,291,1,1,0,0,0,1,7,'SILICONA ELASTOSELLO 1100 300ML ALUMINIO','ELASTOSELLO 1100 300ML ALUMINIO',NULL,'',0,0,0,'039.180','',0,0,NULL,NULL,'G',NULL,'2011-06-18 00:35:24',NULL,'1','1'),
(870,291,1,1,0,0,0,1,7,'SILICONA ELASTOSELLO 1100 300ML BRONCE','ELASTOSELLO 1100 300ML BRONCE',NULL,'',0,0,0,'039.181','',0,0,NULL,NULL,'G',NULL,'2011-06-18 00:36:20',NULL,'1','1'),
(871,291,1,1,0,0,0,1,7,'SILICONA ACRILICA ALASTOSELLO 600 300ML BLANCO','ACRILICA ALASTOSELLO 600 300ML BLANCO',NULL,'',0,0,0,'039.182','',0,0,NULL,NULL,'G',NULL,'2011-06-18 00:37:35',NULL,'1','1'),
(872,291,1,1,0,0,0,1,7,'SILICONA ACRILICA ELASTOSELLO 600 300ML GRIS','ACRILICA ELASTOSELLO 600 300ML GRIS',NULL,'',0,0,0,'039.183','',0,0,NULL,NULL,'G',NULL,'2011-06-18 00:38:48',NULL,'1','1'),
(873,291,1,1,0,0,0,1,7,'SILICONA POLIURETANO ELASTOSELLO 111 310ML GRIS','POLIURETANO ELASTOSELLO 111 310ML GRIS',NULL,'',0,0,0,'039.184','',0,0,NULL,NULL,'G',NULL,'2011-06-18 00:39:53',NULL,'1','1'),
(874,291,1,1,0,0,0,1,7,'SILICONA ELASTOSELLO FT 101 300ML BLANCO','ELASTOSELLO FT 101 300ML BLANCO',NULL,'',0,0,0,'.185','',0,0,NULL,NULL,'G',NULL,'2011-06-18 00:41:06',NULL,'1','1'),
(875,291,1,1,0,0,0,1,7,'METYLAN NORMAL CAJA 125GR.','NORMAL CAJA 125GR.',NULL,'',0,0,0,'039.186','',0,0,NULL,NULL,'G',NULL,'2011-06-18 00:42:08',NULL,'1','1'),
(876,291,1,1,0,0,0,1,7,'METYLAN ESPECIAL CAJA 200GR.','ESPECIAL CAJA 200GR.',NULL,'',0,0,0,'039.187','',0,0,NULL,NULL,'G',NULL,'2011-06-18 00:43:04',NULL,'1','1'),
(877,291,1,1,0,0,0,1,7,'METYLAN ADITIVO FRASCO 1/2KG','ADITIVO FRASCO 1/2KG',NULL,'',0,0,0,'039.188','',0,0,NULL,NULL,'G',NULL,'2011-06-18 00:44:04',NULL,'1','1'),
(878,291,1,1,0,0,0,1,7,'METYLAN ADITIVO FRASCO 1KG.','ADITIVO FRASCO 1KG.',NULL,'',0,0,0,'.189','',0,0,NULL,NULL,'G',NULL,'2011-06-18 00:45:06',NULL,'1','1'),
(879,291,1,1,0,0,0,1,7,'SISTA ESPUMA EXPANSIVA 300ML','ESPUMA EXPANSIVA 300ML',NULL,'',0,0,0,'039.190','',0,0,NULL,NULL,'G',NULL,'2011-06-18 00:46:01',NULL,'1','1'),
(880,291,1,1,0,0,0,1,7,'SISTA ESPUMA EXPANSIVA 750ML','ESPUMA EXPANSIVA 750ML',NULL,'',0,0,0,'039.191','',0,0,NULL,NULL,'G',NULL,'2011-06-18 00:48:45',NULL,'1','1'),
(881,291,1,1,0,0,0,1,7,'SISTA CINTA TAPAGOTERA 1MT X 10CM','CINTA TAPAGOTERA 1MT X 10CM',NULL,'',0,0,0,'039.192','',0,0,NULL,NULL,'G',NULL,'2011-06-18 00:49:46',NULL,'1','1'),
(882,291,1,1,0,0,0,1,7,'SISTA CINTA TAPAGOTERA 10MT X 10CM','CINTA TAPAGOTERA 10MT X 10CM',NULL,'',0,0,0,'039.193','',0,0,NULL,NULL,'G',NULL,'2011-06-18 00:51:02',NULL,'1','1'),
(883,291,1,1,0,0,0,1,7,'THOMSIT ALFOMBRA BALDE 900GR','ALFOMBRA BALDE 900GR',NULL,'',0,0,0,'039.194','',0,0,NULL,NULL,'G',NULL,'2011-06-18 00:52:01',NULL,'1','1'),
(884,291,1,1,0,0,0,1,7,'THOMSIT ALFOMBRA BALDE 4.5KG','ALFOMBRA BALDE 4.5KG',NULL,'',0,0,0,'.195','',0,0,NULL,NULL,'G',NULL,'2011-06-18 00:52:55',NULL,'1','1'),
(885,291,1,1,0,0,0,1,7,'THOMSIT ALFOMBRA BALDE 20KG.','ALFOMBRA BALDE 20KG.',NULL,'',0,0,0,'039.196','',0,0,NULL,NULL,'G',NULL,'2011-06-18 00:54:13',NULL,'1','1'),
(886,291,1,1,0,0,0,1,7,'THOMSIT MONTAJE CARTUCHO 370GR.','MONTAJE CARTUCHO 370GR.',NULL,'',0,0,0,'039.197','',0,0,NULL,NULL,'G',NULL,'2011-06-18 00:55:17',NULL,'1','1'),
(887,291,1,1,0,0,0,1,7,'THOMSIT MONTAJE CARTUCHO 370GR','MONTAJE CARTUCHO 370GR',NULL,'',0,0,0,'039.198','',0,0,NULL,NULL,'G',NULL,'2011-06-18 00:58:46',NULL,'1','1'),
(888,291,1,1,0,0,0,1,7,'THOMSIT MONTAJE BALDE 800GR.','MONTAJE BALDE 800GR.',NULL,'',0,0,0,'039.199','',0,0,NULL,NULL,'G',NULL,'2011-06-18 01:00:10',NULL,'1','1'),
(889,291,1,1,0,0,0,1,7,'THOMSIT MONTAJE BALDE 3.8KG','MONTAJE BALDE 3.8KG',NULL,'',0,0,0,'039.200','',0,0,NULL,NULL,'G',NULL,'2011-06-18 01:02:08',NULL,'1','1'),
(890,291,1,1,0,0,0,1,7,'THOMSIT VINILICO BALDE 900GR','VINILICO BALDE 900GR',NULL,'',0,0,0,'039.201','',0,0,NULL,NULL,'G',NULL,'2011-06-18 01:03:04',NULL,'1','1'),
(891,291,1,1,0,0,0,1,7,'THOMSIT VINILICO BALDE 5KG','VINILICO BALDE 5KG',NULL,'',0,0,0,'039.202','',0,0,NULL,NULL,'G',NULL,'2011-06-18 01:03:59',NULL,'1','1'),
(892,291,1,1,0,0,0,1,7,'THOMSIT VINILICO BALDE 20KG','VINILICO BALDE 20KG',NULL,'',0,0,0,'039.203','',0,0,NULL,NULL,'G',NULL,'2011-06-18 01:05:00',NULL,'1','1'),
(893,291,1,1,0,0,0,1,7,'THOMSIT PARQUET BALDE 5KG','PARQUET BALDE 5KG',NULL,'',0,0,0,'039.204','',0,0,NULL,NULL,'G',NULL,'2011-06-18 01:06:11',NULL,'1','1'),
(894,291,1,1,0,0,0,1,7,'THOMSIT IMPRIMANTE PARA PISO BALDE 10KG','IMPRIMANTE PARA PISO BALDE 10KG',NULL,'',0,0,0,'039.205','',0,0,NULL,NULL,'G',NULL,'2011-06-18 02:43:30',NULL,'1','1'),
(895,291,1,1,0,0,0,1,7,'THOMSIT DX AUTONIVENLANTE PARA PISO SACO 25KG','DX AUTONIVENLANTE PARA PISO SACO 25KG',NULL,'',0,0,0,'039.206','',0,0,NULL,NULL,'G',NULL,'2011-06-18 02:50:15',NULL,'1','1'),
(896,291,1,1,0,0,0,1,7,'TANGIT ADHESIVO PARA PVC 120CC ','ADHESIVO PARA PVC 120CC ',NULL,'',0,0,0,'039.207','',0,0,NULL,NULL,'G',NULL,'2011-06-18 02:54:51',NULL,'1','1'),
(897,293,1,1,0,0,0,1,7,'PALA CUCHARA M/M MEDIANA THOR','CUCHARA M/M MEDIANA THOR',NULL,'',0,0,0,'.009','',0,0,NULL,NULL,'G',NULL,'2011-06-18 21:45:37',NULL,'1','1'),
(898,293,1,1,0,0,0,1,7,'PALA CUCHARA M/M GRANDE THOR','CUCHARA M/M GRANDE THOR',NULL,'',0,0,0,'.010','',0,0,NULL,NULL,'G',NULL,'2011-06-18 21:47:10',NULL,'1','1'),
(899,293,1,1,0,0,0,1,7,'PALA CUCHARA M/P MEDIANA THOR','CUCHARA M/P MEDIANA THOR',NULL,'',0,0,0,'.011','',0,0,NULL,NULL,'G',NULL,'2011-06-18 21:48:20',NULL,'1','1'),
(900,293,1,1,0,0,0,1,7,'PALA CUCHARA M/P GRANDE THOR','CUCHARA M/P GRANDE THOR',NULL,'',0,0,0,'.012','',0,0,NULL,NULL,'G',NULL,'2011-06-18 21:49:51',NULL,'1','1'),
(901,293,1,1,0,0,0,1,7,'PALA RECTA THOR ','RECTA THOR',NULL,'',0,0,0,'.013','',0,0,NULL,NULL,'G',NULL,'2011-06-18 21:50:45',NULL,'1','1'),
(902,293,1,1,0,0,0,1,7,'PALA RECTA M/P THOR','RECTA M/P THOR',NULL,'',0,0,0,'.014','',0,0,NULL,NULL,'G',NULL,'2011-06-18 21:52:07',NULL,'1','1'),
(903,293,1,1,0,0,0,1,7,'PALA CARBONERA THOR','CARBONERA THOR',NULL,'',0,0,0,'.015','',0,0,NULL,NULL,'G',NULL,'2011-06-18 21:53:41',NULL,'1','1'),
(904,293,1,1,0,0,0,1,7,'PALA CARBONERA M/P THOR','CARBONERA M/P THOR',NULL,'',0,0,0,'041.016','',0,0,NULL,NULL,'G',NULL,'2011-06-18 21:55:58',NULL,'1','1'),
(905,293,1,1,0,0,0,1,7,'PALA CARBONERA M/M THOR','CARBONERA M/M THOR',NULL,'',0,0,0,'.017','',0,0,NULL,NULL,'G',NULL,'2011-06-18 21:57:27',NULL,'1','1'),
(906,293,1,1,0,0,0,1,7,'PALA CARBONERA M/P THOR 77465/444','CARBONERA M/P THOR 77465/444',NULL,'',0,0,0,'.018','',0,0,NULL,NULL,'G',NULL,'2011-06-18 22:00:22',NULL,'1','1'),
(907,293,1,1,0,0,0,1,7,'PALA MINERA M/M THOR 77420/334','MINERA M/M THOR 77420/334',NULL,'',0,0,0,'041.019','',0,0,NULL,NULL,'G',NULL,'2011-06-18 22:02:54',NULL,'1','1'),
(908,293,1,1,0,0,0,1,7,'PALA MINERA M/M THOR 77470/334','MINERA M/M THOR 77470/334',NULL,'',0,0,0,'041.020','',0,0,NULL,NULL,'G',NULL,'2011-06-18 22:21:33',NULL,'1','1'),
(909,293,1,1,0,0,0,1,7,'PALA MINERA M/P THOR 77420/434','MINERA M/P THOR 77420/434',NULL,'',0,0,0,'041.021','',0,0,NULL,NULL,'G',NULL,'2011-06-18 22:23:15',NULL,'1','1'),
(910,293,1,1,0,0,0,1,7,'PALA MINERA M/P THOR 77470/434','MINERA M/P THOR 77470/434',NULL,'',0,0,0,'041.022','',0,0,NULL,NULL,'G',NULL,'2011-06-18 22:24:37',NULL,'1','1'),
(911,293,1,1,0,0,0,1,7,'PALA CUCHARA CON MANGO \"Y\" 11340','CUCHARA CON MANGO \"Y\" 11340',NULL,'',0,0,0,'.023','',0,0,NULL,NULL,'G',NULL,'2011-06-18 22:26:57',NULL,'1','1'),
(912,293,1,1,0,0,0,1,7,'PALA RECTA CON MANGO \"Y\" 11275','RECTA CON MANGO \"Y\" 11275',NULL,'',0,0,0,'041.024','',0,0,NULL,NULL,'G',NULL,'2011-06-18 22:27:50',NULL,'1','1'),
(913,293,1,1,0,0,0,1,7,'PALA CARBONERA CON MANGO \"Y\" 11425','CARBONERA CON MANGO \"Y\" 11425',NULL,'',0,0,0,'041.025','',0,0,NULL,NULL,'G',NULL,'2011-06-18 22:28:50',NULL,'1','1'),
(914,293,1,1,0,0,0,1,7,'CAVADORA ARTICULADA T/ATLAS 11480','ARTICULADA T/ATLAS 11480',NULL,'',0,0,0,'.026','',0,0,NULL,NULL,'G',NULL,'2011-06-18 22:30:11',NULL,'1','1'),
(915,293,1,1,0,0,0,1,7,'CAVADORA ARTICULADA T/HERCULES 11484','ARTICULADA T/HERCULES 11484',NULL,'',0,0,0,'041.027','',0,0,NULL,NULL,'G',NULL,'2011-06-18 22:31:25',NULL,'1','1'),
(916,293,1,1,0,0,0,1,7,'CARRETILLA 4.5 PIE RUEDA SOLIDA','4.5 PIE RUEDA SOLIDA',NULL,'',0,0,0,'.028','',0,0,NULL,NULL,'G',NULL,'2011-06-18 22:33:29',NULL,'1','1'),
(917,159,1,1,0,0,0,1,7,'BARRETA HEXAGONAL X 1.75MT','HEXAGONAL X 1.75MT',NULL,'',0,0,0,'001.003.008.002','',0,0,NULL,NULL,'G',NULL,'2011-06-18 22:35:25',NULL,'1','1'),
(918,294,1,1,0,0,0,1,7,'COMBA CON MANGO 2LB','CON MANGO 2LB',NULL,'',0,0,0,'001.003.009.006','',0,0,NULL,NULL,'G',NULL,'2011-06-18 22:37:37',NULL,'1','1'),
(919,294,1,1,0,0,0,1,7,'COMBA CON MANGO 4LB','CON MANGO 4LB',NULL,'',0,0,0,'001.003.009.007','',0,0,NULL,NULL,'G',NULL,'2011-06-18 22:38:51',NULL,'1','1'),
(920,294,1,1,0,0,0,1,7,'COMBA CON MANGO 6LB','CON MANGO 6LB',NULL,'',0,0,0,'001.003.009.008','',0,0,NULL,NULL,'G',NULL,'2011-06-18 22:40:05',NULL,'1','1'),
(921,294,1,1,0,0,0,1,7,'COMBA CON MANGO 8LB','CON MANGO 8LB',NULL,'',0,0,0,'001.003.009','',0,0,NULL,NULL,'G',NULL,'2011-06-18 22:42:05',NULL,'1','1'),
(922,294,1,1,0,0,0,1,7,'COMBA CON MANGO 10LB','CON MANGO 10LB',NULL,'',0,0,0,'001.003.009.010','',0,0,NULL,NULL,'G',NULL,'2011-06-18 22:43:20',NULL,'1','1'),
(923,294,1,1,0,0,0,1,7,'COMBA CON MANGO 12LB','CON MANGO 12LB',NULL,'',0,0,0,'001.003.009.011','',0,0,NULL,NULL,'G',NULL,'2011-06-18 22:44:21',NULL,'1','1'),
(924,293,1,1,0,0,0,1,7,'PICO SIN MANGO 5LB','SIN MANGO 5LB',NULL,'',0,0,0,'041.029','',0,0,NULL,NULL,'G',NULL,'2011-06-18 22:49:26',NULL,'1','1'),
(925,298,1,1,0,0,0,1,7,'RASTRILLO 12DTE. SIN MANGO','12DTE. SIN MANGO',NULL,'',0,0,0,'043.001','',0,0,NULL,NULL,'G',NULL,'2011-06-18 22:55:08',NULL,'1','1'),
(926,298,1,1,0,0,0,1,7,'RASTRILLO 14DTE. SIN MANGO','14DTE. SIN MANGO',NULL,'',0,0,0,'043.002','',0,0,NULL,NULL,'G',NULL,'2011-06-18 22:56:14',NULL,'1','1'),
(927,298,1,1,0,0,0,1,7,'HACHA OJO REDONDO 3.5LB SIN MANGO ','OJO REDONDO 3.5LB SIN MANGO',NULL,'',0,0,0,'043.003','',0,0,NULL,NULL,'G',NULL,'2011-06-18 22:58:12',NULL,'1','1'),
(928,298,1,1,0,0,0,1,7,'MACHETE PULIDO 18\" 127D18','PULIDO 18\" 127D18',NULL,'',0,0,0,'043.004','',0,0,NULL,NULL,'G',NULL,'2011-06-18 23:00:31',NULL,'1','1'),
(929,298,1,1,0,0,0,1,7,'MACHETE PULIDO 22\" 127D22','PULIDO 22\" 127D22',NULL,'',0,0,0,'043.005','',0,0,NULL,NULL,'G',NULL,'2011-06-18 23:01:52',NULL,'1','1'),
(930,298,1,1,0,0,0,1,7,'MACHETE PULIDO 24\" 706-24N','PULIDO 24\" 706-24N',NULL,'',0,0,0,'043.006','',0,0,NULL,NULL,'G',NULL,'2011-06-18 23:03:06',NULL,'1','1'),
(931,298,1,1,0,0,0,1,7,'CUCHILLO 12\" T/RAMBO 850-12 NIQUELADO','12\" T/RAMBO 850-12 NIQUELADO',NULL,'',0,0,0,'043.007','',0,0,NULL,NULL,'G',NULL,'2011-06-18 23:04:24',NULL,'1','1'),
(932,298,1,1,0,0,0,1,7,'CUCHILLO 12\" T/RAMBO CON FUNDA 850-12F','12\" T/RAMBO CON FUNDA 850-12F',NULL,'',0,0,0,'.008','',0,0,NULL,NULL,'G',NULL,'2011-06-18 23:05:54',NULL,'1','1'),
(933,298,1,1,0,0,0,1,7,'CUCHILLO 5\" T/CAZADOR CON FUNDA 891-05F','5\" T/CAZADOR CON FUNDA 891-05F',NULL,'',0,0,0,'.009','',0,0,NULL,NULL,'G',NULL,'2011-06-18 23:07:40',NULL,'1','1'),
(934,298,1,1,0,0,0,1,7,'ZAPAPICO SIN MANGO 5LB 070150','SIN MANGO 5LB 070150',NULL,'',79,0,0,'043.010','',0,8.9,NULL,NULL,'G',NULL,'2011-06-18 23:10:35',NULL,'1','1'),
(935,298,1,1,0,0,0,1,7,'ZAPAPICO 3.18LBS THOR 50.50CM X 10.OCM','3.18LBS THOR 50.50CM X 10.OCM',NULL,'',0,0,0,'043.011','',0,0,NULL,NULL,'G',NULL,'2011-06-18 23:13:40',NULL,'1','1'),
(936,298,1,1,0,0,0,1,7,'ZAPAPICO 5.18 LBS THOR 50.50CM X 10.OCM','5.18 LBS THOR 50.50CM X 10.OCM',NULL,'',0,0,0,'043.012','',0,0,NULL,NULL,'G',NULL,'2011-06-18 23:16:20',NULL,'1','1'),
(937,298,1,1,0,0,0,1,7,'ZAPAPICO 3.09 LBS THOR 40.OCM X 7.OCM','3.09 LBS THOR 40.OCM X 7.OCM',NULL,'',0,0,0,'043.013','',0,0,NULL,NULL,'G',NULL,'2011-06-18 23:18:50',NULL,'1','1'),
(938,298,1,1,0,0,0,1,7,'PICO PUNTA Y PALA 5.18 LBS THOR 77300/508 54CM X 4.50','PUNTA Y PALA 5.18 LBS THOR 77300/508 54CM X 4.50',NULL,'',0,0,0,'043.014','',0,0,NULL,NULL,'G',NULL,'2011-06-18 23:23:35',NULL,'1','1'),
(939,298,1,1,0,0,0,1,7,'PICO PUNTA Y PALA 5.18 LBS THOR 77300/503 54CM X 4.50','PUNTA Y PALA 5.18 LBS THOR 77300/503 54CM X 4.50',NULL,'',0,0,0,'043.015','',0,0,NULL,NULL,'G',NULL,'2011-06-18 23:25:26',NULL,'1','1'),
(940,298,1,1,0,0,0,1,7,'PICO PUNTA Y PALA 4.15 LBS THOR 77300/403 47CM X 4.50','PUNTA Y PALA 4.15 LBS THOR 77300/403 47CM X 4.50',NULL,'',0,0,0,'043.016','',0,0,NULL,NULL,'G',NULL,'2011-06-18 23:27:54',NULL,'1','1'),
(941,298,1,1,0,0,0,1,7,'RASTRILLO JARDINERO 12D THOR 77101/124','JARDINERO 12D THOR 77101/124',NULL,'',0,0,0,'.017','',0,0,NULL,NULL,'G',NULL,'2011-06-18 23:29:24',NULL,'1','1'),
(942,298,1,1,0,0,0,1,7,'RASTRILLO JARDINERO 14D THOR 77101/144','JARDINERO 14D THOR 77101/144',NULL,'',0,0,0,'043.018','',0,0,NULL,NULL,'G',NULL,'2011-06-18 23:30:28',NULL,'1','1'),
(943,298,1,1,0,0,0,1,7,'RASTRILLO JARDINERO 16D THOR 77101/164','JARDINERO 16D THOR 77101/164',NULL,'',0,0,0,'.019','',0,0,NULL,NULL,'G',NULL,'2011-06-18 23:31:53',NULL,'1','1'),
(944,298,1,1,0,0,0,1,7,'RASTRILLO AGRICULTOR 12D THOR 77110/124','AGRICULTOR 12D THOR 77110/124',NULL,'',0,0,0,'043.020','',0,0,NULL,NULL,'G',NULL,'2011-06-18 23:34:04',NULL,'1','1'),
(945,293,1,1,0,0,0,1,7,'AZADON 4\" X 11\" THOR 777/254','4\" X 11\" THOR 777/254',NULL,'',0,0,0,'041.030','',0,0,NULL,NULL,'G',NULL,'2011-06-18 23:36:28',NULL,'1','1'),
(946,293,1,1,0,0,0,1,7,'AZADON 4.1/\" 12\" THOR 77272/304','4.1/\" 12\" THOR 77272/304',NULL,'',0,0,0,'.031','',0,0,NULL,NULL,'G',NULL,'2011-06-18 23:38:16',NULL,'1','1'),
(947,293,1,1,0,0,0,1,7,'AZUELA 3.1/2\" X 7.1/2\" THOR 77275/004','3.1/2\" X 7.1/2\" THOR 77275/004',NULL,'',0,0,0,'.032','',0,0,NULL,NULL,'G',NULL,'2011-06-18 23:40:00',NULL,'1','1'),
(948,293,1,1,0,0,0,1,7,'AZUELA 3.1/2\" X 7.1/2\" CON MANGO THOR 77275/204','3.1/2\" X 7.1/2\" CON MANGO THOR 77275/204',NULL,'',7,0,0,'041.033','',0,8,NULL,NULL,'G',NULL,'2011-06-18 23:44:39',NULL,'1','1'),
(949,293,1,1,0,0,0,1,7,'BADILEJO 6\" THOR 77358/065 ','6\" THOR 77358/065',NULL,'',0,0,0,'041.034','',0,0,NULL,NULL,'G',NULL,'2011-06-18 23:49:05',NULL,'1','1'),
(950,293,1,1,0,0,0,1,7,'BADILEJO 7\" THOR 77358/075','7\" THOR 77358/075',NULL,'',0,0,0,'041.035','',0,0,NULL,NULL,'G',NULL,'2011-06-18 23:50:12',NULL,'1','1'),
(951,293,1,1,0,0,0,1,7,'BADILEJO 8\" THOR 77358/085','8\" THOR 77358/085',NULL,'',0,0,0,'041.036','',0,0,NULL,NULL,'G',NULL,'2011-06-18 23:51:13',NULL,'1','1'),
(952,293,1,1,0,0,0,1,7,'BADILEJO ANCHO 7\" THOR 77354/075','ANCHO 7\" THOR 77354/075',NULL,'',0,0,0,'041.037','',0,0,NULL,NULL,'G',NULL,'2011-06-18 23:53:55',NULL,'1','1'),
(953,293,1,1,0,0,0,1,7,'BADILEJO ANCHO 8\" THOR 77354/085','ANCHO 8\" THOR 77354/085',NULL,'',0,0,0,'041.038','',0,0,NULL,NULL,'G',NULL,'2011-06-18 23:55:08',NULL,'1','1'),
(954,293,1,1,0,0,0,1,7,'BADILEJO ANCHO 9\" THOR 77354/095','BADILEJO ANCHO 9\" THOR 77354/095',NULL,'',0,0,0,'.039','',0,0,NULL,NULL,'G',NULL,'2011-06-18 23:56:08',NULL,'1','1'),
(955,285,1,1,0,0,0,1,7,'ESPATULA RIGIDA M/P 2000 THOR 77395/025','RIGIDA M/P 2000 THOR 77395/025',NULL,'',0,0,0,'036.138','',0,0,NULL,NULL,'G',NULL,'2011-06-18 23:58:36',NULL,'1','1'),
(956,285,1,1,0,0,0,1,7,'ESPATULA RIGIDA M/P 40MM THOR','RIGIDA M/P 40MM THOR',NULL,'',0,0,0,'036.139','',0,0,NULL,NULL,'G',NULL,'2011-06-19 00:00:12',NULL,'1','1'),
(957,234,1,1,0,0,0,1,7,'ESPATULA RIGIDA M/P 60MM THOR','RIGIDA M/P 60MM THOR',NULL,'',0,0,0,'028.001','',0,0,NULL,NULL,'G',NULL,'2011-06-19 00:01:35',NULL,'1','1'),
(958,285,1,1,0,0,0,1,7,'ESPATULA RIGIDA M/P 80MM THOR','RIGIDA M/P 80MM THOR',NULL,'',0,0,0,'036.140','',0,0,NULL,NULL,'G',NULL,'2011-06-19 00:02:53',NULL,'1','1'),
(959,285,1,1,0,0,0,1,7,'ESPATULA RIGIDA M/P 100MM THOR','RIGIDA M/P 100MM THOR',NULL,'',0,0,0,'036.141','',0,0,NULL,NULL,'G',NULL,'2011-06-19 00:04:01',NULL,'1','1'),
(960,285,1,1,0,0,0,1,7,'ESPATULA RIGIDA M/P 120MM THOR ','RIGIDA M/P 120MM THOR ',NULL,'',0,0,0,'036.142','',0,0,NULL,NULL,'G',NULL,'2011-06-19 00:05:10',NULL,'1','1'),
(961,285,1,1,0,0,0,1,7,'ESPATULA FLEXIBLE M/P 30MM THOR','FLEXIBLE M/P 30MM THOR',NULL,'',0,0,0,'036.143','',0,0,NULL,NULL,'G',NULL,'2011-06-19 00:06:18',NULL,'1','1'),
(962,285,1,1,0,0,0,1,7,'ESPATULA FLEXIBLE M/P 40MM THOR','FLEXIBLE M/P 40MM THOR',NULL,'',0,0,0,'036.144','',0,0,NULL,NULL,'G',NULL,'2011-06-19 00:07:59',NULL,'1','1'),
(963,285,1,1,0,0,0,1,7,'ESPATULA FLEXIBLE M/P 60MM THOR','FLEXIBLE M/P 60MM THOR',NULL,'',0,0,0,'.145','',0,0,NULL,NULL,'G',NULL,'2011-06-19 00:09:04',NULL,'1','1'),
(964,285,1,1,0,0,0,1,7,'ESPATULA FLEXIBLE M/P 80MM THOR','FLEXIBLE M/P 80MM THOR',NULL,'',0,0,0,'.146','',0,0,NULL,NULL,'G',NULL,'2011-06-19 00:10:30',NULL,'1','1'),
(965,285,1,1,0,0,0,1,7,'ESPATULA FLEXIBLE M/P 100MM THOR','FLEXIBLE M/P 100MM THOR',NULL,'',0,0,0,'036.147','',0,0,NULL,NULL,'G',NULL,'2011-06-19 00:11:54',NULL,'1','1'),
(966,285,1,1,0,0,0,1,7,'ESPATULA FLEXIBLE M/P 120MM THOR','FLEXIBLE M/P 120MM THOR',NULL,'',0,0,0,'036.148','',0,0,NULL,NULL,'G',NULL,'2011-06-19 00:12:56',NULL,'1','1'),
(967,293,1,1,0,0,0,1,7,'PLANCHA LISA 4.3/4\" X 11\" THOR','LISA 4.3/4\" X 11\" THOR',NULL,'',0,0,0,'.040','',0,0,NULL,NULL,'G',NULL,'2011-06-19 00:15:43',NULL,'1','1'),
(968,293,1,1,0,0,0,1,7,'PLANCHA DENTADA 4.3/4\" X 11\" THOR','DENTADA 4.3/4\" X 11\" THOR',NULL,'',0,0,0,'041.041','',0,0,NULL,NULL,'G',NULL,'2011-06-19 00:16:55',NULL,'1','1'),
(969,291,1,1,0,0,0,1,7,'PEGAMENTO PVC 40ONZ REGULAR OATEY USA','PVC 40ONZ REGULAR OATEY',NULL,'',0,0,0,'039.208','',0,0,NULL,NULL,'G',NULL,'2011-06-19 00:43:31',NULL,'1','1'),
(970,291,1,1,0,0,0,1,7,'PEGAMENTO PVC 80NZ REGULAR OATEY USA','PVC 80NZ REGULAR OATEY',NULL,'',0,0,0,'039.209','',0,0,NULL,NULL,'G',NULL,'2011-06-19 00:44:39',NULL,'1','1'),
(971,291,1,1,0,0,0,1,7,'PEGAMENTO PVC 160NZ REGULAR OATEY USA','PVC 160NZ REGULAR OATEY',NULL,'',0,0,0,'039.210','',0,0,NULL,NULL,'G',NULL,'2011-06-19 00:45:32',NULL,'1','1'),
(972,291,1,1,0,0,0,1,7,'PEGAMENTO PVC 320NZ REGULAR OATEY USA','PVC 320NZ REGULAR OATEY',NULL,'',0,0,0,'039.211','',0,0,NULL,NULL,'G',NULL,'2011-06-19 00:46:24',NULL,'1','1'),
(973,291,1,1,0,0,0,1,7,'PEGAMENTO PVC 1GLN. REGULAR OATEY USA','PVC 1GLN. REGULAR OATEY',NULL,'',0,0,0,'039.212','',0,0,NULL,NULL,'G',NULL,'2011-06-19 00:47:41',NULL,'1','1'),
(974,291,1,1,0,0,0,1,7,'PEGAMENTO PVC 40NZ MEDIO OATEY USA ','PVC 40NZ MEDIO OATEY',NULL,'',0,0,0,'039.213','',0,0,NULL,NULL,'G',NULL,'2011-06-19 00:48:34',NULL,'1','1'),
(975,291,1,1,0,0,0,1,7,'PEGAMENTO PVC 80NZ MEDIO OATEY USA','PVC 80NZ MEDIO OATEY',NULL,'',0,0,0,'039.214','',0,0,NULL,NULL,'G',NULL,'2011-06-19 00:49:28',NULL,'1','1'),
(976,291,1,1,0,0,0,1,7,'PEGAMENTO PVC 160NZ MEDIO OATEY USA','PVC 160NZ MEDIO OATEY',NULL,'',0,0,0,'039.215','',0,0,NULL,NULL,'G',NULL,'2011-06-19 01:05:06',NULL,'1','1'),
(977,291,1,1,0,0,0,1,7,'PEGAMENTO PVC 320NZ MEDIO OATEY USA','PVC 320NZ MEDIO OATEY',NULL,'',0,0,0,'039.216','',0,0,NULL,NULL,'G',NULL,'2011-06-19 01:08:24',NULL,'1','1'),
(978,291,1,1,0,0,0,1,7,'PEGAMENTO PVC 1GLN. MEDIO OATEY USA','PVC 1GLN. MEDIO OATEY',NULL,'',0,0,0,'039.217','',0,0,NULL,NULL,'G',NULL,'2011-06-19 01:09:42',NULL,'1','1'),
(979,291,1,1,0,0,0,1,7,'PEGAMENTO PVC 320Z FLEXIBLE OATEY','',NULL,'',0,0,0,'039.218','',0,0,NULL,NULL,'G',NULL,'2011-06-19 01:12:34',NULL,'1','1'),
(980,291,1,1,0,0,0,1,7,'PEGAMENTO CPVC 40NZ OATEY USA','CPVC 40NZ OATEY',NULL,'',0,0,0,'039.219','',0,0,NULL,NULL,'G',NULL,'2011-06-19 01:15:26',NULL,'1','1'),
(981,291,1,1,0,0,0,1,7,'PEGAMENTO CPVC 80NZ OATEY USA',' CPVC 80NZ OATEY',NULL,'',0,0,0,'039.220','',0,0,NULL,NULL,'G',NULL,'2011-06-19 01:16:26',NULL,'1','1'),
(982,291,1,1,0,0,0,1,7,'PEGAMENTO CPVC 160NZ OATEY USA','CPVC 160NZ OATEY',NULL,'',0,0,0,'.221','',0,0,NULL,NULL,'G',NULL,'2011-06-19 01:17:25',NULL,'1','1'),
(983,291,1,1,0,0,0,1,7,'PEGAMENTO CPVC 320NZ OATEY USA','CPVC 320NZ OATEY',NULL,'',0,0,0,'039.222','',0,0,NULL,NULL,'G',NULL,'2011-06-19 01:18:29',NULL,'1','1'),
(984,291,1,1,0,0,0,1,7,'PEGAMENTO T/PROPOSITO 320Z OATEY','T/PROPOSITO 320Z OATEY',NULL,'',0,0,0,'.223','',0,0,NULL,NULL,'G',NULL,'2011-06-19 01:19:33',NULL,'1','1'),
(985,291,1,1,0,0,0,1,7,'ANILLO CERA PARA INODORO HERCULES OATEY USA','ANILLO CERA PARA INODORO',NULL,'',0,0,0,'039.224','',0,0,NULL,NULL,'G',NULL,'2011-06-19 01:20:46',NULL,'1','1'),
(986,291,1,1,0,0,0,1,7,'ANILLO CERA PARA INODORO OATEY USA','ANILLO CERA PARA INODORO',NULL,'',0,0,0,'039.225','',0,0,NULL,NULL,'G',NULL,'2011-06-19 01:22:28',NULL,'1','1'),
(987,291,1,1,0,0,0,1,7,'ANILLO CERA PARA INODORO CON CUELLO OATEY USA','ANILLO CERA PARA INODORO CON CUELLO',NULL,'',0,0,0,'039.226','',0,0,NULL,NULL,'G',NULL,'2011-06-19 01:23:27',NULL,'1','1'),
(988,291,1,1,0,0,0,1,7,'SILICONA TRANSPARENTE 280ML AKLESIL ','SILICONA TRANSPARENTE 280ML',NULL,'',0,0,0,'039.227','',0,0,NULL,NULL,'G',NULL,'2011-06-19 01:53:56',NULL,'1','1'),
(989,291,1,1,0,0,0,1,7,'SILICONA BLANCA 280ML AKLESIL','SILICONA BLANCA 280ML',NULL,'',0,0,0,'039.228','',0,0,NULL,NULL,'G',NULL,'2011-06-19 01:54:50',NULL,'1','1'),
(990,291,1,1,0,0,0,1,7,'SILICONA NEGRA 280ML AKLESIL','SILICONA NEGRA 280ML',NULL,'',0,0,0,'039.229','',0,0,NULL,NULL,'G',NULL,'2011-06-19 01:55:40',NULL,'1','1'),
(991,291,1,1,0,0,0,1,7,'SILICONA ALUMINIO 280ML AKLESIL','SILICONA ALUMINIO 280ML',NULL,'',0,0,0,'039.230','',0,0,NULL,NULL,'G',NULL,'2011-06-19 01:56:20',NULL,'1','1'),
(992,291,1,1,0,0,0,1,7,'SILICONA TRANPARENTE 280ML PRO-E ORBASIL','SILICONA TRANPARENTE 280ML PRO-E',NULL,'',0,0,0,'039.231','',0,0,NULL,NULL,'G',NULL,'2011-06-19 01:57:37',NULL,'1','1'),
(993,291,1,1,0,0,0,1,7,'SILICONA NEGRA 280ML PRO-E ORBASIL','SILICONA NEGRA 280ML PRO-E',NULL,'',0,0,0,'039.232','',0,0,NULL,NULL,'G',NULL,'2011-06-19 01:58:45',NULL,'1','1'),
(994,291,1,1,0,0,0,1,7,'SILICONA BLANCA 300ML K-91 ORBASIL','SILICONA BLANCA 300ML K-91',NULL,'',0,0,0,'039.233','',0,0,NULL,NULL,'G',NULL,'2011-06-19 01:59:42',NULL,'1','1'),
(995,291,1,1,0,0,0,1,7,'SILICONA NEGRA 300ML K-92 ORBASIL','SILICONA NEGRA 300ML K-92',NULL,'',0,0,0,'039.234','',0,0,NULL,NULL,'G',NULL,'2011-06-19 02:14:18',NULL,'1','1'),
(996,291,1,1,0,0,0,1,7,'SILICONA ALUMINIO 300ML K-91 ORBASIL','SILICONA ALUMINIO 300ML K-91',NULL,'',0,0,0,'039.235','',0,0,NULL,NULL,'G',NULL,'2011-06-19 02:15:42',NULL,'1','1'),
(997,291,1,1,0,0,0,1,7,'SILICONA ROJA 310ML K-88 ORBASIL ','SILICONA ROJA 310ML K-88',NULL,'',0,0,0,'039.236','',0,0,NULL,NULL,'G',NULL,'2011-06-19 02:17:14',NULL,'1','1'),
(998,291,1,1,0,0,0,1,7,'SILICONA TRANSAPARENTE 50ML USO DOMESTICO ORBASIL','SILICONA TRANSAPARENTE 50ML USO DOMESTICO',NULL,'',0,0,0,'039.237','',0,0,NULL,NULL,'G',NULL,'2011-06-19 02:18:04',NULL,'1','1'),
(999,291,1,1,0,0,0,1,7,'SILICONA TRANSAPARENTE 35ML SUPER SILICONA ORBASIL','SILICONA TRANSAPARENTE 35ML SUPER SILICONA',NULL,'',0,0,0,'039.238','',0,0,NULL,NULL,'G',NULL,'2011-06-19 02:19:01',NULL,'1','1'),
(1000,291,1,1,0,0,0,1,7,'MULTIFIX TRANSPARENTE BLISTER 50ML ','MULTIFIX TRANSPARENTE BLISTER 50ML ',NULL,'',0,0,0,'039.239','',0,0,NULL,NULL,'G',NULL,'2011-06-19 02:20:08',NULL,'1','1'),
(1001,291,1,1,0,0,0,1,7,'SOLDIMIX 10MINUTOS','SOLDIMIX 10MINUTOS',NULL,'',0,0,0,'039.240','',0,0,NULL,NULL,'G',NULL,'2011-06-19 02:21:06',NULL,'1','1'),
(1002,291,1,1,0,0,0,1,7,'SOLDIMIX EXTRAFUERTE','SOLDIMIX EXTRAFUERTE',NULL,'',0,0,0,'.241','',0,0,NULL,NULL,'G',NULL,'2011-06-19 02:21:47',NULL,'1','1'),
(1003,291,1,1,0,0,0,1,7,'SOLDIMIX TRIZ 3 GRAMOS ','SOLDIMIX TRIZ 3 GRAMOS ',NULL,'',0,0,0,'.242','',0,0,NULL,NULL,'G',NULL,'2011-06-19 02:23:11',NULL,'1','1'),
(1004,291,1,1,0,0,0,1,7,'SOLDIMIX PEGAMENTO INSTANTANEO','SOLDIMIX PEGAMENTO INSTANTANEO',NULL,'',0,0,0,'039.243','',0,0,NULL,NULL,'G',NULL,'2011-06-19 02:24:00',NULL,'1','1'),
(1005,291,1,1,0,0,0,1,7,'SOLDIMIX SILICONA TRANSPARENTE 25GR.','SOLDIMIX SILICONA TRANSPARENTE 25GR.',NULL,'',0,0,0,'039.244','',0,0,NULL,NULL,'G',NULL,'2011-06-19 02:24:57',NULL,'1','1'),
(1006,224,1,1,0,0,0,1,7,'DISCO DE FIBRA ASALITE ASA 60-1/2F 7\"X7/8\"','DISCO DE FIBRA 60-1/2F 7\"X7/8\"',NULL,'',0,0,0,'018.241','',0,0,NULL,NULL,'G',NULL,'2011-06-21 02:22:58',NULL,'1','1'),
(1007,224,1,1,0,0,0,1,7,'DISCO DE FIBRA ASALITE ASA 80-1/0F ','DISCO DE FIBRA ASALITE ASA 80-1/0F 7\"X7/8\"',NULL,'',0,0,0,'018.242','',0,0,NULL,NULL,'G',NULL,'2011-06-21 02:25:06',NULL,'1','1'),
(1008,224,1,1,0,0,0,1,7,'DISCO DE FIBRA ASALITE ASA 100-2/0F','DISCO DE FIBRA ASALITE ASA 100-2/0F  7\"X7/8\"',NULL,'',0,0,0,'018.243','',0,0,NULL,NULL,'G',NULL,'2011-06-21 02:26:14',NULL,'1','1'),
(1009,224,1,1,0,0,0,1,7,'DISCO DE FIBRA ASALITE ASA 120-3/0F','DISCO DE FIBRA ASALITE ASA 120-3/0F  7\"X7/8\"',NULL,'',0,0,0,'018.244','',0,0,NULL,NULL,'G',NULL,'2011-06-21 02:33:45',NULL,'1','1'),
(1010,224,1,1,0,0,0,1,7,'BANDA ASALOX 40','BANDA ASALOX 40 1/2\"X16\"',NULL,'',0,0,0,'018.245','',0,0,NULL,NULL,'G',NULL,'2011-06-21 02:45:17',NULL,'1','1'),
(1011,224,1,1,0,0,0,1,7,'BANDA ASALOX 60','BANDA ASALOX 60 1/2\"X16\"',NULL,'',0,0,0,'018.246','',0,0,NULL,NULL,'G',NULL,'2011-06-21 02:58:32',NULL,'1','1'),
(1013,224,1,1,0,0,0,1,7,'BANDA ASALOX 220','BANDA ASALOX 220 2.3/4X32.3/4',NULL,'',0,0,0,'018.248','',0,0,NULL,NULL,'G',NULL,'2011-06-21 03:40:34',NULL,'1','1'),
(1014,224,1,1,0,0,0,1,7,'BANDA ASALOX 150','BANDA ASALOX 150 2.3/4X32.3/4',NULL,'',0,0,0,'.249','',0,0,NULL,NULL,'G',NULL,'2011-06-21 03:43:52',NULL,'1','1'),
(1015,224,1,1,0,0,0,1,7,'BANDAS ASALOX 40-1./2X','BANDAS ASALOX 40-1./2X 3\"X18\"',NULL,'',0,0,0,'.250','',0,0,NULL,NULL,'G',NULL,'2011-06-21 03:46:37',NULL,'1','1'),
(1016,224,1,1,0,0,0,1,7,'BANDA ASALOX 60-1/X','BANDA ASALOX 60-1/X 3\"X18\"',NULL,'',0,0,0,'.251','',0,0,NULL,NULL,'G',NULL,'2011-06-21 03:49:25',NULL,'1','1'),
(1017,224,1,1,0,0,0,1,7,'BANDA ASALOX 80-1/0X ','BANDA ASALOX 80-1/0X  3X18\"',NULL,'',0,0,0,'.252','',0,0,NULL,NULL,'G',NULL,'2011-06-21 03:51:15',NULL,'1','1'),
(1018,299,1,1,0,0,0,1,7,'PERNOS DE ANCLAJE PARA WC ','PERNOS DE ANCLAJE PARA WC ',NULL,'',0,0,0,'044.001','',0,0,NULL,NULL,'G',NULL,'2011-07-05 22:10:26',NULL,'1','1'),
(1020,302,1,1,0,0,0,1,7,'LLAVES DE LAVADERO STD GIRATORIO C/AEREADOR PARA PARED','LLAVES DE LAVADERO STD GIRATORIO C/AEREADOR PARA PARED',NULL,'',0,0,0,'046.001.001','',0,0,NULL,NULL,'G',NULL,'2011-07-05 22:59:39',NULL,'1','1'),
(1021,233,1,1,0,0,0,1,7,'LLANTA MACIZA ','',NULL,'',0,0,0,'027.001','',0,0,NULL,NULL,'G',NULL,'2011-07-06 02:32:25',NULL,'1','1'),
(1022,233,1,1,0,0,0,1,7,'RUEDA MACIZA PARA CARRETILLA ','RUEDA MACIZA PARA CARRETILLA ',NULL,'',0,0,0,'027.002','',0,0,NULL,NULL,'G',NULL,'2011-07-06 02:36:52',NULL,'1','1'),
(1023,228,1,1,0,0,0,1,7,'LINTERNA MODELO .H6010 SONKA','',NULL,'',0,0,0,'022.002','',0,0,NULL,NULL,'G',NULL,'2011-07-07 04:30:42',NULL,'1','1'),
(1025,304,1,1,0,0,0,1,7,'PILAS ALCALINA  D GRANDE  1.5V DURACELL ','PILAS ALCALINA  D GRANDE  1.5V DURACELL ',NULL,'',0,0,0,'047.001','',0,0,NULL,NULL,'G',NULL,'2011-07-07 04:52:58',NULL,'1','1'),
(1026,291,2,1,0,0,0,1,7,'TEROKAL RECORD 56 X GLN ','TEROKAL RECORD 56  X GLN',NULL,'',0,0,0,'039.245','',0,0,NULL,NULL,'G',NULL,'2011-07-07 05:37:53',NULL,'1','1'),
(1027,235,1,1,0,0,0,1,7,'WINCHAS DE 3/4 X 5MTS STANLEY ','WINCHAS DE 3/4 X 5MTS STANLEY ',NULL,'',0,0,0,'029.002','',0,0,NULL,NULL,'G',NULL,'2011-07-07 05:50:31',NULL,'1','1'),
(1028,226,1,1,0,0,0,1,7,'PERNOS INOXIDABLES C 304 M5 X 25MM','PERNOS INOXIDABLES C 304 M5',NULL,'',0,0,0,'.001','',0,0,NULL,NULL,'G',NULL,'2011-07-07 06:09:18',NULL,'1','1'),
(1029,226,1,2,0,0,0,1,7,'TUERCAS HEXAGONALES  UNC INOXIDABLES C 304 M 5','TUERCAS HEXAGONALES  UNC INOXIDABLES C 304 M 5',NULL,'',-50,0,0,'020.002','',0,0.02975,NULL,NULL,'G',NULL,'2011-07-07 06:12:58',NULL,'1','1'),
(1030,226,1,2,0,0,0,1,7,'ARANDELAS PLANA INOXIDABLES C304 M5 ','',NULL,'',-800,0,0,'.003','',0,0.0153,NULL,NULL,'G',NULL,'2011-07-07 06:14:06',NULL,'1','1'),
(1031,226,1,2,0,0,0,1,7,'TUERCAS  INOXIDABLES M6 ','TUERCAS  INOXIDABLES M6 ',NULL,'',0,0,0,'020.004','',0,0,NULL,NULL,'G',NULL,'2011-07-07 06:15:22',NULL,'1','1'),
(1032,226,1,2,0,0,0,1,7,'PERNO M6 X 20  INOXIDABLES ','PERNO M6 X 20  INOXIDABLES ',NULL,'',0,0,0,'020.005','',0,0,NULL,NULL,'G',NULL,'2011-07-07 06:16:39',NULL,'1','1'),
(1033,226,1,1,0,0,0,1,7,'ARANDELAS PLANAS  INOXIDABLES  M6 ','ARANDELAS PLANAS  INOXIDABLES  M6 ',NULL,'',0,0,0,'020.006','',0,0,NULL,NULL,'G',NULL,'2011-07-07 22:11:28',NULL,'1','1'),
(1034,309,1,2,0,0,0,1,7,'TUBERIAS PVC CLASE 10 AGUA FRIA  1/2  PRESION  PAVCO ','TUBERIAS PVC CLASE 10 AGUA FRIA  1/2  PRESION  PAVCO ',NULL,'',0,0,0,'048.001.001.001','',0,0,NULL,NULL,'G',NULL,'2011-07-08 04:28:32',NULL,'1','1'),
(1035,309,1,2,0,0,0,1,7,'TUBERIAS PVC AGUA FRIA C10 3/4 A PRESION PAVCO','TUBERIAS PVC AGUA FRIA C10 3/4 A PRESION PAVCO',NULL,'',0,0,0,'048.001.001.002','',0,0,NULL,NULL,'G',NULL,'2011-07-08 04:30:44',NULL,'1','1'),
(1036,309,1,2,0,0,0,1,7,'TUBERIAS PVC C10  AGUA FRIA PRESION  1\"PAVCO ','TUBERIAS PVC C10  AGUA FRIA PRESION  1\" PAVCO ',NULL,'',0,0,0,'048.001.001.003','',0,0,NULL,NULL,'G',NULL,'2011-07-08 04:33:39',NULL,'1','1'),
(1037,309,1,2,0,0,0,1,7,'TUBERIAS PVC C10  1  1/4\" AGUA FRIA PRESION PAVCO ','TUBERIAS PVC C10  1  1/4\" AGUA FRIA PRESION PAVCO ',NULL,'',0,0,0,'048.001.001.004','',0,0,NULL,NULL,'G',NULL,'2011-07-08 04:35:50',NULL,'1','1'),
(1038,309,1,2,0,0,0,1,7,'TUBERIAS PVC C10 1  1/2\" AGUA PRESION PAVCO','TUBERIAS PVC C10 1  1/2\" AGUA PRESION PAVCO',NULL,'',0,0,0,'048.001.001.005','',0,0,NULL,NULL,'G',NULL,'2011-07-08 04:37:40',NULL,'1','1'),
(1039,309,1,2,0,0,0,1,7,'TUBERIA PVC AGUA FRIA PRESION C10 2\" PAVCO','TUBERIA PVC AGUA FRIA PRESION C10 2\" PAVCO',NULL,'',0,0,0,'048.001.001.006','',0,0,NULL,NULL,'G',NULL,'2011-07-08 05:39:31',NULL,'1','1'),
(1040,309,1,1,0,0,0,1,7,'TUBERIA PVC  AGUA FRIA PRESION 2  1/2 \" PAVCO','TUBERIA PVC  AGUA FRIA PRESION 2  1/2 \" PAVCO',NULL,'',0,0,0,'048.001.001.007','',0,0,NULL,NULL,'G',NULL,'2011-07-08 05:42:14',NULL,'1','1'),
(1041,309,1,2,0,0,0,1,7,'TUBERIA PVC AGUA FRIA PRESION C10  3\" PAVCO','TUBERIA PVC AGUA FRIA PRESION C10  3\" PAVCO',NULL,'',0,0,0,'048.001.001.008','',0,0,NULL,NULL,'G',NULL,'2011-07-08 05:44:32',NULL,'1','1'),
(1042,309,1,2,0,0,0,1,7,'TUBERIAS PVC AGUA FRIA PRESION C10 4\" PAVCO','TUBERIAS PVC AGUA FRIA PRESION C10 4\" PAVCO',NULL,'',0,0,0,'048.001.001.009','',0,0,NULL,NULL,'G',NULL,'2011-07-08 05:46:30',NULL,'1','1'),
(1043,309,1,2,0,0,0,1,7,'TUBERIA PVC AGUA FRIA PRESION 6\" C10 PAVCO','TUBERIA PVC AGUA FRIA PRESION 6\" C10 PAVCO',NULL,'',0,0,0,'048.001.001.010','',0,0,NULL,NULL,'G',NULL,'2011-07-08 05:48:09',NULL,'1','1'),
(1044,309,1,2,0,0,0,1,7,'TUBERIAS PVC AGUA FRIA PRESION C10 8\" C10 PAVCO','TUBERIAS PVC AGUA FRIA PRESION C10 8\" C10 PAVCO',NULL,'',0,0,0,'048.001.001.011','',0,0,NULL,NULL,'G',NULL,'2011-07-08 05:49:59',NULL,'1','1'),
(1045,309,1,2,0,0,0,1,7,'TUBERIA PVC AGUA FRIA PRESION 10\" CLASE  10  PAVCO ','TUBERIA PVC AGUA FRIA PRESION 10\" CLASE  10  PAVCO',NULL,'',0,0,0,'048.001.001.012','',0,0,NULL,NULL,'G',NULL,'2011-07-08 05:52:06',NULL,'1','1'),
(1046,309,1,2,0,0,0,1,7,'TUBERIAS PVC AGUA FRIA PRESION 12\" CLASE 10 PAVCO ','TUBERIAS PVC AGUA FRIA PRESION 12\" CLASE 10 PAVCO',NULL,'',0,0,0,'048.001.001.013','',0,0,NULL,NULL,'G',NULL,'2011-07-08 05:53:31',NULL,'1','1'),
(1047,309,1,2,0,0,0,1,7,'TUBERIA PVC AGUA FRIA PRESION 2\"  CLASE 5 PAVCO   DE','TUBERIA PVC AGUA FRIA PRESION 2\"  CLASE 5 PAVCO',NULL,'',0,0,0,'048.001.001.014','',0,0,NULL,NULL,'G',NULL,'2011-07-08 05:57:41',NULL,'1','1'),
(1048,309,1,2,0,0,0,1,7,'TUBERIA PVC AGUA FRIA PRESION  2\" CLASE 5 PAVCO','TUBERIA PVC AGUA FRIA PRESION  2\" CLASE 5 PAVCO',NULL,'',0,0,0,'048.001.001.015','',0,0,NULL,NULL,'G',NULL,'2011-07-08 06:00:20',NULL,'1','1'),
(1049,311,1,2,0,0,0,1,7,'VARILLAS DE  FIERRO CORRUCAGADO   1/4\"','VARILLAS DE  FIERRO CORRUCAGADO   1/4\"',NULL,'',0,0,0,'007.001.001','',0,0,NULL,NULL,'G',NULL,'2011-07-08 23:57:48',NULL,'1','1'),
(1050,311,1,1,0,0,0,1,7,'VARILLA DE CONSTRUCCION DE 3/8\"','VARILLA DE CONSTRUCCION DE 3/8\"',NULL,'',3,0,0,'007.001.002','',0,13.53,NULL,NULL,'G',NULL,'2011-07-09 00:04:27',NULL,'1','1'),
(1051,311,1,1,0,0,0,1,7,'VARILLA DE CONSTRUCCION DE 3/8\"','VARILLA DE CONSTRUCCION DE 3/8\"',NULL,'',0,0,0,'007.001.003','',0,0,NULL,NULL,'G',NULL,'2011-07-09 00:04:57',NULL,'1','1'),
(1052,312,1,1,0,0,0,1,7,'PLANCHAS LUPUNA DE TRIPLAY DE 4MM','PLANCHAS LUPUNA DE TRIPLAY DE 4MM',NULL,'',0,0,0,'004.004.001.001','',0,0,NULL,NULL,'G',NULL,'2011-07-09 01:07:19',NULL,'1','1'),
(1053,313,1,1,0,0,0,1,7,'LLANTA Y ARO PARA CARRETILLA BUGGI DE 6 LONAS ','LLANTA Y ARO PARA CARRETILLA BUGGI DE 6 LONAS',NULL,'',0,0,0,'016.001.001','',0,0,NULL,NULL,'G',NULL,'2011-07-09 01:26:25',NULL,'1','1'),
(1054,75,1,1,0,0,0,1,7,'CHISPERO PARA AUTOGENA  TRES ELEMNETOS  SHURLIHG','CHISPERO PARA AUTOGENA  TRES ELEMNETOS  SHURLIHG',NULL,'',0,0,0,'010.001','',0,0,NULL,NULL,'G',NULL,'2011-07-09 04:53:12',NULL,'1','1'),
(1055,56,1,1,0,0,0,1,7,'ALAMBRE DE CONSTRUCCION  N° 16 ','ALAMBRE DE CONSTRUCCION  N° 16 ',NULL,'',3,0,0,'008.001','',0,8.9,NULL,NULL,'G',NULL,'2011-07-09 05:02:20',NULL,'1','1'),
(1056,314,1,1,0,0,0,1,7,'PINTURAS ESMALTES MAESTRO COLOR VERDE CROMO ANIPSA','PINTURAS ESMALTES MAESTRO COLOR VERDE CROMO ANIPSA',NULL,'',-2,0,0,'037.001.001','',0,22,NULL,NULL,'G',NULL,'2011-07-09 05:39:02',NULL,'1','1'),
(1057,314,1,1,0,0,0,1,7,'PINTURA ESMALTE MAESTRO COLOR BLANCO ANIPSA ','PINTURA ESMALTE MAESTRO COLOR BLANCO ANIPSA ',NULL,'',0,0,0,'037.001.002','',0,0,NULL,NULL,'G',NULL,'2011-07-09 05:40:33',NULL,'1','1'),
(1058,323,1,1,0,0,0,1,7,'THINNER ACRILICO ANIPSA ','THINNER ACRILICO ANIPSA ',NULL,'',0,0,0,'049.002.001','',0,0,NULL,NULL,'G',NULL,'2011-07-09 05:45:54',NULL,'1','1'),
(1059,323,1,1,0,0,0,1,7,'THINNER STD ANIPSA ','THINNER STD ANIPSA',NULL,'',0,0,0,'049.002.002','',0,0,NULL,NULL,'G',NULL,'2011-07-09 05:46:58',NULL,'1','1'),
(1060,317,1,1,0,0,0,1,7,'PINTURA TRAFICO MAESTRO COLOR AMARILLO ANIPSA ',' TRAFICO MAESTRO COLOR AMARILLO ANIPSA ',NULL,'',0,0,0,'037.002.001','',0,0,NULL,NULL,'G',NULL,'2011-07-09 05:55:03',NULL,'1','1'),
(1061,72,1,2,0,0,0,1,7,'TUBO CUADRADO  DE FIERRO 1 X 1 X 2MM ','TUBO CUADRADO  DE FIERRO 1 X 1 X 2MM ',NULL,'',0,0,0,'002.009.001','',0,0,NULL,NULL,'G',NULL,'2011-07-13 03:29:28',NULL,'1','1'),
(1062,314,1,1,0,0,0,1,7,'PINTURA ESMALTE  SINTETICO COLOR NEGRO MATE ANIPSA ','PINTURA ESMALTE  SINTETICO COLOR NEGRO MATE ANIPSA',NULL,'',0,0,0,'037.001.003','',0,0,NULL,NULL,'G',NULL,'2011-07-13 03:38:24',NULL,'1','1'),
(1063,68,1,2,0,0,0,1,7,'TUBOS CUADRADOS  FE  1  1/4  X 2MM ES PARED ','TUBOS CUADRADOS  FE  1  1/4  X 2MM ES PARED',NULL,'',0,0,0,'002.005.001','',0,0,NULL,NULL,'G',NULL,'2011-07-13 03:47:14',NULL,'1','1'),
(1064,327,1,2,0,0,0,1,7,'VARILLAS FIERRO REDONDO LISO  3/8 X 6MTS','VARILLAS FIERRO REDONDO LISO  3/8 X 6MTS',NULL,'',14,0,0,'050.001','',0,8.9,NULL,NULL,'G',NULL,'2011-07-13 03:51:06',NULL,'1','1'),
(1065,328,1,1,0,0,0,1,7,'PLANCHAS DE FIBRAFORTE  1.10 X 3MTS X 0.25MM ESPESOR.','PLANCHAS DE FIBRAFORTE  1.10 X 3MTS X 0.25MM ESPESOR.',NULL,'',0,0,0,'004.005.001','',0,0,NULL,NULL,'G',NULL,'2011-07-13 04:00:16',NULL,'1','1'),
(1066,328,1,1,0,0,0,1,7,'PLANCHAS DE FIBRAFORTE DE 1.10 X 3MTS X 0.25MM ESP. ','PLANCHAS DE FIBRAFORTE DE 1.10 X 3MTS X 0.25MM ESP. ',NULL,'',0,0,0,'004.005.002','',0,0,NULL,NULL,'G',NULL,'2011-07-13 04:02:45',NULL,'1','1'),
(1067,328,1,1,0,0,0,1,7,'PLANCHA DE FIBRAFORTE DE DE 1.10 X 3MTS X 0.25MM ','PLANCHA DE FIBRAFORTE DE DE 1.10 X 3MTS X 0.25MM',NULL,'',0,0,0,'004.005.003','',0,0,NULL,NULL,'G',NULL,'2011-07-13 04:09:37',NULL,'1','1'),
(1068,314,1,1,0,0,0,1,7,'PINTURA ESMALTE MATE  COLOR NEGRO  ANIPSA. ','PINTURA ESMALTE MATE  COLOR NEGRO  ANIPSA.',NULL,'',0,0,0,'037.004','',0,0,NULL,NULL,'G',NULL,'2011-07-13 04:39:52',NULL,'1','1'),
(1069,314,1,1,0,0,0,1,7,'PINTURA ESMALTE SINTETICO MAESTRO AZUL ACERO SM ANIPSA','PINTURA ESMALTE SINTETICO MAESTRO AZUL ACERO SM ANIPSA',NULL,'',0,0,0,'037.001.005','',0,0,NULL,NULL,'G',NULL,'2011-07-13 04:46:05',NULL,'1','1'),
(1070,299,1,1,0,0,0,1,7,'TIRAFONES HEXAGONALES DE 1/4 X 4\"','TIRAFONES HEXAGONALES DE 1/4 X 4\"',NULL,'',0,0,0,'044.002','',0,0,NULL,NULL,'G',NULL,'2011-07-13 06:44:51',NULL,'1','1'),
(1071,299,1,1,0,0,0,1,7,'TIRAFONES CABEZA HEXAGONALDE 1/4 X 5\" ','TIRAFONES CABEZA HEXAGONALDE 1/4 X 5\" ',NULL,'',0,0,0,'044.003','',0,0,NULL,NULL,'G',NULL,'2011-07-13 06:50:42',NULL,'1','1'),
(1072,291,1,1,0,0,0,1,7,'PERMATEX CHISGUETTE TIPO AVION  ADEX ','PERMATEX CHISGUETTE TIPO AVION  ADEX',NULL,'',0,0,0,'039.246','',0,0,NULL,NULL,'G',NULL,'2011-07-13 21:18:03',NULL,'1','1'),
(1073,332,1,1,0,0,0,1,7,'CLAVOS PARA CALAMINAS  DE 2  1/2 ','CLAVOS PARA CALAMINAS  DE 2  1/2 ',NULL,'',0,0,0,'051.002.001','',0,0,NULL,NULL,'G',NULL,'2011-07-14 01:10:30',NULL,'1','1'),
(1074,291,1,1,0,0,0,1,7,'MASILLA PARA CALAMINAS BALDE X 1 KILO ','MASILLA PARA CALAMINAS BALDE X 1 KILO ',NULL,'',0,0,0,'039.247','',0,0,NULL,NULL,'G',NULL,'2011-07-14 01:22:02',NULL,'1','1'),
(1075,333,1,1,0,0,0,1,7,'TUBERIAS DE PVC DESAGUE DE  6\" X 3 MTS ','TUBERIAS DE PVC DESAGUE DE  6\" X 3 MTS',NULL,'',0,0,0,'048.003.001','',0,0,NULL,NULL,'G',NULL,'2011-07-14 03:43:16',NULL,'1','1'),
(1076,285,1,1,0,0,0,1,7,'BROCHAS   TUMI   1/2 ','BROCHAS   TUMI   1/2 ',NULL,'',0,0,0,'036.149','',0,0,NULL,NULL,'G',NULL,'2011-07-14 06:51:16',NULL,'1','1'),
(1077,75,1,1,0,0,0,1,7,'CARRETE SOLDADURA STAÑO   X 450GRMS ','CARRETE SOLDADURA STAÑO   X 450GRMS ',NULL,'',0,0,0,'010.002','',0,0,NULL,NULL,'G',NULL,'2011-07-14 06:54:11',NULL,'1','1'),
(1078,285,1,1,0,0,0,1,7,'RODILLO TORO MELON DE 9\" ','RODILLO TORO MELON DE 9\" ',NULL,'',0,0,0,'.150','',0,0,NULL,NULL,'G',NULL,'2011-07-14 06:55:29',NULL,'1','1'),
(1079,323,1,1,0,0,0,1,7,'EXTRA THINNER X 3  ANIPSA ','EXTRA THINNER X 3  ANIPSA ',NULL,'',0,0,0,'049.002.003','',0,0,NULL,NULL,'G',NULL,'2011-07-14 06:56:56',NULL,'1','1'),
(1080,334,1,1,0,0,0,1,7,'PINTURA GLOSS COLOR ALUMINIO  GRUESO ALTA TEMPERATURA ANIPSA ','PINTURA GLOSS COLOR ALUMINIO  GRUESO ALTA TEMPERATURA ANIPSA',NULL,'',0,0,0,'037.003.001','',0,0,NULL,NULL,'G',NULL,'2011-07-14 06:59:01',NULL,'1','1'),
(1081,335,1,1,0,0,0,1,7,'PINTURAS EPOXICAS COLOR GRISS 3 COMP. ANIPSA ','PINTURAS EPOXICAS COLOR GRISS 3 COMP. ANIPSA',NULL,'',0,0,0,'037.004.001','',0,0,NULL,NULL,'G',NULL,'2011-07-14 07:14:11',NULL,'1','1'),
(1082,297,1,2,0,0,0,1,7,'PUNZONES  DE NUMEROS 1 -0  DE 4MM ','PUNZONES  DE NUMEROS 1 -0  DE 4MM ',NULL,'',0,0,0,'042.003','',0,0,NULL,NULL,'G',NULL,'2011-07-14 07:27:51',NULL,'1','1'),
(1083,297,1,2,0,0,0,1,7,'PUNZONES DE LETRAS X JGO  DE 4MM ','PUNZONES DE LETRAS X JGO  DE 4MM ',NULL,'',0,0,0,'042.004','',0,0,NULL,NULL,'G',NULL,'2011-07-14 07:28:49',NULL,'1','1'),
(1084,336,1,2,0,0,0,1,7,'ESCOBILLAS DE ACERO INOXIDABLE 32 X 290MM FAESIN ','ESCOBILLAS DE ACERO INOXIDABLE 32 X 290MM FAESIN',NULL,'',0,0,0,'001.010.020.001','',0,0,NULL,NULL,'G',NULL,'2011-07-14 08:35:01',NULL,'1','1'),
(1085,338,1,2,0,0,0,1,7,'AMOLADORA BOSCH NODELO 6WS 8-125.220V 800W .125M 1100 RPM ','AMOLADORA BOSCH NODELO 6WS 8-125.220V 800W .125M 1100 RPM',NULL,'',0,0,0,'052.001','',0,0,NULL,NULL,'G',NULL,'2011-07-16 04:10:55',NULL,'1','1'),
(1086,340,1,1,0,0,0,1,7,'PLANCHAS DE TRIPLAY LUPUNA  4 X 8 X 4MM','PLANCHAS DE TRIPLAY LUPUNA  4 X 8 X 4MM',NULL,'',0,0,0,'004.004.003.001','',0,0,NULL,NULL,'G',NULL,'2011-07-16 06:52:47',NULL,'1','1'),
(1087,340,1,1,0,0,0,1,7,'PLANCHAS DE TRIPLAY LUPUNA 4 X8 X 18MM ','PLANCHAS DE TRIPLAY LUPUNA 4 X8 X 18MM ',NULL,'',0,0,0,'004.004.003.002','',0,0,NULL,NULL,'G',NULL,'2011-07-16 06:54:46',NULL,'1','1'),
(1088,129,1,1,0,0,0,1,7,'REPUESTOS DE CUCHILLA  STANLEY 1992','REPUESTOS DE CUCHILLA  STANLEY 1992',NULL,'',0,0,0,'001.010.004.001','',0,0,NULL,NULL,'G',NULL,'2011-07-16 07:18:54',NULL,'1','1'),
(1089,129,1,1,0,0,0,1,7,'REPUESTOS DE CUCHILLA  STANLEY ','REPUESTOS DE CUCHILLA  STANLEY ',NULL,'',0,0,0,'001.010.004.002','',0,0,NULL,NULL,'G',NULL,'2011-07-16 07:27:35',NULL,'1','1'),
(1090,291,1,1,0,0,0,1,7,'SILICONA TRANSPARENTE  ABRO 1000','SILICONA TRANSPARENTE  ABRO 1000',NULL,'',0,0,0,'039.248','',0,0,NULL,NULL,'G',NULL,'2011-07-18 21:10:33',NULL,'1','1'),
(1091,342,1,1,0,0,0,1,7,'PLANCHA MULTIPLACA 4 X8 X 4MM ETERNIT ','PLANCHA MULTIPLACA 4 X8 X 4MM ETERNIT ',NULL,'',0,0,0,'004.004.004.001','',0,0,NULL,NULL,'G',NULL,'2011-07-18 21:34:58',NULL,'1','1'),
(1092,293,1,1,0,0,0,1,7,'CRUCETA DE 2 LINEAS  PARA MAYOLICAS IMPORTADA','CRUCETA DE 2 LINEAS  PARA MAYOLICAS IMPORTADA',NULL,'',0,0,0,'041.042','',0,0,NULL,NULL,'G',NULL,'2011-07-18 21:54:23',NULL,'1','1'),
(1093,343,1,1,0,0,0,1,7,'MAYOLICA PARA PARED COLOR BLANCO 20 X 30 CELIMA ','MAYOLICA PARA PARED COLOR BLANCO 20 X 30 CELIMA',NULL,'',0,0,0,'053.001','',0,0,NULL,NULL,'G',NULL,'2011-07-18 22:27:06',NULL,'1','1'),
(1094,224,1,1,0,0,0,1,7,'BANDA ASALOX 80-1/0X','BANDA ASALOX 80-1/0X  3X18\"',NULL,'',0,0,0,'018.253','',0,0,NULL,NULL,'G',NULL,'2011-07-18 22:27:25',NULL,'1','1'),
(1095,343,1,1,0,0,0,1,7,'MAYOLICAS ´PARA PISO COLOR MADERA  40X40  CELIMA ','MAYOLICAS ´PARA PISO COLOR MADERA  40 X40  CELIMA',NULL,'',0,0,0,'053.002','',0,0,NULL,NULL,'G',NULL,'2011-07-18 22:28:49',NULL,'1','1'),
(1096,224,1,1,0,0,0,1,7,'BANDA ASALOX 100-2/0X','BANDA ASALOX 100-2/0X 3\"X18\"',NULL,'',0,0,0,'018.254','',0,0,NULL,NULL,'G',NULL,'2011-07-18 22:29:51',NULL,'1','1'),
(1097,291,1,1,0,0,0,1,7,'PEGAMENTOS PARA MAYOLICA CELIMA  BOLSA X 25 KILOS ','PEGAMENTOS PARA MAYOLICA CELIMA  BOLSA X 25 KILOS',NULL,'',0,0,0,'039.249','',0,0,NULL,NULL,'G',NULL,'2011-07-18 22:31:33',NULL,'1','1'),
(1098,224,1,1,0,0,0,1,7,'BANDA ASALOX 120-','BANDA ASALOX 120- 3\"X18\"',NULL,'',0,0,0,'018.255','',0,0,NULL,NULL,'G',NULL,'2011-07-18 22:31:36',NULL,'1','1'),
(1099,224,1,1,0,0,0,1,7,'BANDA ASALOX 36-2X ','BANDA ASALOX 36-2X  3\"X21\"',NULL,'',0,0,0,'018.256','',0,0,NULL,NULL,'G',NULL,'2011-07-18 22:33:13',NULL,'1','1'),
(1100,224,1,1,0,0,0,1,7,'BANDA ASALOX 40-1.1/2X','BANDA ASALOX 40-1.1/2X 3\"X21\"',NULL,'',0,0,0,'018.257','',0,0,NULL,NULL,'G',NULL,'2011-07-18 22:34:42',NULL,'1','1'),
(1101,224,1,1,0,0,0,1,7,'BANDA ASALOX 50-1X','BANDA ASALOX 50-1X 3\"X21\"',NULL,'',0,0,0,'018.258','',0,0,NULL,NULL,'G',NULL,'2011-07-18 22:52:50',NULL,'1','1'),
(1102,224,1,1,0,0,0,1,7,'BANDA ASALOX 60-1/2X','BANDA ASALOX 60-1/2X 3\"X21\"',NULL,'',0,0,0,'018.259','',0,0,NULL,NULL,'G',NULL,'2011-07-18 22:54:43',NULL,'1','1'),
(1103,224,1,1,0,0,0,1,7,'BANDA ASALOX 80-1/0X','BANDA ASALOX 80-1/0X 3\"X21\"',NULL,'',0,0,0,'018.260','',0,0,NULL,NULL,'G',NULL,'2011-07-18 22:58:32',NULL,'1','1'),
(1104,224,1,1,0,0,0,1,7,'BANDA ASALOX 100-2/0X','BANDA ASALOX 100-2/0X 3\"X21\"',NULL,'',0,0,0,'018.261','',0,0,NULL,NULL,'G',NULL,'2011-07-18 23:00:31',NULL,'1','1'),
(1105,344,1,1,0,0,0,1,7,'PINTURA LATEX DECORATIVA BALDE X 5 GLANS BLANCO MAESTRO','PINTURA LATEX DECORATIVA BALDE X 5 GLANS BLANCO MAESTRO',NULL,'',0,0,0,'037.005.001','',0,0,NULL,NULL,'G',NULL,'2011-07-18 23:03:16',NULL,'1','1'),
(1106,224,1,1,0,0,0,1,7,'BANDA ASALOX 120-200','BANDA ASALOX 120-200 3\"X21\"',NULL,'',0,0,0,'018.262','',0,0,NULL,NULL,'G',NULL,'2011-07-18 23:03:43',NULL,'1','1'),
(1107,314,1,1,0,0,0,1,7,'PINTURA ESMALTE MAESTRO COLOR CAOBA ANIPSA ','PINTURA ESMALTE MAESTRO COLOR CAOBA ANIPSA',NULL,'',0,0,0,'037.001.006','',0,0,NULL,NULL,'G',NULL,'2011-07-18 23:05:34',NULL,'1','1'),
(1108,346,1,1,0,0,0,1,7,'PORCELANA BLANCA PRESENTACION BOLSA X  1KL. LAZARO.','PORCELANA BLANCA PRESENTACION BOLSA X  1KL. LAZARO',NULL,'',0,0,0,'021.004.001.001','',0,0,NULL,NULL,'G',NULL,'2011-07-18 23:35:31',NULL,'1','1'),
(1109,224,1,1,0,0,0,1,7,'BANDA ASALOX 36-X','BANDA ASALOX 36-X 4\"X21\"',NULL,'',0,0,0,'018.263','',0,0,NULL,NULL,'G',NULL,'2011-07-18 23:46:45',NULL,'1','1'),
(1110,224,1,1,0,0,0,1,7,'BANDA ASALOX 40-1/2X','BANDA ASALOX 40-1/2X 4\"X21\"',NULL,'',0,0,0,'018.264','',0,0,NULL,NULL,'G',NULL,'2011-07-18 23:51:43',NULL,'1','1'),
(1111,224,1,1,0,0,0,1,7,'BANDA ASALOX 60-1/2X','BANDA ASALOX 60-1/2X 4\"X21\"',NULL,'',0,0,0,'018.265','',0,0,NULL,NULL,'G',NULL,'2011-07-18 23:59:05',NULL,'1','1'),
(1112,224,1,1,0,0,0,1,7,'BANDA ASALOX 80-1/0X','BANDA ASALOX 80-1/0X 4\"X21\"',NULL,'',0,0,0,'018.266','',0,0,NULL,NULL,'G',NULL,'2011-07-19 00:03:36',NULL,'1','1'),
(1113,224,1,1,0,0,0,1,7,'BANDA ASALOX 100-2/0X','BANDA ASALOX 100-2/0X 4\"X21\"',NULL,'',0,0,0,'018.267','',0,0,NULL,NULL,'G',NULL,'2011-07-19 00:08:54',NULL,'1','1'),
(1114,224,1,1,0,0,0,1,7,'BANDA ASALOX 120- 4\"X21\"','BANDA ASALOX 120- 4\"X21\"',NULL,'',0,0,0,'018.268','',0,0,NULL,NULL,'G',NULL,'2011-07-19 00:16:47',NULL,'1','1'),
(1115,224,1,1,0,0,0,1,7,'BANDA ASALOX 36-2X 4\"X24\"','BANDA ASALOX 36-2X 4\"X24\"',NULL,'',0,0,0,'018.269','',0,0,NULL,NULL,'G',NULL,'2011-07-19 00:18:09',NULL,'1','1'),
(1116,224,1,1,0,0,0,1,7,'BANDA ASALOX 40-1.1/2X ','BANDA ASALOX 40-1.1/2X  4\"X24\"',NULL,'',0,0,0,'018.270','',0,0,NULL,NULL,'G',NULL,'2011-07-19 01:37:45',NULL,'1','1'),
(1117,224,1,1,0,0,0,1,7,'BANDA ASALOX  50-1X','BANDA ASALOX  50-1X 4\"X24\"',NULL,'',0,0,0,'018.271','',0,0,NULL,NULL,'G',NULL,'2011-07-19 01:57:49',NULL,'1','1'),
(1118,224,1,1,0,0,0,1,7,'BANDA ASALOX 60-1/X 4\"X24\"','',NULL,'',0,0,0,'018.272','',0,0,NULL,NULL,'G',NULL,'2011-07-19 03:08:38',NULL,'1','1'),
(1119,224,1,1,0,0,0,1,7,'BANDA ASALOX 60-1/2X','BANDA ASALOX 60-1/2X 4\"X24\"',NULL,'',0,0,0,'018.273','',0,0,NULL,NULL,'G',NULL,'2011-07-19 03:10:24',NULL,'1','1'),
(1120,311,1,1,0,0,0,1,7,'VARILLAS DE FIERROS CONSTRUCCION DE 3/8 ACEROS AREQUIPA ','VARILLAS DE FIERROS CONSTRUCCION DE 3/8 ACEROS AREQUIPA ',NULL,'',0,0,0,'007.001.004','',0,0,NULL,NULL,'G',NULL,'2011-07-19 05:52:53',NULL,'1','1'),
(1121,311,1,1,0,0,0,1,7,'VARILLAS DE FIERRO CONSTRUCCION  FE NE 1/2 ACEROS AREQUIPA ','VARILLAS DE FIERRO CONSTRUCCION  FE NE 1/2 ACEROS AREQUIPA',NULL,'',0,0,0,'007.001.005','',0,21.61,NULL,NULL,'G',NULL,'2011-07-19 05:54:15',NULL,'1','1'),
(1122,224,1,1,0,0,0,1,7,'BANDA ASALOX  60-1/2X','BANDA ASALOX 60-1/2X 4\"X24\"',NULL,'',0,0,0,'018.274','',0,0,NULL,NULL,'G',NULL,'2011-07-19 20:50:19',NULL,'1','1'),
(1123,224,1,1,0,0,0,1,7,'BANDA ASALOX 80-1/0X','BANDA ASALOX 80-1/0X 4\"X24\"',NULL,'',0,0,0,'018.275','',0,0,NULL,NULL,'G',NULL,'2011-07-19 20:51:23',NULL,'1','1'),
(1124,224,1,1,0,0,0,1,7,'BANDA ASALOX 100-2/0X','BANDA ASALOX 100-2/0X 4\"X24\"',NULL,'',0,0,0,'018.276','',0,0,NULL,NULL,'G',NULL,'2011-07-19 20:52:41',NULL,'1','1'),
(1125,224,1,1,0,0,0,1,7,'BANDA ASALOX 120','BANDA ASALOX 120 4\"X24\"',NULL,'',0,0,0,'018.277','',0,0,NULL,NULL,'G',NULL,'2011-07-19 20:54:07',NULL,'1','1'),
(1126,224,1,1,0,0,0,1,7,'PAPEL FLOREX 20-3.1/2T','PAPEL FLOREX 20-3.1/2T 12\"X50MT',NULL,'',0,0,0,'.278','',0,0,NULL,NULL,'G',NULL,'2011-07-19 21:39:09',NULL,'1','1'),
(1127,224,1,1,0,0,0,1,7,'PAPEL FLOREX 24-3.1/2T','PAPEL FLOREX 24-3.1/2T 12\"X50MT POR ROLLO',NULL,'',0,0,0,'018.279','',0,0,NULL,NULL,'G',NULL,'2011-07-19 21:55:24',NULL,'1','1'),
(1128,224,1,1,0,0,0,1,7,'PAPEL FLOREX 40-3.1/2T','PAPEL FLOREX 40-3.1/2T 12\"X50MT POR ROLLO',NULL,'',0,0,0,'018.280','',0,0,NULL,NULL,'G',NULL,'2011-07-19 22:08:00',NULL,'1','1'),
(1129,347,1,1,0,0,0,1,7,'PLANCHAS DE POLICARBONATO SOLIDO COMPACTO DE 10MM  INCOLORO 3.05 X 2-05MTS  BAYER','PLANCHAS DE POLICARBONATO SOLIDO COMPACTO DE 10MM  INCOLORO 3.05 X 2-05MTS  BAYER','','',0,0,0,'004.006.001','',0,0,NULL,NULL,'G',NULL,'2011-07-20 03:38:59',NULL,'1','1');

/*Table structure for table `productoatributo` */

DROP TABLE IF EXISTS `productoatributo`;

CREATE TABLE `productoatributo` (
  `PRODATRIB_Codigo` int(11) NOT NULL AUTO_INCREMENT,
  `PROD_Codigo` int(11) NOT NULL,
  `COMPP_Codigo` int(11) NOT NULL,
  `PRODATRIB_Descripcion` varchar(250) DEFAULT NULL,
  `PRODATRIB_DescripcionAmpliada` varchar(250) DEFAULT NULL,
  `PRODATRIB_Cantidad` int(11) NOT NULL,
  `PRODATRIB_Archivo` varchar(250) DEFAULT NULL,
  `PRODATRIB_FechaModificacion` datetime DEFAULT NULL,
  `PRODATRIB_FechaRegistro` timestamp NOT NULL DEFAULT CURRENT_TIMESTAMP,
  PRIMARY KEY (`PRODATRIB_Codigo`),
  KEY `FK_productoatributo_producto` (`PROD_Codigo`),
  KEY `FK_productoatributo_compania` (`COMPP_Codigo`),
  CONSTRAINT `FK_productoatributo_compania` FOREIGN KEY (`COMPP_Codigo`) REFERENCES `compania` (`COMPP_Codigo`) ON DELETE NO ACTION ON UPDATE NO ACTION,
  CONSTRAINT `FK_productoatributo_producto` FOREIGN KEY (`PROD_Codigo`) REFERENCES `producto` (`PROD_Codigo`) ON DELETE NO ACTION ON UPDATE NO ACTION
) ENGINE=InnoDB AUTO_INCREMENT=15 DEFAULT CHARSET=utf8;

/*Data for the table `productoatributo` */

insert  into `productoatributo`(`PRODATRIB_Codigo`,`PROD_Codigo`,`COMPP_Codigo`,`PRODATRIB_Descripcion`,`PRODATRIB_DescripcionAmpliada`,`PRODATRIB_Cantidad`,`PRODATRIB_Archivo`,`PRODATRIB_FechaModificacion`,`PRODATRIB_FechaRegistro`) values 
(4,4,1,'ADSFASDFB123','ASDFASDF 123',180,'',NULL,'2014-10-06 19:37:20'),
(5,5,1,'SDFDSA','ASDF',3,'',NULL,'2014-10-06 19:47:57'),
(6,526,1,'EWRWR','3RFEW',0,'',NULL,'2014-10-06 19:48:02'),
(9,88,1,'RWEQR','QWER',3,'',NULL,'2014-10-07 14:49:16'),
(10,81,1,'2342','4243',3,'',NULL,'2014-10-07 14:49:24'),
(11,859,1,'234234','234234',4,'',NULL,'2014-10-07 14:49:33'),
(12,88,1,'42324','4234',3,'',NULL,'2014-10-07 14:49:42'),
(13,88,1,'234','4234',4,'',NULL,'2014-10-07 14:49:49'),
(14,80,1,'567567','567567',7,'',NULL,'2014-10-07 14:50:55');

/*Table structure for table `productoatributodetalle` */

DROP TABLE IF EXISTS `productoatributodetalle`;

CREATE TABLE `productoatributodetalle` (
  `PRODATRIBDET_Codigo` int(11) NOT NULL AUTO_INCREMENT,
  `PRODATRIB_Codigo` int(11) NOT NULL,
  `COMPP_Codigo` int(11) NOT NULL,
  `PRODATRIBDET_Descripcion` varchar(250) DEFAULT NULL,
  `PRODATRIBDET_DescripcionAmpliada` varchar(250) DEFAULT NULL,
  `PRODATRIBDET_Numero` int(11) NOT NULL,
  `PRODATRIBDET_Caracteristica1` varchar(250) DEFAULT NULL,
  `PRODATRIBDET_Caracteristica2` varchar(250) DEFAULT NULL,
  `PRODATRIBDET_Caracteristica3` varchar(250) DEFAULT NULL,
  `PRODATRIBDET_Caracteristica4` varchar(250) DEFAULT NULL,
  `PRODATRIBDET_Caracteristica5` varchar(250) DEFAULT NULL,
  `PRODATRIBDET_FechaModificacion` datetime DEFAULT NULL,
  `PRODATRIBDET_FechaRegistro` timestamp NOT NULL DEFAULT CURRENT_TIMESTAMP,
  PRIMARY KEY (`PRODATRIBDET_Codigo`),
  KEY `FK_productoatributodetalle_productoatributo` (`PRODATRIB_Codigo`),
  KEY `FK_productoatributodetalle_compania` (`COMPP_Codigo`),
  CONSTRAINT `FK_productoatributodetalle_compania` FOREIGN KEY (`COMPP_Codigo`) REFERENCES `compania` (`COMPP_Codigo`) ON DELETE NO ACTION ON UPDATE NO ACTION,
  CONSTRAINT `FK_productoatributodetalle_productoatributo` FOREIGN KEY (`PRODATRIB_Codigo`) REFERENCES `productoatributo` (`PRODATRIB_Codigo`) ON DELETE NO ACTION ON UPDATE NO ACTION
) ENGINE=InnoDB AUTO_INCREMENT=15 DEFAULT CHARSET=utf8;

/*Data for the table `productoatributodetalle` */

insert  into `productoatributodetalle`(`PRODATRIBDET_Codigo`,`PRODATRIB_Codigo`,`COMPP_Codigo`,`PRODATRIBDET_Descripcion`,`PRODATRIBDET_DescripcionAmpliada`,`PRODATRIBDET_Numero`,`PRODATRIBDET_Caracteristica1`,`PRODATRIBDET_Caracteristica2`,`PRODATRIBDET_Caracteristica3`,`PRODATRIBDET_Caracteristica4`,`PRODATRIBDET_Caracteristica5`,`PRODATRIBDET_FechaModificacion`,`PRODATRIBDET_FechaRegistro`) values 
(4,13,1,'NUEVO VIDEO 8','NUEVO VIDEO',1,'2','3','4','5','6','2014-10-08 12:47:30','2014-10-08 08:41:45'),
(5,14,1,'ULA ULA','1',2,'3','4','5','6','7',NULL,'2014-10-08 09:35:56'),
(6,6,1,'1','2',3,'4','5','6','7','8',NULL,'2014-10-08 09:36:24'),
(7,4,1,'545','545',54,'54','54','5','5','5',NULL,'2014-10-08 09:36:50'),
(8,9,1,'45','54',54,'54','54','54','54','5',NULL,'2014-10-08 09:37:02'),
(9,9,1,'654','65',65,'65','5','4','56','654',NULL,'2014-10-08 09:37:16'),
(10,6,1,'654','456',456,'65','654','65','65','65',NULL,'2014-10-08 09:37:30'),
(11,6,1,'65','65',65,'456','456','456','65','645',NULL,'2014-10-08 09:37:41'),
(12,5,1,'456','456',456,'456','456','546','56','65',NULL,'2014-10-08 09:37:52'),
(13,14,1,'456','546',56,'54','56','56','56','56',NULL,'2014-10-08 09:38:03'),
(14,4,1,'456','546',5,'56','54','','','',NULL,'2014-10-08 09:38:14');

/*Table structure for table `productoprecio` */

DROP TABLE IF EXISTS `productoprecio`;

CREATE TABLE `productoprecio` (
  `PRODPREP_Codigo` int(11) NOT NULL AUTO_INCREMENT,
  `PROD_Codigo` int(11) NOT NULL,
  `MONED_Codigo` int(11) NOT NULL,
  `PRODPREC_Precio` double NOT NULL,
  `PRODPREC_FechaRegistro` timestamp NOT NULL DEFAULT CURRENT_TIMESTAMP,
  `PRODPREC_FechaModificacion` datetime DEFAULT NULL,
  `PRODPREC_FlagEstado` char(1) NOT NULL DEFAULT '1',
  PRIMARY KEY (`PRODPREP_Codigo`),
  UNIQUE KEY `PROD_Codigo` (`PROD_Codigo`,`MONED_Codigo`),
  KEY `FK_cji_productoprecio_moneda` (`MONED_Codigo`),
  CONSTRAINT `FK_cji_productoprecio_producto` FOREIGN KEY (`PROD_Codigo`) REFERENCES `producto` (`PROD_Codigo`) ON DELETE NO ACTION ON UPDATE NO ACTION,
  CONSTRAINT `FK_productoprecio_moneda` FOREIGN KEY (`MONED_Codigo`) REFERENCES `moneda` (`MONED_Codigo`) ON DELETE NO ACTION ON UPDATE NO ACTION
) ENGINE=InnoDB DEFAULT CHARSET=utf8;

/*Data for the table `productoprecio` */

/*Table structure for table `proveedor` */

DROP TABLE IF EXISTS `proveedor`;

CREATE TABLE `proveedor` (
  `PROVP_Codigo` int(11) NOT NULL AUTO_INCREMENT,
  `EMPRP_Codigo` int(11) NOT NULL,
  `COMPP_Codigo` int(11) NOT NULL,
  `PROVC_FechaRegistro` timestamp NULL DEFAULT CURRENT_TIMESTAMP,
  `PROVC_FechaModificacion` datetime DEFAULT NULL,
  `PROVC_TipoPersona` char(1) DEFAULT NULL COMMENT '0::Persona Natural, 1 :Persona Juridica',
  `PROVC_FlagEstado` char(1) DEFAULT '1',
  PRIMARY KEY (`PROVP_Codigo`),
  KEY `fk_CJ_PROVEEDOR_CJ_EMPRESA1` (`EMPRP_Codigo`),
  KEY `COMPP_Codigo` (`COMPP_Codigo`)
) ENGINE=InnoDB AUTO_INCREMENT=76 DEFAULT CHARSET=latin1;

/*Data for the table `proveedor` */

insert  into `proveedor`(`PROVP_Codigo`,`EMPRP_Codigo`,`COMPP_Codigo`,`PROVC_FechaRegistro`,`PROVC_FechaModificacion`,`PROVC_TipoPersona`,`PROVC_FlagEstado`) values 
(0,0,1,'2011-02-22 21:32:58',NULL,'1','1'),
(1,1,1,'2011-01-08 23:30:35',NULL,'1','0'),
(2,2,1,'2011-01-09 01:13:01',NULL,'1','0'),
(3,0,1,'2011-01-09 01:13:59',NULL,'0','1'),
(4,3,1,'2011-01-09 03:13:40',NULL,'1','1'),
(5,11,1,'2011-01-22 04:28:13',NULL,'1','1'),
(6,12,1,'2011-01-22 04:36:28',NULL,'1','1'),
(7,13,1,'2011-01-22 04:43:55',NULL,'1','1'),
(8,14,1,'2011-01-22 04:47:46',NULL,'1','1'),
(9,15,1,'2011-01-22 04:51:25',NULL,'1','1'),
(10,16,1,'2011-01-22 05:04:44',NULL,'1','1'),
(11,0,1,'2011-01-22 05:12:36',NULL,'0','1'),
(12,18,1,'2011-01-22 05:24:50',NULL,'1','1'),
(13,19,1,'2011-01-22 05:41:35',NULL,'1','1'),
(14,0,1,'2011-01-22 05:53:07',NULL,'0','1'),
(15,20,1,'2011-01-22 05:56:49',NULL,'1','1'),
(16,21,1,'2011-01-22 06:03:43',NULL,'1','1'),
(17,22,1,'2011-01-22 06:07:38',NULL,'1','1'),
(18,23,1,'2011-01-22 06:11:50',NULL,'1','1'),
(19,24,1,'2011-01-22 06:35:06',NULL,'1','1'),
(20,25,1,'2011-01-22 06:39:16',NULL,'1','1'),
(21,26,1,'2011-01-22 06:41:11',NULL,'1','1'),
(22,27,1,'2011-01-22 06:43:31',NULL,'1','1'),
(23,28,1,'2011-01-22 06:45:34',NULL,'1','1'),
(24,29,1,'2011-01-22 06:55:53',NULL,'1','1'),
(25,30,1,'2011-01-22 07:03:09',NULL,'1','0'),
(26,31,1,'2011-01-22 07:03:10',NULL,'1','1'),
(27,32,1,'2011-01-22 07:05:35',NULL,'1','1'),
(28,33,1,'2011-01-22 07:08:15',NULL,'1','1'),
(29,34,1,'2011-01-22 07:10:21',NULL,'1','1'),
(30,35,1,'2011-01-22 07:12:24',NULL,'1','1'),
(31,36,1,'2011-01-22 07:14:53',NULL,'1','1'),
(32,37,1,'2011-01-22 07:17:14',NULL,'1','1'),
(33,38,1,'2011-01-22 07:19:31',NULL,'1','1'),
(34,39,1,'2011-01-22 07:22:51',NULL,'1','1'),
(35,40,1,'2011-01-22 07:24:51',NULL,'1','1'),
(36,41,1,'2011-01-22 07:26:57',NULL,'1','1'),
(37,42,1,'2011-01-22 07:29:52',NULL,'1','1'),
(38,60,1,'2011-01-23 00:05:14',NULL,'1','1'),
(39,61,1,'2011-01-23 00:08:03',NULL,'1','1'),
(40,62,1,'2011-01-23 00:11:10',NULL,'1','1'),
(41,63,1,'2011-01-23 00:32:04',NULL,'1','1'),
(42,64,1,'2011-01-23 00:41:47',NULL,'1','1'),
(43,65,1,'2011-01-23 00:44:44',NULL,'1','1'),
(44,66,1,'2011-01-23 00:59:59',NULL,'1','1'),
(45,67,1,'2011-01-23 01:02:31',NULL,'1','1'),
(46,68,1,'2011-01-23 01:08:21',NULL,'1','1'),
(47,69,1,'2011-01-23 01:11:40',NULL,'1','1'),
(48,70,1,'2011-01-23 01:16:08',NULL,'1','1'),
(49,71,1,'2011-01-23 01:20:19',NULL,'1','1'),
(50,72,1,'2011-01-23 01:29:25',NULL,'1','1'),
(51,73,1,'2011-01-23 01:38:41',NULL,'1','1'),
(52,74,1,'2011-01-23 01:40:52',NULL,'1','1'),
(53,75,1,'2011-01-23 01:43:59',NULL,'1','1'),
(54,76,1,'2011-01-23 01:47:47',NULL,'1','1'),
(55,77,1,'2011-01-23 01:51:54',NULL,'1','1'),
(56,78,1,'2011-01-23 01:54:50',NULL,'1','1'),
(57,79,1,'2011-01-23 01:57:17',NULL,'1','1'),
(58,80,1,'2011-01-23 02:00:27',NULL,'1','1'),
(59,82,1,'2011-05-25 05:15:27',NULL,'1','1'),
(60,83,1,'2011-06-10 03:03:09',NULL,'1','1'),
(61,84,1,'2011-06-11 04:59:13',NULL,'1','1'),
(62,85,1,'2011-06-13 23:35:35',NULL,'1','0'),
(63,86,1,'2011-06-13 23:40:11',NULL,'1','0'),
(64,87,1,'2011-07-06 01:57:43',NULL,'1','1'),
(65,88,1,'2011-07-07 04:47:33',NULL,'1','1'),
(66,89,1,'2011-07-07 06:06:37',NULL,'1','1'),
(67,90,1,'2011-07-08 04:24:46',NULL,'1','1'),
(68,91,1,'2011-07-09 01:01:22',NULL,'1','1'),
(69,92,1,'2011-07-13 06:42:51',NULL,'1','1'),
(70,93,1,'2011-07-14 02:02:08',NULL,'1','1'),
(71,94,1,'2011-07-16 04:06:46',NULL,'1','1'),
(72,95,1,'2011-07-16 06:32:44',NULL,'1','1'),
(73,96,1,'2011-07-18 22:20:16',NULL,'1','1'),
(74,97,1,'2011-07-20 03:46:32',NULL,'1','1'),
(75,98,1,'2011-07-22 08:53:43',NULL,'1','1');

/*Table structure for table `proyecto` */

DROP TABLE IF EXISTS `proyecto`;

CREATE TABLE `proyecto` (
  `PROYP_Codigo` int(11) NOT NULL AUTO_INCREMENT,
  `PROYC_Nombre` varchar(50) NOT NULL,
  `PROYC_Descripcion` text,
  `PROYC_FechaInicio` date DEFAULT NULL,
  `PROYC_FechaFin` date DEFAULT NULL,
  `DIREP_Codigo` int(11) DEFAULT NULL,
  `COMPP_Codigo` int(11) NOT NULL,
  `PROYC_FechaRegistro` timestamp NOT NULL DEFAULT CURRENT_TIMESTAMP,
  `PROYC_FechaModificacion` datetime DEFAULT NULL,
  `PROYC_FlagEstado` char(1) NOT NULL DEFAULT '1',
  `PROYC_CodigoUsuario` int(11) NOT NULL,
  PRIMARY KEY (`PROYP_Codigo`),
  KEY `COMPP_Codigo` (`COMPP_Codigo`),
  KEY `DIREP_Codigo` (`DIREP_Codigo`),
  KEY `PROYC_CodigoUsuario` (`PROYC_CodigoUsuario`)
) ENGINE=InnoDB AUTO_INCREMENT=2 DEFAULT CHARSET=utf8;

/*Data for the table `proyecto` */

insert  into `proyecto`(`PROYP_Codigo`,`PROYC_Nombre`,`PROYC_Descripcion`,`PROYC_FechaInicio`,`PROYC_FechaFin`,`DIREP_Codigo`,`COMPP_Codigo`,`PROYC_FechaRegistro`,`PROYC_FechaModificacion`,`PROYC_FlagEstado`,`PROYC_CodigoUsuario`) values 
(1,'proyecto1 mooooooooood','descrip dddd dddd','2011-08-01','2011-08-08',5,1,'2011-08-01 09:35:26','2011-08-01 10:35:31','1',7);

/*Table structure for table `requisicion` */

DROP TABLE IF EXISTS `requisicion`;

CREATE TABLE `requisicion` (
  `copdrequis` int(11) NOT NULL AUTO_INCREMENT,
  PRIMARY KEY (`copdrequis`)
) ENGINE=InnoDB DEFAULT CHARSET=latin1;

/*Data for the table `requisicion` */

/*Table structure for table `rol` */

DROP TABLE IF EXISTS `rol`;

CREATE TABLE `rol` (
  `ROL_Codigo` int(11) NOT NULL AUTO_INCREMENT,
  `COMPP_Codigo` int(11) NOT NULL,
  `ROL_Descripcion` varchar(150) DEFAULT NULL,
  `ROL_FechaRegistro` timestamp NOT NULL DEFAULT CURRENT_TIMESTAMP ON UPDATE CURRENT_TIMESTAMP,
  `ROL_FechaModificacion` datetime DEFAULT NULL,
  `ROL_FlagEstado` char(1) DEFAULT '1',
  PRIMARY KEY (`ROL_Codigo`),
  KEY `COMPP_Codigo` (`COMPP_Codigo`),
  CONSTRAINT `FK_rol_compania` FOREIGN KEY (`COMPP_Codigo`) REFERENCES `compania` (`COMPP_Codigo`) ON DELETE NO ACTION ON UPDATE NO ACTION
) ENGINE=InnoDB AUTO_INCREMENT=5 DEFAULT CHARSET=utf8;

/*Data for the table `rol` */

insert  into `rol`(`ROL_Codigo`,`COMPP_Codigo`,`ROL_Descripcion`,`ROL_FechaRegistro`,`ROL_FechaModificacion`,`ROL_FlagEstado`) values 
(1,1,'Vendedor','2011-02-16 22:58:01',NULL,'1'),
(2,1,'Contabilidad','2011-02-16 22:58:01',NULL,'1'),
(3,1,'Almacen','2011-02-16 22:58:01',NULL,'1'),
(4,1,'Logistico','2011-02-16 22:58:01',NULL,'1');

/*Table structure for table `serie` */

DROP TABLE IF EXISTS `serie`;

CREATE TABLE `serie` (
  `SERIP_Codigo` int(11) NOT NULL AUTO_INCREMENT,
  `PROD_Codigo` int(11) NOT NULL,
  `SERIC_Numero` varchar(50) DEFAULT NULL,
  `SERIC_Inv` int(11) DEFAULT NULL,
  `SERIC_Guiain` int(11) DEFAULT NULL,
  `SERIC_Guiasa` int(11) DEFAULT NULL,
  `SERIC_Guiarem` int(11) DEFAULT NULL,
  `SERIC_Fact` int(11) DEFAULT NULL,
  `SERIC_Boleta` int(11) DEFAULT NULL,
  `SERIC_Ncredito` int(11) DEFAULT NULL,
  `SERIC_Ndebito` int(11) DEFAULT NULL,
  `SERIC_FechaRegistro` timestamp NOT NULL DEFAULT CURRENT_TIMESTAMP,
  `SERIC_FechaModificacion` datetime DEFAULT NULL,
  `SERIC_FlagEstado` char(1) NOT NULL DEFAULT '1',
  PRIMARY KEY (`SERIP_Codigo`),
  KEY `fk_cji_serie_cji_producto1` (`PROD_Codigo`)
) ENGINE=InnoDB DEFAULT CHARSET=utf8;

/*Data for the table `serie` */

/*Table structure for table `tipdocumento` */

DROP TABLE IF EXISTS `tipdocumento`;

CREATE TABLE `tipdocumento` (
  `TIPDOCP_Codigo` int(11) NOT NULL AUTO_INCREMENT,
  `COMPP_Codigo` int(11) DEFAULT NULL,
  `TIPDOCC_Descripcion` varchar(150) DEFAULT NULL,
  `TIPOCC_Inciales` varchar(150) DEFAULT NULL,
  `TIPOCC_FechaRegistro` timestamp NOT NULL DEFAULT CURRENT_TIMESTAMP,
  `TIPOCC_FechaModificacion` datetime DEFAULT NULL,
  `TIPOCC_FlagEstado` char(1) DEFAULT '1',
  PRIMARY KEY (`TIPDOCP_Codigo`),
  KEY `FK_tipdocumento_compania` (`COMPP_Codigo`),
  CONSTRAINT `FK_tipdocumento_compania` FOREIGN KEY (`COMPP_Codigo`) REFERENCES `compania` (`COMPP_Codigo`) ON DELETE NO ACTION ON UPDATE NO ACTION
) ENGINE=InnoDB AUTO_INCREMENT=3 DEFAULT CHARSET=utf8;

/*Data for the table `tipdocumento` */

insert  into `tipdocumento`(`TIPDOCP_Codigo`,`COMPP_Codigo`,`TIPDOCC_Descripcion`,`TIPOCC_Inciales`,`TIPOCC_FechaRegistro`,`TIPOCC_FechaModificacion`,`TIPOCC_FlagEstado`) values 
(0,1,'::Seleccione::','N.A.','2014-10-06 04:19:27',NULL,'1'),
(1,1,'Documento Nacional de Identidad','D.N.I.','2010-12-16 12:50:42',NULL,'1'),
(2,1,'Carnet de Extranjeria','C.E.','2010-12-16 12:50:46',NULL,'1');

/*Table structure for table `tipoalmacen` */

DROP TABLE IF EXISTS `tipoalmacen`;

CREATE TABLE `tipoalmacen` (
  `TIPALMP_Codigo` int(11) NOT NULL AUTO_INCREMENT,
  `TIPALM_Descripcion` varchar(250) DEFAULT NULL,
  `TIPALM_FechaRegistro` timestamp NOT NULL DEFAULT CURRENT_TIMESTAMP,
  `TIPALM_FechaModificacion` datetime DEFAULT NULL,
  `TIPALM_flagEstado` char(1) DEFAULT '1',
  PRIMARY KEY (`TIPALMP_Codigo`)
) ENGINE=InnoDB AUTO_INCREMENT=4 DEFAULT CHARSET=utf8;

/*Data for the table `tipoalmacen` */

insert  into `tipoalmacen`(`TIPALMP_Codigo`,`TIPALM_Descripcion`,`TIPALM_FechaRegistro`,`TIPALM_FechaModificacion`,`TIPALM_flagEstado`) values 
(1,'ALMACEN DE PRODUCTOS TERMINADOS','2011-01-13 12:26:21',NULL,'1'),
(2,'ALMACEN DE PRODUCTOS EN PROCESO','2011-01-13 12:26:32',NULL,'1'),
(3,'ALMACEN DE MERCADERIAS','2011-01-13 12:26:43',NULL,'1');

/*Table structure for table `tipocambio` */

DROP TABLE IF EXISTS `tipocambio`;

CREATE TABLE `tipocambio` (
  `TIPCAMP_Codigo` int(11) NOT NULL AUTO_INCREMENT,
  `TIPCAMC_MonedaOrigen` int(11) NOT NULL,
  `TIPCAMC_MonedaDestino` int(11) NOT NULL,
  `TIPCAMC_Fecha` date NOT NULL,
  `TIPCAMC_FactorConversion` double NOT NULL,
  `COMPP_Codigo` int(11) NOT NULL,
  `TIPCAMC_FechaRegistro` timestamp NOT NULL DEFAULT CURRENT_TIMESTAMP,
  `TIPCAMC_FechaModificacion` datetime DEFAULT NULL,
  `TIPCAMC_FlagEstado` char(1) NOT NULL DEFAULT '1',
  PRIMARY KEY (`TIPCAMP_Codigo`),
  UNIQUE KEY `TIPCAMC_MonedaDestino` (`TIPCAMC_MonedaDestino`,`TIPCAMC_Fecha`),
  KEY `FK_cji_tipocambio_moneda1` (`TIPCAMC_MonedaOrigen`),
  KEY `FK_cji_tipocambio_conmpania` (`COMPP_Codigo`)
) ENGINE=InnoDB AUTO_INCREMENT=25 DEFAULT CHARSET=utf8;

/*Data for the table `tipocambio` */

insert  into `tipocambio`(`TIPCAMP_Codigo`,`TIPCAMC_MonedaOrigen`,`TIPCAMC_MonedaDestino`,`TIPCAMC_Fecha`,`TIPCAMC_FactorConversion`,`COMPP_Codigo`,`TIPCAMC_FechaRegistro`,`TIPCAMC_FechaModificacion`,`TIPCAMC_FlagEstado`) values 
(5,1,2,'2011-07-25',2.75,1,'2011-07-25 16:37:47',NULL,'1'),
(6,1,3,'2011-07-25',3.78,1,'2011-07-25 16:37:47',NULL,'1'),
(7,1,2,'2011-07-24',2.57,1,'2011-07-24 18:12:43',NULL,'1'),
(16,1,2,'2011-07-26',2.75,1,'2011-07-26 10:08:04',NULL,'1'),
(17,1,3,'2011-07-26',3.98,1,'2011-07-26 10:08:04',NULL,'1'),
(18,1,2,'2011-07-27',2.78,1,'2011-07-27 12:47:18',NULL,'1'),
(19,1,2,'2014-06-24',2.5,1,'2014-06-24 20:31:09',NULL,'1'),
(20,1,3,'2014-06-24',4,1,'2014-06-24 20:31:09',NULL,'1'),
(23,1,2,'2014-09-24',1.2,1,'2014-09-24 04:15:51',NULL,'1'),
(24,1,3,'2014-09-24',1.2,1,'2014-09-24 04:15:51',NULL,'1');

/*Table structure for table `tipocliente` */

DROP TABLE IF EXISTS `tipocliente`;

CREATE TABLE `tipocliente` (
  `TIPCLIP_Codigo` int(11) NOT NULL AUTO_INCREMENT,
  `COMPP_Codigo` int(11) NOT NULL,
  `TIPCLIC_Descripcion` varchar(150) NOT NULL,
  `TIPCLIC_FechaRegistro` timestamp NOT NULL DEFAULT CURRENT_TIMESTAMP,
  `TIPCLIC_FechaModificacion` datetime DEFAULT NULL,
  `TIPCLIC_FlagEstado` char(1) NOT NULL DEFAULT '1',
  PRIMARY KEY (`TIPCLIP_Codigo`),
  KEY `FK_cji_tipocliente_compania` (`COMPP_Codigo`)
) ENGINE=InnoDB AUTO_INCREMENT=4 DEFAULT CHARSET=utf8;

/*Data for the table `tipocliente` */

insert  into `tipocliente`(`TIPCLIP_Codigo`,`COMPP_Codigo`,`TIPCLIC_Descripcion`,`TIPCLIC_FechaRegistro`,`TIPCLIC_FechaModificacion`,`TIPCLIC_FlagEstado`) values 
(0,1,'TIPO DE CLIENTE NO REGISTRADO','2011-07-14 16:21:27',NULL,'1'),
(1,1,'CLIENTE','2011-07-13 17:38:19',NULL,'1'),
(2,1,'PROVEEDOR','2011-07-13 17:38:19',NULL,'1'),
(3,1,'CLIENTE- PROVEEDOR','2014-10-11 23:10:37',NULL,'1');

/*Table structure for table `tipocodigo` */

DROP TABLE IF EXISTS `tipocodigo`;

CREATE TABLE `tipocodigo` (
  `TIPCOD_Codigo` int(11) NOT NULL AUTO_INCREMENT,
  `TIPCOD_Descripcion` varchar(150) DEFAULT NULL,
  `TIPCOD_Inciales` varchar(150) DEFAULT NULL,
  `TIPCOD_FechaRegistro` timestamp NOT NULL DEFAULT CURRENT_TIMESTAMP,
  `TIPCOD_FechaModificacion` datetime DEFAULT NULL,
  `TIPCOD_FlagEstado` char(1) NOT NULL DEFAULT '1',
  PRIMARY KEY (`TIPCOD_Codigo`)
) ENGINE=InnoDB AUTO_INCREMENT=3 DEFAULT CHARSET=utf8;

/*Data for the table `tipocodigo` */

insert  into `tipocodigo`(`TIPCOD_Codigo`,`TIPCOD_Descripcion`,`TIPCOD_Inciales`,`TIPCOD_FechaRegistro`,`TIPCOD_FechaModificacion`,`TIPCOD_FlagEstado`) values 
(1,'Registro Unico de Contribuyente','R.U.C.','2011-07-04 16:33:47',NULL,'1'),
(2,NULL,'N.I.C.','2011-07-04 16:33:47',NULL,'1');

/*Table structure for table `tipoestablecimiento` */

DROP TABLE IF EXISTS `tipoestablecimiento`;

CREATE TABLE `tipoestablecimiento` (
  `TESTP_Codigo` int(11) NOT NULL AUTO_INCREMENT,
  `COMPP_Codigo` int(11) NOT NULL,
  `TESTC_Descripcion` varchar(150) DEFAULT NULL,
  `TESTC_FechaRegistro` timestamp NOT NULL DEFAULT CURRENT_TIMESTAMP,
  `TESTC_FechaModificacion` datetime DEFAULT NULL,
  `TESTC_FlagEstado` char(1) DEFAULT '1',
  PRIMARY KEY (`TESTP_Codigo`),
  KEY `COMPP_Codigo` (`COMPP_Codigo`)
) ENGINE=InnoDB AUTO_INCREMENT=7 DEFAULT CHARSET=latin1;

/*Data for the table `tipoestablecimiento` */

insert  into `tipoestablecimiento`(`TESTP_Codigo`,`COMPP_Codigo`,`TESTC_Descripcion`,`TESTC_FechaRegistro`,`TESTC_FechaModificacion`,`TESTC_FlagEstado`) values 
(1,1,'TALLER CENTRAL','2010-12-13 23:34:00',NULL,'1'),
(2,1,'ALMACEN CENTRAL','2010-12-29 12:28:52',NULL,'1'),
(3,1,'TIENDA ','2010-12-29 12:29:54',NULL,'1'),
(4,1,'OFICINA PRINCIPAL','2010-12-29 12:30:26',NULL,'1'),
(5,1,'SUCURSAL','2011-01-06 15:10:36',NULL,'1'),
(6,1,'TIENDA DE GAMARRA','2011-01-06 15:21:41',NULL,'1');

/*Table structure for table `tipomaterial` */

DROP TABLE IF EXISTS `tipomaterial`;

CREATE TABLE `tipomaterial` (
  `TIPMATP_Codigo` int(11) NOT NULL AUTO_INCREMENT,
  `COMPP_Codigo` int(11) NOT NULL,
  `TIPMATC_Descripcion` varchar(250) DEFAULT NULL,
  `TIPMATC_FechaRegistro` timestamp NOT NULL DEFAULT CURRENT_TIMESTAMP,
  `TIPMATC_FechaModificacion` datetime DEFAULT NULL,
  `TIPMATC_flagEstado` char(1) NOT NULL DEFAULT '1',
  PRIMARY KEY (`TIPMATP_Codigo`),
  KEY `FK_tipomaterial_compania` (`COMPP_Codigo`),
  CONSTRAINT `FK_tipomaterial_compania` FOREIGN KEY (`COMPP_Codigo`) REFERENCES `compania` (`COMPP_Codigo`) ON DELETE NO ACTION ON UPDATE NO ACTION
) ENGINE=InnoDB AUTO_INCREMENT=4 DEFAULT CHARSET=latin1;

/*Data for the table `tipomaterial` */

insert  into `tipomaterial`(`TIPMATP_Codigo`,`COMPP_Codigo`,`TIPMATC_Descripcion`,`TIPMATC_FechaRegistro`,`TIPMATC_FechaModificacion`,`TIPMATC_flagEstado`) values 
(1,1,'Liviano','2014-10-22 07:30:02',NULL,'1'),
(2,1,'Semi-pesado','2014-10-22 07:30:11',NULL,'1'),
(3,1,'Pesado','2014-10-22 07:30:22',NULL,'1');

/*Table structure for table `tipomovimiento` */

DROP TABLE IF EXISTS `tipomovimiento`;

CREATE TABLE `tipomovimiento` (
  `TIPOMOVP_Codigo` int(11) NOT NULL AUTO_INCREMENT,
  `COMPP_Codigo` int(11) NOT NULL,
  `TIPOMOVC_Descripcion` varchar(100) DEFAULT NULL,
  `TIPOMOVC_Tipo` varchar(1) NOT NULL COMMENT '1:Ingreso, 2:Salida',
  `TIPOMOVC_FechaRegistro` timestamp NULL DEFAULT NULL,
  `TIPOMOVC_FlagEstado` char(1) DEFAULT '1',
  PRIMARY KEY (`TIPOMOVP_Codigo`),
  KEY `FK_tipomovimiento_compania` (`COMPP_Codigo`),
  CONSTRAINT `FK_tipomovimiento_compania` FOREIGN KEY (`COMPP_Codigo`) REFERENCES `compania` (`COMPP_Codigo`) ON DELETE NO ACTION ON UPDATE NO ACTION
) ENGINE=InnoDB AUTO_INCREMENT=16 DEFAULT CHARSET=utf8;

/*Data for the table `tipomovimiento` */

insert  into `tipomovimiento`(`TIPOMOVP_Codigo`,`COMPP_Codigo`,`TIPOMOVC_Descripcion`,`TIPOMOVC_Tipo`,`TIPOMOVC_FechaRegistro`,`TIPOMOVC_FlagEstado`) values 
(1,1,'Venta','2',NULL,'1'),
(2,1,'Venta sujeta a','2',NULL,'1'),
(3,1,'Compra','1',NULL,'1'),
(4,1,'Consignacion','2',NULL,'1'),
(5,1,'Devolucion','1',NULL,'1'),
(6,1,'Traslado entre almacenes','1',NULL,'1'),
(7,1,'Traslado de bienes','1',NULL,'1'),
(8,1,'Recojo de bienes','1',NULL,'1'),
(9,1,'Traslado por el emisor','2',NULL,'1'),
(10,1,'Traslado zona primaria','2',NULL,'1'),
(11,1,'Importacion','1',NULL,'1'),
(12,1,'Exportacion','2',NULL,'1'),
(13,1,'Otros','',NULL,'1'),
(14,1,'Exhibicion','2',NULL,'1'),
(15,1,'Demostracion','1',NULL,'1');

/*Table structure for table `tipoorden` */

DROP TABLE IF EXISTS `tipoorden`;

CREATE TABLE `tipoorden` (
  `TIPORDP_Codigo` int(11) NOT NULL AUTO_INCREMENT,
  `COMPP_Codigo` int(11) NOT NULL,
  `TIPORDC_Descripcion` varchar(250) NOT NULL,
  `TIPORDC_FechaRegistro` timestamp NOT NULL DEFAULT CURRENT_TIMESTAMP,
  `TIPORDC_FechaModificacion` datetime DEFAULT NULL,
  `TIPORDC_flagEstado` char(1) NOT NULL DEFAULT '1',
  PRIMARY KEY (`TIPORDP_Codigo`),
  KEY `FK_tipoorden_compania` (`COMPP_Codigo`),
  CONSTRAINT `FK_tipoorden_compania` FOREIGN KEY (`COMPP_Codigo`) REFERENCES `compania` (`COMPP_Codigo`) ON DELETE NO ACTION ON UPDATE NO ACTION
) ENGINE=InnoDB AUTO_INCREMENT=5 DEFAULT CHARSET=latin1;

/*Data for the table `tipoorden` */

insert  into `tipoorden`(`TIPORDP_Codigo`,`COMPP_Codigo`,`TIPORDC_Descripcion`,`TIPORDC_FechaRegistro`,`TIPORDC_FechaModificacion`,`TIPORDC_flagEstado`) values 
(1,1,'FABRICACION','2014-10-22 07:48:14',NULL,'1'),
(2,1,'OBRAS CIVILES','2014-10-22 07:48:36',NULL,'1'),
(3,1,'MONTAJE','2014-10-22 07:48:47',NULL,'1'),
(4,1,'INGENIERIA','2014-10-22 07:48:50',NULL,'1');

/*Table structure for table `tipoproducto` */

DROP TABLE IF EXISTS `tipoproducto`;

CREATE TABLE `tipoproducto` (
  `TIPPROD_Codigo` int(11) NOT NULL AUTO_INCREMENT,
  `COMPP_Codigo` int(11) DEFAULT NULL,
  `TIPPROD_Descripcion` varchar(250) DEFAULT NULL,
  `TIPPROD_FechaRegistro` timestamp NOT NULL DEFAULT CURRENT_TIMESTAMP,
  `TIPPROD_FechaModificacion` datetime DEFAULT NULL,
  `TIPPROD_FlagEstado` char(1) DEFAULT '1',
  PRIMARY KEY (`TIPPROD_Codigo`),
  KEY `FK_tipoproducto_compania` (`COMPP_Codigo`),
  CONSTRAINT `FK_tipoproducto_compania` FOREIGN KEY (`COMPP_Codigo`) REFERENCES `compania` (`COMPP_Codigo`) ON DELETE NO ACTION ON UPDATE NO ACTION
) ENGINE=InnoDB AUTO_INCREMENT=8 DEFAULT CHARSET=utf8;

/*Data for the table `tipoproducto` */

insert  into `tipoproducto`(`TIPPROD_Codigo`,`COMPP_Codigo`,`TIPPROD_Descripcion`,`TIPPROD_FechaRegistro`,`TIPPROD_FechaModificacion`,`TIPPROD_FlagEstado`) values 
(0,1,':::SELECCIONE::','2014-10-06 03:37:32',NULL,'1'),
(1,1,'HERRAMIENTAS','2011-01-03 12:30:46',NULL,'1'),
(2,1,'INSUMOS MEDICOS','2011-01-03 12:30:55',NULL,'1'),
(3,1,'PROUCTOS AGRICOLAS','2011-01-03 12:31:09',NULL,'1'),
(4,1,'TUBERIA ACERO','2011-01-09 02:05:46',NULL,'1'),
(5,1,'PLANCHA DE ACERO_X','2011-01-09 02:44:24',NULL,'1'),
(6,1,'PERFILES FIERRO','2011-01-23 01:05:06',NULL,'0'),
(7,1,'PLANCHA DE ACERO','2011-01-23 01:15:05',NULL,'1');

/*Table structure for table `trabajador` */

DROP TABLE IF EXISTS `trabajador`;

CREATE TABLE `trabajador` (
  `TRABAJP_Codigo` int(11) NOT NULL AUTO_INCREMENT,
  `COMPP_Codigo` int(11) NOT NULL,
  `PERSP_Codigo` int(11) NOT NULL,
  `TRABAJC_FechaRegistro` timestamp NOT NULL DEFAULT CURRENT_TIMESTAMP,
  `TRABAJC_FechaModificacion` datetime DEFAULT NULL,
  `TRABAJC_FlagEstado` char(1) NOT NULL DEFAULT '1',
  PRIMARY KEY (`TRABAJP_Codigo`),
  KEY `FK_trabajador_compania` (`COMPP_Codigo`),
  KEY `FK_trabajador_persona` (`PERSP_Codigo`),
  CONSTRAINT `FK_trabajador_compania` FOREIGN KEY (`COMPP_Codigo`) REFERENCES `compania` (`COMPP_Codigo`) ON DELETE NO ACTION ON UPDATE NO ACTION,
  CONSTRAINT `FK_trabajador_persona` FOREIGN KEY (`PERSP_Codigo`) REFERENCES `persona` (`PERSP_Codigo`) ON DELETE NO ACTION ON UPDATE NO ACTION
) ENGINE=InnoDB DEFAULT CHARSET=latin1;

/*Data for the table `trabajador` */

/*Table structure for table `ubigeo` */

DROP TABLE IF EXISTS `ubigeo`;

CREATE TABLE `ubigeo` (
  `UBIGP_Codigo` char(6) NOT NULL,
  `COMPP_Codigo` int(11) DEFAULT NULL,
  `UBIGC_CodDpto` char(2) DEFAULT NULL,
  `UBIGC_CodProv` char(2) DEFAULT NULL,
  `UBIGC_CodDist` char(2) DEFAULT NULL,
  `UBIGC_Descripcion` varchar(150) DEFAULT NULL,
  `UBIGC_FechaRegistro` timestamp NULL DEFAULT CURRENT_TIMESTAMP,
  `UBIGC_FechaModificacion` datetime DEFAULT NULL,
  `UBIGC_FlagEstado` char(1) DEFAULT '1',
  PRIMARY KEY (`UBIGP_Codigo`),
  KEY `FK_ubigeo_compania` (`COMPP_Codigo`),
  CONSTRAINT `FK_ubigeo_compania` FOREIGN KEY (`COMPP_Codigo`) REFERENCES `compania` (`COMPP_Codigo`) ON DELETE NO ACTION ON UPDATE NO ACTION
) ENGINE=InnoDB DEFAULT CHARSET=latin1;

/*Data for the table `ubigeo` */

insert  into `ubigeo`(`UBIGP_Codigo`,`COMPP_Codigo`,`UBIGC_CodDpto`,`UBIGC_CodProv`,`UBIGC_CodDist`,`UBIGC_Descripcion`,`UBIGC_FechaRegistro`,`UBIGC_FechaModificacion`,`UBIGC_FlagEstado`) values 
('000000',1,'00','00','00','::Seleccione::','2010-12-14 16:13:48',NULL,'1'),
('010000',1,'01','00','00','AMAZONAS','2010-12-13 17:59:32',NULL,'1'),
('010100',1,'01','01','00','CHACHAPOYAS','2010-12-13 17:59:32',NULL,'1'),
('010101',1,'01','01','01','CHACHAPOYAS','2010-12-13 17:59:32',NULL,'1'),
('010102',1,'01','01','02','ASUNCION','2010-12-13 17:59:32',NULL,'1'),
('010103',1,'01','01','03','BALSAS','2010-12-13 17:59:32',NULL,'1'),
('010104',1,'01','01','04','CHETO','2010-12-13 17:59:32',NULL,'1'),
('010105',1,'01','01','05','CHILIQUIN','2010-12-13 17:59:32',NULL,'1'),
('010106',1,'01','01','06','CHUQUIBAMBA','2010-12-13 17:59:32',NULL,'1'),
('010107',1,'01','01','07','GRANADA','2010-12-13 17:59:32',NULL,'1'),
('010108',1,'01','01','08','HUANCAS','2010-12-13 17:59:32',NULL,'1'),
('010109',1,'01','01','09','LA JALCA','2010-12-13 17:59:32',NULL,'1'),
('010110',1,'01','01','10','LEIMEBAMBA','2010-12-13 17:59:32',NULL,'1'),
('010111',1,'01','01','11','LEVANTO','2010-12-13 17:59:32',NULL,'1'),
('010112',1,'01','01','12','MAGDALENA','2010-12-13 17:59:32',NULL,'1'),
('010113',1,'01','01','13','MARISCAL CASTILLA','2010-12-13 17:59:32',NULL,'1'),
('010114',1,'01','01','14','MOLINOPAMPA','2010-12-13 17:59:32',NULL,'1'),
('010115',1,'01','01','15','MONTEVIDEO','2010-12-13 17:59:32',NULL,'1'),
('010116',1,'01','01','16','OLLEROS','2010-12-13 17:59:32',NULL,'1'),
('010117',1,'01','01','17','QUINJALCA','2010-12-13 17:59:32',NULL,'1'),
('010118',1,'01','01','18','SAN FRANCISCO DE DAGUAS','2010-12-13 17:59:32',NULL,'1'),
('010119',1,'01','01','19','SAN ISIDRO DE MAINO','2010-12-13 17:59:32',NULL,'1'),
('010120',1,'01','01','20','SOLOCO','2010-12-13 17:59:32',NULL,'1'),
('010121',1,'01','01','21','SONCHE','2010-12-13 17:59:32',NULL,'1'),
('010200',1,'01','02','00','BAGUA','2010-12-13 17:59:32',NULL,'1'),
('010201',1,'01','02','01','BAGUA','2010-12-13 17:59:32',NULL,'1'),
('010202',1,'01','02','02','ARAMANGO','2010-12-13 17:59:32',NULL,'1'),
('010203',1,'01','02','03','COPALLIN','2010-12-13 17:59:32',NULL,'1'),
('010204',1,'01','02','04','EL PARCO','2010-12-13 17:59:32',NULL,'1'),
('010205',1,'01','02','05','IMAZA','2010-12-13 17:59:32',NULL,'1'),
('010206',1,'01','02','06','LA PECA','2010-12-13 17:59:32',NULL,'1'),
('010300',1,'01','03','00','BONGARA','2010-12-13 17:59:32',NULL,'1'),
('010301',1,'01','03','01','JUMBILLA','2010-12-13 17:59:32',NULL,'1'),
('010302',1,'01','03','02','CHISQUILLA','2010-12-13 17:59:32',NULL,'1'),
('010303',1,'01','03','03','CHURUJA','2010-12-13 17:59:32',NULL,'1'),
('010304',1,'01','03','04','COROSHA','2010-12-13 17:59:32',NULL,'1'),
('010305',1,'01','03','05','CUISPES','2010-12-13 17:59:32',NULL,'1'),
('010306',1,'01','03','06','FLORIDA','2010-12-13 17:59:32',NULL,'1'),
('010307',1,'01','03','07','JAZAN','2010-12-13 17:59:32',NULL,'1'),
('010308',1,'01','03','08','RECTA','2010-12-13 17:59:32',NULL,'1'),
('010309',1,'01','03','09','SAN CARLOS','2010-12-13 17:59:32',NULL,'1'),
('010310',1,'01','03','10','SHIPASBAMBA','2010-12-13 17:59:32',NULL,'1'),
('010311',1,'01','03','11','VALERA','2010-12-13 17:59:32',NULL,'1'),
('010312',1,'01','03','12','YAMBRASBAMBA','2010-12-13 17:59:32',NULL,'1'),
('010400',1,'01','04','00','CONDORCANQUI','2010-12-13 17:59:32',NULL,'1'),
('010401',1,'01','04','01','NIEVA','2010-12-13 17:59:32',NULL,'1'),
('010402',1,'01','04','02','EL CENEPA','2010-12-13 17:59:32',NULL,'1'),
('010403',1,'01','04','03','RIO SANTIAGO','2010-12-13 17:59:32',NULL,'1'),
('010500',1,'01','05','00','LUYA','2010-12-13 17:59:32',NULL,'1'),
('010501',1,'01','05','01','LAMUD','2010-12-13 17:59:32',NULL,'1'),
('010502',1,'01','05','02','CAMPORREDONDO','2010-12-13 17:59:32',NULL,'1'),
('010503',1,'01','05','03','COCABAMBA','2010-12-13 17:59:32',NULL,'1'),
('010504',1,'01','05','04','COLCAMAR','2010-12-13 17:59:32',NULL,'1'),
('010505',1,'01','05','05','CONILA','2010-12-13 17:59:32',NULL,'1'),
('010506',1,'01','05','06','INGUILPATA','2010-12-13 17:59:32',NULL,'1'),
('010507',1,'01','05','07','LONGUITA','2010-12-13 17:59:32',NULL,'1'),
('010508',1,'01','05','08','LONYA CHICO','2010-12-13 17:59:32',NULL,'1'),
('010509',1,'01','05','09','LUYA','2010-12-13 17:59:32',NULL,'1'),
('010510',1,'01','05','10','LUYA VIEJO','2010-12-13 17:59:32',NULL,'1'),
('010511',1,'01','05','11','MARIA','2010-12-13 17:59:32',NULL,'1'),
('010512',1,'01','05','12','OCALLI','2010-12-13 17:59:32',NULL,'1'),
('010513',1,'01','05','13','OCUMAL','2010-12-13 17:59:32',NULL,'1'),
('010514',1,'01','05','14','PISUQUIA','2010-12-13 17:59:32',NULL,'1'),
('010515',1,'01','05','15','PROVIDENCIA','2010-12-13 17:59:32',NULL,'1'),
('010516',1,'01','05','16','SAN CRISTOBAL','2010-12-13 17:59:32',NULL,'1'),
('010517',1,'01','05','17','SAN FRANCISCO DEL YESO','2010-12-13 17:59:32',NULL,'1'),
('010518',1,'01','05','18','SAN JERONIMO','2010-12-13 17:59:32',NULL,'1'),
('010519',1,'01','05','19','SAN JUAN DE LOPECANCHA','2010-12-13 17:59:32',NULL,'1'),
('010520',1,'01','05','20','SANTA CATALINA','2010-12-13 17:59:32',NULL,'1'),
('010521',1,'01','05','21','SANTO TOMAS','2010-12-13 17:59:32',NULL,'1'),
('010522',1,'01','05','22','TINGO','2010-12-13 17:59:32',NULL,'1'),
('010523',1,'01','05','23','TRITA','2010-12-13 17:59:32',NULL,'1'),
('010600',1,'01','06','00','RODRIGUEZ DE MENDOZA','2010-12-13 17:59:32',NULL,'1'),
('010601',1,'01','06','01','SAN NICOLAS','2010-12-13 17:59:32',NULL,'1'),
('010602',1,'01','06','02','CHIRIMOTO','2010-12-13 17:59:32',NULL,'1'),
('010603',1,'01','06','03','COCHAMAL','2010-12-13 17:59:32',NULL,'1'),
('010604',1,'01','06','04','HUAMBO','2010-12-13 17:59:32',NULL,'1'),
('010605',1,'01','06','05','LIMABAMBA','2010-12-13 17:59:32',NULL,'1'),
('010606',1,'01','06','06','LONGAR','2010-12-13 17:59:32',NULL,'1'),
('010607',1,'01','06','07','MARISCAL BENAVIDES','2010-12-13 17:59:32',NULL,'1'),
('010608',1,'01','06','08','MILPUC','2010-12-13 17:59:32',NULL,'1'),
('010609',1,'01','06','09','OMIA','2010-12-13 17:59:32',NULL,'1'),
('010610',1,'01','06','10','SANTA ROSA','2010-12-13 17:59:32',NULL,'1'),
('010611',1,'01','06','11','TOTORA','2010-12-13 17:59:32',NULL,'1'),
('010612',1,'01','06','12','VISTA ALEGRE','2010-12-13 17:59:32',NULL,'1'),
('010700',1,'01','07','00','UTCUBAMBA','2010-12-13 17:59:32',NULL,'1'),
('010701',1,'01','07','01','BAGUA GRANDE','2010-12-13 17:59:32',NULL,'1'),
('010702',1,'01','07','02','CAJARURO','2010-12-13 17:59:32',NULL,'1'),
('010703',1,'01','07','03','CUMBA','2010-12-13 17:59:32',NULL,'1'),
('010704',1,'01','07','04','EL MILAGRO','2010-12-13 17:59:32',NULL,'1'),
('010705',1,'01','07','05','JAMALCA','2010-12-13 17:59:32',NULL,'1'),
('010706',1,'01','07','06','LONYA GRANDE','2010-12-13 17:59:32',NULL,'1'),
('010707',1,'01','07','07','YAMON','2010-12-13 17:59:32',NULL,'1'),
('020000',1,'02','00','00','ANCASH','2010-12-13 17:59:32',NULL,'1'),
('020100',1,'02','01','00','HUARAZ','2010-12-13 17:59:32',NULL,'1'),
('020101',1,'02','01','01','HUARAZ','2010-12-13 17:59:32',NULL,'1'),
('020102',1,'02','01','02','COCHABAMBA','2010-12-13 17:59:32',NULL,'1'),
('020103',1,'02','01','03','COLCABAMBA','2010-12-13 17:59:32',NULL,'1'),
('020104',1,'02','01','04','HUANCHAY','2010-12-13 17:59:32',NULL,'1'),
('020105',1,'02','01','05','INDEPENDENCIA','2010-12-13 17:59:32',NULL,'1'),
('020106',1,'02','01','06','JANGAS','2010-12-13 17:59:32',NULL,'1'),
('020107',1,'02','01','07','LA LIBERTAD','2010-12-13 17:59:32',NULL,'1'),
('020108',1,'02','01','08','OLLEROS','2010-12-13 17:59:32',NULL,'1'),
('020109',1,'02','01','09','PAMPAS','2010-12-13 17:59:32',NULL,'1'),
('020110',1,'02','01','10','PARIACOTO','2010-12-13 17:59:32',NULL,'1'),
('020111',1,'02','01','11','PIRA','2010-12-13 17:59:32',NULL,'1'),
('020112',1,'02','01','12','TARICA','2010-12-13 17:59:32',NULL,'1'),
('020200',1,'02','02','00','AIJA','2010-12-13 17:59:32',NULL,'1'),
('020201',1,'02','02','01','AIJA','2010-12-13 17:59:32',NULL,'1'),
('020202',1,'02','02','02','CORIS','2010-12-13 17:59:32',NULL,'1'),
('020203',1,'02','02','03','HUACLLAN','2010-12-13 17:59:32',NULL,'1'),
('020204',1,'02','02','04','LA MERCED','2010-12-13 17:59:32',NULL,'1'),
('020205',1,'02','02','05','SUCCHA','2010-12-13 17:59:32',NULL,'1'),
('020300',1,'02','03','00','ANTONIO RAYMONDI','2010-12-13 17:59:32',NULL,'1'),
('020301',1,'02','03','01','LLAMELLIN','2010-12-13 17:59:32',NULL,'1'),
('020302',1,'02','03','02','ACZO','2010-12-13 17:59:32',NULL,'1'),
('020303',1,'02','03','03','CHACCHO','2010-12-13 17:59:32',NULL,'1'),
('020304',1,'02','03','04','CHINGAS','2010-12-13 17:59:32',NULL,'1'),
('020305',1,'02','03','05','MIRGAS','2010-12-13 17:59:32',NULL,'1'),
('020306',1,'02','03','06','SAN JUAN DE RONTOY','2010-12-13 17:59:32',NULL,'1'),
('020400',1,'02','04','00','ASUNCION','2010-12-13 17:59:32',NULL,'1'),
('020401',1,'02','04','01','CHACAS','2010-12-13 17:59:32',NULL,'1'),
('020402',1,'02','04','02','ACOCHACA','2010-12-13 17:59:32',NULL,'1'),
('020500',1,'02','05','00','BOLOGNESI','2010-12-13 17:59:32',NULL,'1'),
('020501',1,'02','05','01','CHIQUIAN','2010-12-13 17:59:32',NULL,'1'),
('020502',1,'02','05','02','ABELARDO PARDO LEZAMETA','2010-12-13 17:59:32',NULL,'1'),
('020503',1,'02','05','03','ANTONIO RAYMONDI','2010-12-13 17:59:32',NULL,'1'),
('020504',1,'02','05','04','AQUIA','2010-12-13 17:59:32',NULL,'1'),
('020505',1,'02','05','05','CAJACAY','2010-12-13 17:59:32',NULL,'1'),
('020506',1,'02','05','06','CANIS','2010-12-13 17:59:32',NULL,'1'),
('020507',1,'02','05','07','COLQUIOC','2010-12-13 17:59:32',NULL,'1'),
('020508',1,'02','05','08','HUALLANCA','2010-12-13 17:59:32',NULL,'1'),
('020509',1,'02','05','09','HUASTA','2010-12-13 17:59:32',NULL,'1'),
('020510',1,'02','05','10','HUAYLLACAYAN','2010-12-13 17:59:32',NULL,'1'),
('020511',1,'02','05','11','LA PRIMAVERA','2010-12-13 17:59:32',NULL,'1'),
('020512',1,'02','05','12','MANGAS','2010-12-13 17:59:32',NULL,'1'),
('020513',1,'02','05','13','PACLLON','2010-12-13 17:59:32',NULL,'1'),
('020514',1,'02','05','14','SAN MIGUEL DE CORPANQUI','2010-12-13 17:59:32',NULL,'1'),
('020515',1,'02','05','15','TICLLOS','2010-12-13 17:59:32',NULL,'1'),
('020600',1,'02','06','00','CARHUAZ','2010-12-13 17:59:32',NULL,'1'),
('020601',1,'02','06','01','CARHUAZ','2010-12-13 17:59:32',NULL,'1'),
('020602',1,'02','06','02','ACOPAMPA','2010-12-13 17:59:32',NULL,'1'),
('020603',1,'02','06','03','AMASHCA','2010-12-13 17:59:32',NULL,'1'),
('020604',1,'02','06','04','ANTA','2010-12-13 17:59:32',NULL,'1'),
('020605',1,'02','06','05','ATAQUERO','2010-12-13 17:59:32',NULL,'1'),
('020606',1,'02','06','06','MARCARA','2010-12-13 17:59:32',NULL,'1'),
('020607',1,'02','06','07','PARIAHUANCA','2010-12-13 17:59:32',NULL,'1'),
('020608',1,'02','06','08','SAN MIGUEL DE ACO','2010-12-13 17:59:32',NULL,'1'),
('020609',1,'02','06','09','SHILLA','2010-12-13 17:59:32',NULL,'1'),
('020610',1,'02','06','10','TINCO','2010-12-13 17:59:32',NULL,'1'),
('020611',1,'02','06','11','YUNGAR','2010-12-13 17:59:32',NULL,'1'),
('020700',1,'02','07','00','CARLOS FERMIN FITZCARRALD','2010-12-13 17:59:32',NULL,'1'),
('020701',1,'02','07','01','SAN LUIS','2010-12-13 17:59:32',NULL,'1'),
('020702',1,'02','07','02','SAN NICOLAS','2010-12-13 17:59:32',NULL,'1'),
('020703',1,'02','07','03','YAUYA','2010-12-13 17:59:32',NULL,'1'),
('020800',1,'02','08','00','CASMA','2010-12-13 17:59:32',NULL,'1'),
('020801',1,'02','08','01','CASMA','2010-12-13 17:59:32',NULL,'1'),
('020802',1,'02','08','02','BUENA VISTA ALTA','2010-12-13 17:59:32',NULL,'1'),
('020803',1,'02','08','03','COMANDANTE NOEL','2010-12-13 17:59:32',NULL,'1'),
('020804',1,'02','08','04','YAUTAN','2010-12-13 17:59:32',NULL,'1'),
('020900',1,'02','09','00','CORONGO','2010-12-13 17:59:32',NULL,'1'),
('020901',1,'02','09','01','CORONGO','2010-12-13 17:59:32',NULL,'1'),
('020902',1,'02','09','02','ACO','2010-12-13 17:59:32',NULL,'1'),
('020903',1,'02','09','03','BAMBAS','2010-12-13 17:59:32',NULL,'1'),
('020904',1,'02','09','04','CUSCA','2010-12-13 17:59:32',NULL,'1'),
('020905',1,'02','09','05','LA PAMPA','2010-12-13 17:59:32',NULL,'1'),
('020906',1,'02','09','06','YANAC','2010-12-13 17:59:32',NULL,'1'),
('020907',1,'02','09','07','YUPAN','2010-12-13 17:59:32',NULL,'1'),
('021000',1,'02','10','00','HUARI','2010-12-13 17:59:32',NULL,'1'),
('021001',1,'02','10','01','HUARI','2010-12-13 17:59:32',NULL,'1'),
('021002',1,'02','10','02','ANRA','2010-12-13 17:59:32',NULL,'1'),
('021003',1,'02','10','03','CAJAY','2010-12-13 17:59:32',NULL,'1'),
('021004',1,'02','10','04','CHAVIN DE HUANTAR','2010-12-13 17:59:32',NULL,'1'),
('021005',1,'02','10','05','HUACACHI','2010-12-13 17:59:32',NULL,'1'),
('021006',1,'02','10','06','HUACCHIS','2010-12-13 17:59:32',NULL,'1'),
('021007',1,'02','10','07','HUACHIS','2010-12-13 17:59:32',NULL,'1'),
('021008',1,'02','10','08','HUANTAR','2010-12-13 17:59:32',NULL,'1'),
('021009',1,'02','10','09','MASIN','2010-12-13 17:59:32',NULL,'1'),
('021010',1,'02','10','10','PAUCAS','2010-12-13 17:59:32',NULL,'1'),
('021011',1,'02','10','11','PONTO','2010-12-13 17:59:32',NULL,'1'),
('021012',1,'02','10','12','RAHUAPAMPA','2010-12-13 17:59:32',NULL,'1'),
('021013',1,'02','10','13','RAPAYAN','2010-12-13 17:59:32',NULL,'1'),
('021014',1,'02','10','14','SAN MARCOS','2010-12-13 17:59:32',NULL,'1'),
('021015',1,'02','10','15','SAN PEDRO DE CHANA','2010-12-13 17:59:32',NULL,'1'),
('021016',1,'02','10','16','UCO','2010-12-13 17:59:32',NULL,'1'),
('021100',1,'02','11','00','HUARMEY','2010-12-13 17:59:32',NULL,'1'),
('021101',1,'02','11','01','HUARMEY','2010-12-13 17:59:32',NULL,'1'),
('021102',1,'02','11','02','COCHAPETI','2010-12-13 17:59:32',NULL,'1'),
('021103',1,'02','11','03','CULEBRAS','2010-12-13 17:59:32',NULL,'1'),
('021104',1,'02','11','04','HUAYAN','2010-12-13 17:59:32',NULL,'1'),
('021105',1,'02','11','05','MALVAS','2010-12-13 17:59:32',NULL,'1'),
('021200',1,'02','12','00','HUAYLAS','2010-12-13 17:59:32',NULL,'1'),
('021201',1,'02','12','01','CARAZ','2010-12-13 17:59:32',NULL,'1'),
('021202',1,'02','12','02','HUALLANCA','2010-12-13 17:59:32',NULL,'1'),
('021203',1,'02','12','03','HUATA','2010-12-13 17:59:32',NULL,'1'),
('021204',1,'02','12','04','HUAYLAS','2010-12-13 17:59:32',NULL,'1'),
('021205',1,'02','12','05','MATO','2010-12-13 17:59:32',NULL,'1'),
('021206',1,'02','12','06','PAMPAROMAS','2010-12-13 17:59:32',NULL,'1'),
('021207',1,'02','12','07','PUEBLO LIBRE','2010-12-13 17:59:32',NULL,'1'),
('021208',1,'02','12','08','SANTA CRUZ','2010-12-13 17:59:32',NULL,'1'),
('021209',1,'02','12','09','SANTO TORIBIO','2010-12-13 17:59:32',NULL,'1'),
('021210',1,'02','12','10','YURACMARCA','2010-12-13 17:59:32',NULL,'1'),
('021300',1,'02','13','00','MARISCAL LUZURIAGA','2010-12-13 17:59:32',NULL,'1'),
('021301',1,'02','13','01','PISCOBAMBA','2010-12-13 17:59:32',NULL,'1'),
('021302',1,'02','13','02','CASCA','2010-12-13 17:59:32',NULL,'1'),
('021303',1,'02','13','03','ELEAZAR GUZMAN BARRON','2010-12-13 17:59:32',NULL,'1'),
('021304',1,'02','13','04','FIDEL OLIVAS ESCUDERO','2010-12-13 17:59:32',NULL,'1'),
('021305',1,'02','13','05','LLAMA','2010-12-13 17:59:32',NULL,'1'),
('021306',1,'02','13','06','LLUMPA','2010-12-13 17:59:32',NULL,'1'),
('021307',1,'02','13','07','LUCMA','2010-12-13 17:59:32',NULL,'1'),
('021308',1,'02','13','08','MUSGA','2010-12-13 17:59:32',NULL,'1'),
('021400',1,'02','14','00','OCROS','2010-12-13 17:59:32',NULL,'1'),
('021401',1,'02','14','01','OCROS','2010-12-13 17:59:32',NULL,'1'),
('021402',1,'02','14','02','ACAS','2010-12-13 17:59:32',NULL,'1'),
('021403',1,'02','14','03','CAJAMARQUILLA','2010-12-13 17:59:32',NULL,'1'),
('021404',1,'02','14','04','CARHUAPAMPA','2010-12-13 17:59:32',NULL,'1'),
('021405',1,'02','14','05','COCHAS','2010-12-13 17:59:32',NULL,'1'),
('021406',1,'02','14','06','CONGAS','2010-12-13 17:59:32',NULL,'1'),
('021407',1,'02','14','07','LLIPA','2010-12-13 17:59:32',NULL,'1'),
('021408',1,'02','14','08','SAN CRISTOBAL DE RAJAN','2010-12-13 17:59:32',NULL,'1'),
('021409',1,'02','14','09','SAN PEDRO','2010-12-13 17:59:32',NULL,'1'),
('021410',1,'02','14','10','SANTIAGO DE CHILCAS','2010-12-13 17:59:32',NULL,'1'),
('021500',1,'02','15','00','PALLASCA','2010-12-13 17:59:32',NULL,'1'),
('021501',1,'02','15','01','CABANA','2010-12-13 17:59:32',NULL,'1'),
('021502',1,'02','15','02','BOLOGNESI','2010-12-13 17:59:32',NULL,'1'),
('021503',1,'02','15','03','CONCHUCOS','2010-12-13 17:59:32',NULL,'1'),
('021504',1,'02','15','04','HUACASCHUQUE','2010-12-13 17:59:32',NULL,'1'),
('021505',1,'02','15','05','HUANDOVAL','2010-12-13 17:59:32',NULL,'1'),
('021506',1,'02','15','06','LACABAMBA','2010-12-13 17:59:32',NULL,'1'),
('021507',1,'02','15','07','LLAPO','2010-12-13 17:59:32',NULL,'1'),
('021508',1,'02','15','08','PALLASCA','2010-12-13 17:59:32',NULL,'1'),
('021509',1,'02','15','09','PAMPAS','2010-12-13 17:59:32',NULL,'1'),
('021510',1,'02','15','10','SANTA ROSA','2010-12-13 17:59:32',NULL,'1'),
('021511',1,'02','15','11','TAUCA','2010-12-13 17:59:32',NULL,'1'),
('021600',1,'02','16','00','POMABAMBA','2010-12-13 17:59:32',NULL,'1'),
('021601',1,'02','16','01','POMABAMBA','2010-12-13 17:59:32',NULL,'1'),
('021602',1,'02','16','02','HUAYLLAN','2010-12-13 17:59:32',NULL,'1'),
('021603',1,'02','16','03','PAROBAMBA','2010-12-13 17:59:32',NULL,'1'),
('021604',1,'02','16','04','QUINUABAMBA','2010-12-13 17:59:32',NULL,'1'),
('021700',1,'02','17','00','RECUAY','2010-12-13 17:59:32',NULL,'1'),
('021701',1,'02','17','01','RECUAY','2010-12-13 17:59:32',NULL,'1'),
('021702',1,'02','17','02','CATAC','2010-12-13 17:59:32',NULL,'1'),
('021703',1,'02','17','03','COTAPARACO','2010-12-13 17:59:32',NULL,'1'),
('021704',1,'02','17','04','HUAYLLAPAMPA','2010-12-13 17:59:32',NULL,'1'),
('021705',1,'02','17','05','LLACLLIN','2010-12-13 17:59:32',NULL,'1'),
('021706',1,'02','17','06','MARCA','2010-12-13 17:59:32',NULL,'1'),
('021707',1,'02','17','07','PAMPAS CHICO','2010-12-13 17:59:32',NULL,'1'),
('021708',1,'02','17','08','PARARIN','2010-12-13 17:59:32',NULL,'1'),
('021709',1,'02','17','09','TAPACOCHA','2010-12-13 17:59:32',NULL,'1'),
('021710',1,'02','17','10','TICAPAMPA','2010-12-13 17:59:32',NULL,'1'),
('021800',1,'02','18','00','SANTA','2010-12-13 17:59:32',NULL,'1'),
('021801',1,'02','18','01','CHIMBOTE','2010-12-13 17:59:32',NULL,'1'),
('021802',1,'02','18','02','CACERES DEL PERU','2010-12-13 17:59:32',NULL,'1'),
('021803',1,'02','18','03','COISHCO','2010-12-13 17:59:32',NULL,'1'),
('021804',1,'02','18','04','MACATE','2010-12-13 17:59:32',NULL,'1'),
('021805',1,'02','18','05','MORO','2010-12-13 17:59:32',NULL,'1'),
('021806',1,'02','18','06','NEPEÑA','2010-12-13 17:59:32',NULL,'1'),
('021807',1,'02','18','07','SAMANCO','2010-12-13 17:59:32',NULL,'1'),
('021808',1,'02','18','08','SANTA','2010-12-13 17:59:32',NULL,'1'),
('021809',1,'02','18','09','NUEVO CHIMBOTE','2010-12-13 17:59:32',NULL,'1'),
('021900',1,'02','19','00','SIHUAS','2010-12-13 17:59:32',NULL,'1'),
('021901',1,'02','19','01','SIHUAS','2010-12-13 17:59:32',NULL,'1'),
('021902',1,'02','19','02','ACOBAMBA','2010-12-13 17:59:32',NULL,'1'),
('021903',1,'02','19','03','ALFONSO UGARTE','2010-12-13 17:59:32',NULL,'1'),
('021904',1,'02','19','04','CASHAPAMPA','2010-12-13 17:59:32',NULL,'1'),
('021905',1,'02','19','05','CHINGALPO','2010-12-13 17:59:32',NULL,'1'),
('021906',1,'02','19','06','HUAYLLABAMBA','2010-12-13 17:59:32',NULL,'1'),
('021907',1,'02','19','07','QUICHES','2010-12-13 17:59:32',NULL,'1'),
('021908',1,'02','19','08','RAGASH','2010-12-13 17:59:32',NULL,'1'),
('021909',1,'02','19','09','SAN JUAN','2010-12-13 17:59:32',NULL,'1'),
('021910',1,'02','19','10','SICSIBAMBA','2010-12-13 17:59:32',NULL,'1'),
('022000',1,'02','20','00','YUNGAY','2010-12-13 17:59:32',NULL,'1'),
('022001',1,'02','20','01','YUNGAY','2010-12-13 17:59:32',NULL,'1'),
('022002',1,'02','20','02','CASCAPARA','2010-12-13 17:59:32',NULL,'1'),
('022003',1,'02','20','03','MANCOS','2010-12-13 17:59:32',NULL,'1'),
('022004',1,'02','20','04','MATACOTO','2010-12-13 17:59:32',NULL,'1'),
('022005',1,'02','20','05','QUILLO','2010-12-13 17:59:32',NULL,'1'),
('022006',1,'02','20','06','RANRAHIRCA','2010-12-13 17:59:32',NULL,'1'),
('022007',1,'02','20','07','SHUPLUY','2010-12-13 17:59:32',NULL,'1'),
('022008',1,'02','20','08','YANAMA','2010-12-13 17:59:32',NULL,'1'),
('030000',1,'03','00','00','APURIMAC','2010-12-13 17:59:32',NULL,'1'),
('030100',1,'03','01','00','ABANCAY','2010-12-13 17:59:32',NULL,'1'),
('030101',1,'03','01','01','ABANCAY','2010-12-13 17:59:32',NULL,'1'),
('030102',1,'03','01','02','CHACOCHE','2010-12-13 17:59:32',NULL,'1'),
('030103',1,'03','01','03','CIRCA','2010-12-13 17:59:32',NULL,'1'),
('030104',1,'03','01','04','CURAHUASI','2010-12-13 17:59:32',NULL,'1'),
('030105',1,'03','01','05','HUANIPACA','2010-12-13 17:59:32',NULL,'1'),
('030106',1,'03','01','06','LAMBRAMA','2010-12-13 17:59:32',NULL,'1'),
('030107',1,'03','01','07','PICHIRHUA','2010-12-13 17:59:32',NULL,'1'),
('030108',1,'03','01','08','SAN PEDRO DE CACHORA','2010-12-13 17:59:32',NULL,'1'),
('030109',1,'03','01','09','TAMBURCO','2010-12-13 17:59:32',NULL,'1'),
('030200',1,'03','02','00','ANDAHUAYLAS','2010-12-13 17:59:32',NULL,'1'),
('030201',1,'03','02','01','ANDAHUAYLAS','2010-12-13 17:59:32',NULL,'1'),
('030202',1,'03','02','02','ANDARAPA','2010-12-13 17:59:32',NULL,'1'),
('030203',1,'03','02','03','CHIARA','2010-12-13 17:59:32',NULL,'1'),
('030204',1,'03','02','04','HUANCARAMA','2010-12-13 17:59:32',NULL,'1'),
('030205',1,'03','02','05','HUANCARAY','2010-12-13 17:59:32',NULL,'1'),
('030206',1,'03','02','06','HUAYANA','2010-12-13 17:59:32',NULL,'1'),
('030207',1,'03','02','07','KISHUARA','2010-12-13 17:59:32',NULL,'1'),
('030208',1,'03','02','08','PACOBAMBA','2010-12-13 17:59:32',NULL,'1'),
('030209',1,'03','02','09','PACUCHA','2010-12-13 17:59:32',NULL,'1'),
('030210',1,'03','02','10','PAMPACHIRI','2010-12-13 17:59:32',NULL,'1'),
('030211',1,'03','02','11','POMACOCHA','2010-12-13 17:59:32',NULL,'1'),
('030212',1,'03','02','12','SAN ANTONIO DE CACHI','2010-12-13 17:59:32',NULL,'1'),
('030213',1,'03','02','13','SAN JERONIMO','2010-12-13 17:59:32',NULL,'1'),
('030214',1,'03','02','14','SAN MIGUEL DE CHACCRAMPA','2010-12-13 17:59:32',NULL,'1'),
('030215',1,'03','02','15','SANTA MARIA DE CHICMO','2010-12-13 17:59:32',NULL,'1'),
('030216',1,'03','02','16','TALAVERA','2010-12-13 17:59:32',NULL,'1'),
('030217',1,'03','02','17','TUMAY HUARACA','2010-12-13 17:59:32',NULL,'1'),
('030218',1,'03','02','18','TURPO','2010-12-13 17:59:32',NULL,'1'),
('030219',1,'03','02','19','KAQUIABAMBA','2010-12-13 17:59:32',NULL,'1'),
('030300',1,'03','03','00','ANTABAMBA','2010-12-13 17:59:32',NULL,'1'),
('030301',1,'03','03','01','ANTABAMBA','2010-12-13 17:59:32',NULL,'1'),
('030302',1,'03','03','02','EL ORO','2010-12-13 17:59:32',NULL,'1'),
('030303',1,'03','03','03','HUAQUIRCA','2010-12-13 17:59:32',NULL,'1'),
('030304',1,'03','03','04','JUAN ESPINOZA MEDRANO','2010-12-13 17:59:32',NULL,'1'),
('030305',1,'03','03','05','OROPESA','2010-12-13 17:59:32',NULL,'1'),
('030306',1,'03','03','06','PACHACONAS','2010-12-13 17:59:32',NULL,'1'),
('030307',1,'03','03','07','SABAINO','2010-12-13 17:59:32',NULL,'1'),
('030400',1,'03','04','00','AYMARAES','2010-12-13 17:59:32',NULL,'1'),
('030401',1,'03','04','01','CHALHUANCA','2010-12-13 17:59:32',NULL,'1'),
('030402',1,'03','04','02','CAPAYA','2010-12-13 17:59:32',NULL,'1'),
('030403',1,'03','04','03','CARAYBAMBA','2010-12-13 17:59:32',NULL,'1'),
('030404',1,'03','04','04','CHAPIMARCA','2010-12-13 17:59:32',NULL,'1'),
('030405',1,'03','04','05','COLCABAMBA','2010-12-13 17:59:32',NULL,'1'),
('030406',1,'03','04','06','COTARUSE','2010-12-13 17:59:32',NULL,'1'),
('030407',1,'03','04','07','HUAYLLO','2010-12-13 17:59:32',NULL,'1'),
('030408',1,'03','04','08','JUSTO APU SAHUARAURA','2010-12-13 17:59:32',NULL,'1'),
('030409',1,'03','04','09','LUCRE','2010-12-13 17:59:32',NULL,'1'),
('030410',1,'03','04','10','POCOHUANCA','2010-12-13 17:59:32',NULL,'1'),
('030411',1,'03','04','11','SAN JUAN DE CHACÑA','2010-12-13 17:59:32',NULL,'1'),
('030412',1,'03','04','12','SAÑAYCA','2010-12-13 17:59:32',NULL,'1'),
('030413',1,'03','04','13','SORAYA','2010-12-13 17:59:32',NULL,'1'),
('030414',1,'03','04','14','TAPAIRIHUA','2010-12-13 17:59:32',NULL,'1'),
('030415',1,'03','04','15','TINTAY','2010-12-13 17:59:32',NULL,'1'),
('030416',1,'03','04','16','TORAYA','2010-12-13 17:59:32',NULL,'1'),
('030417',1,'03','04','17','YANACA','2010-12-13 17:59:32',NULL,'1'),
('030500',1,'03','05','00','COTABAMBAS','2010-12-13 17:59:32',NULL,'1'),
('030501',1,'03','05','01','TAMBOBAMBA','2010-12-13 17:59:32',NULL,'1'),
('030502',1,'03','05','02','COTABAMBAS','2010-12-13 17:59:32',NULL,'1'),
('030503',1,'03','05','03','COYLLURQUI','2010-12-13 17:59:32',NULL,'1'),
('030504',1,'03','05','04','HAQUIRA','2010-12-13 17:59:32',NULL,'1'),
('030505',1,'03','05','05','MARA','2010-12-13 17:59:32',NULL,'1'),
('030506',1,'03','05','06','CHALLHUAHUACHO','2010-12-13 17:59:32',NULL,'1'),
('030600',1,'03','06','00','CHINCHEROS','2010-12-13 17:59:32',NULL,'1'),
('030601',1,'03','06','01','CHINCHEROS','2010-12-13 17:59:32',NULL,'1'),
('030602',1,'03','06','02','ANCO_HUALLO','2010-12-13 17:59:32',NULL,'1'),
('030603',1,'03','06','03','COCHARCAS','2010-12-13 17:59:32',NULL,'1'),
('030604',1,'03','06','04','HUACCANA','2010-12-13 17:59:32',NULL,'1'),
('030605',1,'03','06','05','OCOBAMBA','2010-12-13 17:59:32',NULL,'1'),
('030606',1,'03','06','06','ONGOY','2010-12-13 17:59:32',NULL,'1'),
('030607',1,'03','06','07','URANMARCA','2010-12-13 17:59:32',NULL,'1'),
('030608',1,'03','06','08','RANRACANCHA','2010-12-13 17:59:32',NULL,'1'),
('030700',1,'03','07','00','GRAU','2010-12-13 17:59:32',NULL,'1'),
('030701',1,'03','07','01','CHUQUIBAMBILLA','2010-12-13 17:59:32',NULL,'1'),
('030702',1,'03','07','02','CURPAHUASI','2010-12-13 17:59:32',NULL,'1'),
('030703',1,'03','07','03','GAMARRA','2010-12-13 17:59:32',NULL,'1'),
('030704',1,'03','07','04','HUAYLLATI','2010-12-13 17:59:32',NULL,'1'),
('030705',1,'03','07','05','MAMARA','2010-12-13 17:59:32',NULL,'1'),
('030706',1,'03','07','06','MICAELA BASTIDAS','2010-12-13 17:59:32',NULL,'1'),
('030707',1,'03','07','07','PATAYPAMPA','2010-12-13 17:59:32',NULL,'1'),
('030708',1,'03','07','08','PROGRESO','2010-12-13 17:59:32',NULL,'1'),
('030709',1,'03','07','09','SAN ANTONIO','2010-12-13 17:59:32',NULL,'1'),
('030710',1,'03','07','10','SANTA ROSA','2010-12-13 17:59:32',NULL,'1'),
('030711',1,'03','07','11','TURPAY','2010-12-13 17:59:32',NULL,'1'),
('030712',1,'03','07','12','VILCABAMBA','2010-12-13 17:59:32',NULL,'1'),
('030713',1,'03','07','13','VIRUNDO','2010-12-13 17:59:32',NULL,'1'),
('030714',1,'03','07','14','CURASCO','2010-12-13 17:59:32',NULL,'1'),
('040000',1,'04','00','00','AREQUIPA','2010-12-13 17:59:32',NULL,'1'),
('040100',1,'04','01','00','AREQUIPA','2010-12-13 17:59:32',NULL,'1'),
('040101',1,'04','01','01','AREQUIPA','2010-12-13 17:59:32',NULL,'1'),
('040102',1,'04','01','02','ALTO SELVA ALEGRE','2010-12-13 17:59:32',NULL,'1'),
('040103',1,'04','01','03','CAYMA','2010-12-13 17:59:32',NULL,'1'),
('040104',1,'04','01','04','CERRO COLORADO','2010-12-13 17:59:32',NULL,'1'),
('040105',1,'04','01','05','CHARACATO','2010-12-13 17:59:32',NULL,'1'),
('040106',1,'04','01','06','CHIGUATA','2010-12-13 17:59:32',NULL,'1'),
('040107',1,'04','01','07','JACOBO HUNTER','2010-12-13 17:59:32',NULL,'1'),
('040108',1,'04','01','08','LA JOYA','2010-12-13 17:59:32',NULL,'1'),
('040109',1,'04','01','09','MARIANO MELGAR','2010-12-13 17:59:32',NULL,'1'),
('040110',1,'04','01','10','MIRAFLORES','2010-12-13 17:59:32',NULL,'1'),
('040111',1,'04','01','11','MOLLEBAYA','2010-12-13 17:59:32',NULL,'1'),
('040112',1,'04','01','12','PAUCARPATA','2010-12-13 17:59:32',NULL,'1'),
('040113',1,'04','01','13','POCSI','2010-12-13 17:59:32',NULL,'1'),
('040114',1,'04','01','14','POLOBAYA','2010-12-13 17:59:32',NULL,'1'),
('040115',1,'04','01','15','QUEQUEÑA','2010-12-13 17:59:32',NULL,'1'),
('040116',1,'04','01','16','SABANDIA','2010-12-13 17:59:32',NULL,'1'),
('040117',1,'04','01','17','SACHACA','2010-12-13 17:59:32',NULL,'1'),
('040118',1,'04','01','18','SAN JUAN DE SIGUAS','2010-12-13 17:59:32',NULL,'1'),
('040119',1,'04','01','19','SAN JUAN DE TARUCANI','2010-12-13 17:59:32',NULL,'1'),
('040120',1,'04','01','20','SANTA ISABEL DE SIGUAS','2010-12-13 17:59:32',NULL,'1'),
('040121',1,'04','01','21','SANTA RITA DE SIGUAS','2010-12-13 17:59:32',NULL,'1'),
('040122',1,'04','01','22','SOCABAYA','2010-12-13 17:59:32',NULL,'1'),
('040123',1,'04','01','23','TIABAYA','2010-12-13 17:59:32',NULL,'1'),
('040124',1,'04','01','24','UCHUMAYO','2010-12-13 17:59:32',NULL,'1'),
('040125',1,'04','01','25','VITOR','2010-12-13 17:59:32',NULL,'1'),
('040126',1,'04','01','26','YANAHUARA','2010-12-13 17:59:32',NULL,'1'),
('040127',1,'04','01','27','YARABAMBA','2010-12-13 17:59:32',NULL,'1'),
('040128',1,'04','01','28','YURA','2010-12-13 17:59:32',NULL,'1'),
('040129',1,'04','01','29','JOSE LUIS BUSTAMANTE Y RIVERO','2010-12-13 17:59:32',NULL,'1'),
('040200',1,'04','02','00','CAMANA','2010-12-13 17:59:32',NULL,'1'),
('040201',1,'04','02','01','CAMANA','2010-12-13 17:59:32',NULL,'1'),
('040202',1,'04','02','02','JOSE MARIA QUIMPER','2010-12-13 17:59:32',NULL,'1'),
('040203',1,'04','02','03','MARIANO NICOLAS VALCARCEL','2010-12-13 17:59:32',NULL,'1'),
('040204',1,'04','02','04','MARISCAL CACERES','2010-12-13 17:59:32',NULL,'1'),
('040205',1,'04','02','05','NICOLAS DE PIEROLA','2010-12-13 17:59:32',NULL,'1'),
('040206',1,'04','02','06','OCOÑA','2010-12-13 17:59:32',NULL,'1'),
('040207',1,'04','02','07','QUILCA','2010-12-13 17:59:32',NULL,'1'),
('040208',1,'04','02','08','SAMUEL PASTOR','2010-12-13 17:59:32',NULL,'1'),
('040300',1,'04','03','00','CARAVELI','2010-12-13 17:59:32',NULL,'1'),
('040301',1,'04','03','01','CARAVELI','2010-12-13 17:59:32',NULL,'1'),
('040302',1,'04','03','02','ACARI','2010-12-13 17:59:32',NULL,'1'),
('040303',1,'04','03','03','ATICO','2010-12-13 17:59:32',NULL,'1'),
('040304',1,'04','03','04','ATIQUIPA','2010-12-13 17:59:32',NULL,'1'),
('040305',1,'04','03','05','BELLA UNION','2010-12-13 17:59:32',NULL,'1'),
('040306',1,'04','03','06','CAHUACHO','2010-12-13 17:59:32',NULL,'1'),
('040307',1,'04','03','07','CHALA','2010-12-13 17:59:32',NULL,'1'),
('040308',1,'04','03','08','CHAPARRA','2010-12-13 17:59:32',NULL,'1'),
('040309',1,'04','03','09','HUANUHUANU','2010-12-13 17:59:32',NULL,'1'),
('040310',1,'04','03','10','JAQUI','2010-12-13 17:59:32',NULL,'1'),
('040311',1,'04','03','11','LOMAS','2010-12-13 17:59:32',NULL,'1'),
('040312',1,'04','03','12','QUICACHA','2010-12-13 17:59:32',NULL,'1'),
('040313',1,'04','03','13','YAUCA','2010-12-13 17:59:32',NULL,'1'),
('040400',1,'04','04','00','CASTILLA','2010-12-13 17:59:32',NULL,'1'),
('040401',1,'04','04','01','APLAO','2010-12-13 17:59:32',NULL,'1'),
('040402',1,'04','04','02','ANDAGUA','2010-12-13 17:59:32',NULL,'1'),
('040403',1,'04','04','03','AYO','2010-12-13 17:59:32',NULL,'1'),
('040404',1,'04','04','04','CHACHAS','2010-12-13 17:59:32',NULL,'1'),
('040405',1,'04','04','05','CHILCAYMARCA','2010-12-13 17:59:32',NULL,'1'),
('040406',1,'04','04','06','CHOCO','2010-12-13 17:59:32',NULL,'1'),
('040407',1,'04','04','07','HUANCARQUI','2010-12-13 17:59:32',NULL,'1'),
('040408',1,'04','04','08','MACHAGUAY','2010-12-13 17:59:32',NULL,'1'),
('040409',1,'04','04','09','ORCOPAMPA','2010-12-13 17:59:32',NULL,'1'),
('040410',1,'04','04','10','PAMPACOLCA','2010-12-13 17:59:32',NULL,'1'),
('040411',1,'04','04','11','TIPAN','2010-12-13 17:59:32',NULL,'1'),
('040412',1,'04','04','12','UÑON','2010-12-13 17:59:32',NULL,'1'),
('040413',1,'04','04','13','URACA','2010-12-13 17:59:32',NULL,'1'),
('040414',1,'04','04','14','VIRACO','2010-12-13 17:59:32',NULL,'1'),
('040500',1,'04','05','00','CAYLLOMA','2010-12-13 17:59:32',NULL,'1'),
('040501',1,'04','05','01','CHIVAY','2010-12-13 17:59:32',NULL,'1'),
('040502',1,'04','05','02','ACHOMA','2010-12-13 17:59:32',NULL,'1'),
('040503',1,'04','05','03','CABANACONDE','2010-12-13 17:59:32',NULL,'1'),
('040504',1,'04','05','04','CALLALLI','2010-12-13 17:59:32',NULL,'1'),
('040505',1,'04','05','05','CAYLLOMA','2010-12-13 17:59:32',NULL,'1'),
('040506',1,'04','05','06','COPORAQUE','2010-12-13 17:59:32',NULL,'1'),
('040507',1,'04','05','07','HUAMBO','2010-12-13 17:59:32',NULL,'1'),
('040508',1,'04','05','08','HUANCA','2010-12-13 17:59:32',NULL,'1'),
('040509',1,'04','05','09','ICHUPAMPA','2010-12-13 17:59:32',NULL,'1'),
('040510',1,'04','05','10','LARI','2010-12-13 17:59:32',NULL,'1'),
('040511',1,'04','05','11','LLUTA','2010-12-13 17:59:32',NULL,'1'),
('040512',1,'04','05','12','MACA','2010-12-13 17:59:32',NULL,'1'),
('040513',1,'04','05','13','MADRIGAL','2010-12-13 17:59:32',NULL,'1'),
('040514',1,'04','05','14','SAN ANTONIO DE CHUCA','2010-12-13 17:59:32',NULL,'1'),
('040515',1,'04','05','15','SIBAYO','2010-12-13 17:59:32',NULL,'1'),
('040516',1,'04','05','16','TAPAY','2010-12-13 17:59:32',NULL,'1'),
('040517',1,'04','05','17','TISCO','2010-12-13 17:59:32',NULL,'1'),
('040518',1,'04','05','18','TUTI','2010-12-13 17:59:32',NULL,'1'),
('040519',1,'04','05','19','YANQUE','2010-12-13 17:59:32',NULL,'1'),
('040520',1,'04','05','20','MAJES','2010-12-13 17:59:32',NULL,'1'),
('040600',1,'04','06','00','CONDESUYOS','2010-12-13 17:59:32',NULL,'1'),
('040601',1,'04','06','01','CHUQUIBAMBA','2010-12-13 17:59:32',NULL,'1'),
('040602',1,'04','06','02','ANDARAY','2010-12-13 17:59:32',NULL,'1'),
('040603',1,'04','06','03','CAYARANI','2010-12-13 17:59:32',NULL,'1'),
('040604',1,'04','06','04','CHICHAS','2010-12-13 17:59:32',NULL,'1'),
('040605',1,'04','06','05','IRAY','2010-12-13 17:59:32',NULL,'1'),
('040606',1,'04','06','06','RIO GRANDE','2010-12-13 17:59:32',NULL,'1'),
('040607',1,'04','06','07','SALAMANCA','2010-12-13 17:59:32',NULL,'1'),
('040608',1,'04','06','08','YANAQUIHUA','2010-12-13 17:59:32',NULL,'1'),
('040700',1,'04','07','00','ISLAY','2010-12-13 17:59:32',NULL,'1'),
('040701',1,'04','07','01','MOLLENDO','2010-12-13 17:59:32',NULL,'1'),
('040702',1,'04','07','02','COCACHACRA','2010-12-13 17:59:32',NULL,'1'),
('040703',1,'04','07','03','DEAN VALDIVIA','2010-12-13 17:59:32',NULL,'1'),
('040704',1,'04','07','04','ISLAY','2010-12-13 17:59:32',NULL,'1'),
('040705',1,'04','07','05','MEJIA','2010-12-13 17:59:32',NULL,'1'),
('040706',1,'04','07','06','PUNTA DE BOMBON','2010-12-13 17:59:32',NULL,'1'),
('040800',1,'04','08','00','LA UNION','2010-12-13 17:59:32',NULL,'1'),
('040801',1,'04','08','01','COTAHUASI','2010-12-13 17:59:32',NULL,'1'),
('040802',1,'04','08','02','ALCA','2010-12-13 17:59:32',NULL,'1'),
('040803',1,'04','08','03','CHARCANA','2010-12-13 17:59:32',NULL,'1'),
('040804',1,'04','08','04','HUAYNACOTAS','2010-12-13 17:59:32',NULL,'1'),
('040805',1,'04','08','05','PAMPAMARCA','2010-12-13 17:59:32',NULL,'1'),
('040806',1,'04','08','06','PUYCA','2010-12-13 17:59:32',NULL,'1'),
('040807',1,'04','08','07','QUECHUALLA','2010-12-13 17:59:32',NULL,'1'),
('040808',1,'04','08','08','SAYLA','2010-12-13 17:59:32',NULL,'1'),
('040809',1,'04','08','09','TAURIA','2010-12-13 17:59:32',NULL,'1'),
('040810',1,'04','08','10','TOMEPAMPA','2010-12-13 17:59:32',NULL,'1'),
('040811',1,'04','08','11','TORO','2010-12-13 17:59:32',NULL,'1'),
('050000',1,'05','00','00','AYACUCHO','2010-12-13 17:59:32',NULL,'1'),
('050100',1,'05','01','00','HUAMANGA','2010-12-13 17:59:32',NULL,'1'),
('050101',1,'05','01','01','AYACUCHO','2010-12-13 17:59:32',NULL,'1'),
('050102',1,'05','01','02','ACOCRO','2010-12-13 17:59:32',NULL,'1'),
('050103',1,'05','01','03','ACOS VINCHOS','2010-12-13 17:59:32',NULL,'1'),
('050104',1,'05','01','04','CARMEN ALTO','2010-12-13 17:59:32',NULL,'1'),
('050105',1,'05','01','05','CHIARA','2010-12-13 17:59:32',NULL,'1'),
('050106',1,'05','01','06','OCROS','2010-12-13 17:59:32',NULL,'1'),
('050107',1,'05','01','07','PACAYCASA','2010-12-13 17:59:32',NULL,'1'),
('050108',1,'05','01','08','QUINUA','2010-12-13 17:59:32',NULL,'1'),
('050109',1,'05','01','09','SAN JOSE DE TICLLAS','2010-12-13 17:59:32',NULL,'1'),
('050110',1,'05','01','10','SAN JUAN BAUTISTA','2010-12-13 17:59:32',NULL,'1'),
('050111',1,'05','01','11','SANTIAGO DE PISCHA','2010-12-13 17:59:32',NULL,'1'),
('050112',1,'05','01','12','SOCOS','2010-12-13 17:59:32',NULL,'1'),
('050113',1,'05','01','13','TAMBILLO','2010-12-13 17:59:32',NULL,'1'),
('050114',1,'05','01','14','VINCHOS','2010-12-13 17:59:32',NULL,'1'),
('050115',1,'05','01','15','JESUS NAZARENO','2010-12-13 17:59:32',NULL,'1'),
('050200',1,'05','02','00','CANGALLO','2010-12-13 17:59:32',NULL,'1'),
('050201',1,'05','02','01','CANGALLO','2010-12-13 17:59:32',NULL,'1'),
('050202',1,'05','02','02','CHUSCHI','2010-12-13 17:59:32',NULL,'1'),
('050203',1,'05','02','03','LOS MOROCHUCOS','2010-12-13 17:59:32',NULL,'1'),
('050204',1,'05','02','04','MARIA PARADO DE BELLIDO','2010-12-13 17:59:32',NULL,'1'),
('050205',1,'05','02','05','PARAS','2010-12-13 17:59:32',NULL,'1'),
('050206',1,'05','02','06','TOTOS','2010-12-13 17:59:32',NULL,'1'),
('050300',1,'05','03','00','HUANCA SANCOS','2010-12-13 17:59:32',NULL,'1'),
('050301',1,'05','03','01','SANCOS','2010-12-13 17:59:32',NULL,'1'),
('050302',1,'05','03','02','CARAPO','2010-12-13 17:59:32',NULL,'1'),
('050303',1,'05','03','03','SACSAMARCA','2010-12-13 17:59:32',NULL,'1'),
('050304',1,'05','03','04','SANTIAGO DE LUCANAMARCA','2010-12-13 17:59:32',NULL,'1'),
('050400',1,'05','04','00','HUANTA','2010-12-13 17:59:32',NULL,'1'),
('050401',1,'05','04','01','HUANTA','2010-12-13 17:59:32',NULL,'1'),
('050402',1,'05','04','02','AYAHUANCO','2010-12-13 17:59:32',NULL,'1'),
('050403',1,'05','04','03','HUAMANGUILLA','2010-12-13 17:59:32',NULL,'1'),
('050404',1,'05','04','04','IGUAIN','2010-12-13 17:59:32',NULL,'1'),
('050405',1,'05','04','05','LURICOCHA','2010-12-13 17:59:32',NULL,'1'),
('050406',1,'05','04','06','SANTILLANA','2010-12-13 17:59:32',NULL,'1'),
('050407',1,'05','04','07','SIVIA','2010-12-13 17:59:32',NULL,'1'),
('050408',1,'05','04','08','LLOCHEGUA','2010-12-13 17:59:32',NULL,'1'),
('050500',1,'05','05','00','LA MAR','2010-12-13 17:59:32',NULL,'1'),
('050501',1,'05','05','01','SAN MIGUEL','2010-12-13 17:59:32',NULL,'1'),
('050502',1,'05','05','02','ANCO','2010-12-13 17:59:32',NULL,'1'),
('050503',1,'05','05','03','AYNA','2010-12-13 17:59:32',NULL,'1'),
('050504',1,'05','05','04','CHILCAS','2010-12-13 17:59:32',NULL,'1'),
('050505',1,'05','05','05','CHUNGUI','2010-12-13 17:59:32',NULL,'1'),
('050506',1,'05','05','06','LUIS CARRANZA','2010-12-13 17:59:32',NULL,'1'),
('050507',1,'05','05','07','SANTA ROSA','2010-12-13 17:59:32',NULL,'1'),
('050508',1,'05','05','08','TAMBO','2010-12-13 17:59:32',NULL,'1'),
('050600',1,'05','06','00','LUCANAS','2010-12-13 17:59:32',NULL,'1'),
('050601',1,'05','06','01','PUQUIO','2010-12-13 17:59:32',NULL,'1'),
('050602',1,'05','06','02','AUCARA','2010-12-13 17:59:32',NULL,'1'),
('050603',1,'05','06','03','CABANA','2010-12-13 17:59:32',NULL,'1'),
('050604',1,'05','06','04','CARMEN SALCEDO','2010-12-13 17:59:32',NULL,'1'),
('050605',1,'05','06','05','CHAVIÑA','2010-12-13 17:59:32',NULL,'1'),
('050606',1,'05','06','06','CHIPAO','2010-12-13 17:59:32',NULL,'1'),
('050607',1,'05','06','07','HUAC-HUAS','2010-12-13 17:59:32',NULL,'1'),
('050608',1,'05','06','08','LARAMATE','2010-12-13 17:59:32',NULL,'1'),
('050609',1,'05','06','09','LEONCIO PRADO','2010-12-13 17:59:32',NULL,'1'),
('050610',1,'05','06','10','LLAUTA','2010-12-13 17:59:32',NULL,'1'),
('050611',1,'05','06','11','LUCANAS','2010-12-13 17:59:32',NULL,'1'),
('050612',1,'05','06','12','OCAÑA','2010-12-13 17:59:32',NULL,'1'),
('050613',1,'05','06','13','OTOCA','2010-12-13 17:59:32',NULL,'1'),
('050614',1,'05','06','14','SAISA','2010-12-13 17:59:32',NULL,'1'),
('050615',1,'05','06','15','SAN CRISTOBAL','2010-12-13 17:59:32',NULL,'1'),
('050616',1,'05','06','16','SAN JUAN','2010-12-13 17:59:32',NULL,'1'),
('050617',1,'05','06','17','SAN PEDRO','2010-12-13 17:59:32',NULL,'1'),
('050618',1,'05','06','18','SAN PEDRO DE PALCO','2010-12-13 17:59:32',NULL,'1'),
('050619',1,'05','06','19','SANCOS','2010-12-13 17:59:32',NULL,'1'),
('050620',1,'05','06','20','SANTA ANA DE HUAYCAHUACHO','2010-12-13 17:59:32',NULL,'1'),
('050621',1,'05','06','21','SANTA LUCIA','2010-12-13 17:59:32',NULL,'1'),
('050700',1,'05','07','00','PARINACOCHAS','2010-12-13 17:59:32',NULL,'1'),
('050701',1,'05','07','01','CORACORA','2010-12-13 17:59:32',NULL,'1'),
('050702',1,'05','07','02','CHUMPI','2010-12-13 17:59:32',NULL,'1'),
('050703',1,'05','07','03','CORONEL CASTAÑEDA','2010-12-13 17:59:32',NULL,'1'),
('050704',1,'05','07','04','PACAPAUSA','2010-12-13 17:59:32',NULL,'1'),
('050705',1,'05','07','05','PULLO','2010-12-13 17:59:32',NULL,'1'),
('050706',1,'05','07','06','PUYUSCA','2010-12-13 17:59:32',NULL,'1'),
('050707',1,'05','07','07','SAN FRANCISCO DE RAVACAYCO','2010-12-13 17:59:32',NULL,'1'),
('050708',1,'05','07','08','UPAHUACHO','2010-12-13 17:59:32',NULL,'1'),
('050800',1,'05','08','00','PAUCAR DEL SARA SARA','2010-12-13 17:59:32',NULL,'1'),
('050801',1,'05','08','01','PAUSA','2010-12-13 17:59:32',NULL,'1'),
('050802',1,'05','08','02','COLTA','2010-12-13 17:59:32',NULL,'1'),
('050803',1,'05','08','03','CORCULLA','2010-12-13 17:59:32',NULL,'1'),
('050804',1,'05','08','04','LAMPA','2010-12-13 17:59:32',NULL,'1'),
('050805',1,'05','08','05','MARCABAMBA','2010-12-13 17:59:32',NULL,'1'),
('050806',1,'05','08','06','OYOLO','2010-12-13 17:59:32',NULL,'1'),
('050807',1,'05','08','07','PARARCA','2010-12-13 17:59:32',NULL,'1'),
('050808',1,'05','08','08','SAN JAVIER DE ALPABAMBA','2010-12-13 17:59:32',NULL,'1'),
('050809',1,'05','08','09','SAN JOSE DE USHUA','2010-12-13 17:59:32',NULL,'1'),
('050810',1,'05','08','10','SARA SARA','2010-12-13 17:59:32',NULL,'1'),
('050900',1,'05','09','00','SUCRE','2010-12-13 17:59:32',NULL,'1'),
('050901',1,'05','09','01','QUEROBAMBA','2010-12-13 17:59:32',NULL,'1'),
('050902',1,'05','09','02','BELEN','2010-12-13 17:59:32',NULL,'1'),
('050903',1,'05','09','03','CHALCOS','2010-12-13 17:59:32',NULL,'1'),
('050904',1,'05','09','04','CHILCAYOC','2010-12-13 17:59:32',NULL,'1'),
('050905',1,'05','09','05','HUACAÑA','2010-12-13 17:59:32',NULL,'1'),
('050906',1,'05','09','06','MORCOLLA','2010-12-13 17:59:32',NULL,'1'),
('050907',1,'05','09','07','PAICO','2010-12-13 17:59:32',NULL,'1'),
('050908',1,'05','09','08','SAN PEDRO DE LARCAY','2010-12-13 17:59:32',NULL,'1'),
('050909',1,'05','09','09','SAN SALVADOR DE QUIJE','2010-12-13 17:59:32',NULL,'1'),
('050910',1,'05','09','10','SANTIAGO DE PAUCARAY','2010-12-13 17:59:32',NULL,'1'),
('050911',1,'05','09','11','SORAS','2010-12-13 17:59:32',NULL,'1'),
('051000',1,'05','10','00','VICTOR FAJARDO','2010-12-13 17:59:32',NULL,'1'),
('051001',1,'05','10','01','HUANCAPI','2010-12-13 17:59:32',NULL,'1'),
('051002',1,'05','10','02','ALCAMENCA','2010-12-13 17:59:32',NULL,'1'),
('051003',1,'05','10','03','APONGO','2010-12-13 17:59:32',NULL,'1'),
('051004',1,'05','10','04','ASQUIPATA','2010-12-13 17:59:32',NULL,'1'),
('051005',1,'05','10','05','CANARIA','2010-12-13 17:59:32',NULL,'1'),
('051006',1,'05','10','06','CAYARA','2010-12-13 17:59:32',NULL,'1'),
('051007',1,'05','10','07','COLCA','2010-12-13 17:59:32',NULL,'1'),
('051008',1,'05','10','08','HUAMANQUIQUIA','2010-12-13 17:59:32',NULL,'1'),
('051009',1,'05','10','09','HUANCARAYLLA','2010-12-13 17:59:32',NULL,'1'),
('051010',1,'05','10','10','HUAYA','2010-12-13 17:59:32',NULL,'1'),
('051011',1,'05','10','11','SARHUA','2010-12-13 17:59:32',NULL,'1'),
('051012',1,'05','10','12','VILCANCHOS','2010-12-13 17:59:32',NULL,'1'),
('051100',1,'05','11','00','VILCAS HUAMAN','2010-12-13 17:59:32',NULL,'1'),
('051101',1,'05','11','01','VILCAS HUAMAN','2010-12-13 17:59:32',NULL,'1'),
('051102',1,'05','11','02','ACCOMARCA','2010-12-13 17:59:32',NULL,'1'),
('051103',1,'05','11','03','CARHUANCA','2010-12-13 17:59:32',NULL,'1'),
('051104',1,'05','11','04','CONCEPCION','2010-12-13 17:59:32',NULL,'1'),
('051105',1,'05','11','05','HUAMBALPA','2010-12-13 17:59:32',NULL,'1'),
('051106',1,'05','11','06','INDEPENDENCIA','2010-12-13 17:59:32',NULL,'1'),
('051107',1,'05','11','07','SAURAMA','2010-12-13 17:59:32',NULL,'1'),
('051108',1,'05','11','08','VISCHONGO','2010-12-13 17:59:32',NULL,'1'),
('060000',1,'06','00','00','CAJAMARCA','2010-12-13 17:59:32',NULL,'1'),
('060100',1,'06','01','00','CAJAMARCA','2010-12-13 17:59:32',NULL,'1'),
('060101',1,'06','01','01','CAJAMARCA','2010-12-13 17:59:32',NULL,'1'),
('060102',1,'06','01','02','ASUNCION','2010-12-13 17:59:32',NULL,'1'),
('060103',1,'06','01','03','CHETILLA','2010-12-13 17:59:32',NULL,'1'),
('060104',1,'06','01','04','COSPAN','2010-12-13 17:59:32',NULL,'1'),
('060105',1,'06','01','05','ENCAÑADA','2010-12-13 17:59:32',NULL,'1'),
('060106',1,'06','01','06','JESUS','2010-12-13 17:59:32',NULL,'1'),
('060107',1,'06','01','07','LLACANORA','2010-12-13 17:59:32',NULL,'1'),
('060108',1,'06','01','08','LOS BAÑOS DEL INCA','2010-12-13 17:59:32',NULL,'1'),
('060109',1,'06','01','09','MAGDALENA','2010-12-13 17:59:32',NULL,'1'),
('060110',1,'06','01','10','MATARA','2010-12-13 17:59:32',NULL,'1'),
('060111',1,'06','01','11','NAMORA','2010-12-13 17:59:32',NULL,'1'),
('060112',1,'06','01','12','SAN JUAN','2010-12-13 17:59:32',NULL,'1'),
('060200',1,'06','02','00','CAJABAMBA','2010-12-13 17:59:32',NULL,'1'),
('060201',1,'06','02','01','CAJABAMBA','2010-12-13 17:59:32',NULL,'1'),
('060202',1,'06','02','02','CACHACHI','2010-12-13 17:59:32',NULL,'1'),
('060203',1,'06','02','03','CONDEBAMBA','2010-12-13 17:59:32',NULL,'1'),
('060204',1,'06','02','04','SITACOCHA','2010-12-13 17:59:32',NULL,'1'),
('060300',1,'06','03','00','CELENDIN','2010-12-13 17:59:32',NULL,'1'),
('060301',1,'06','03','01','CELENDIN','2010-12-13 17:59:32',NULL,'1'),
('060302',1,'06','03','02','CHUMUCH','2010-12-13 17:59:32',NULL,'1'),
('060303',1,'06','03','03','CORTEGANA','2010-12-13 17:59:32',NULL,'1'),
('060304',1,'06','03','04','HUASMIN','2010-12-13 17:59:32',NULL,'1'),
('060305',1,'06','03','05','JORGE CHAVEZ','2010-12-13 17:59:32',NULL,'1'),
('060306',1,'06','03','06','JOSE GALVEZ','2010-12-13 17:59:32',NULL,'1'),
('060307',1,'06','03','07','MIGUEL IGLESIAS','2010-12-13 17:59:32',NULL,'1'),
('060308',1,'06','03','08','OXAMARCA','2010-12-13 17:59:32',NULL,'1'),
('060309',1,'06','03','09','SOROCHUCO','2010-12-13 17:59:32',NULL,'1'),
('060310',1,'06','03','10','SUCRE','2010-12-13 17:59:32',NULL,'1'),
('060311',1,'06','03','11','UTCO','2010-12-13 17:59:32',NULL,'1'),
('060312',1,'06','03','12','LA LIBERTAD DE PALLAN','2010-12-13 17:59:32',NULL,'1'),
('060400',1,'06','04','00','CHOTA','2010-12-13 17:59:32',NULL,'1'),
('060401',1,'06','04','01','CHOTA','2010-12-13 17:59:32',NULL,'1'),
('060402',1,'06','04','02','ANGUIA','2010-12-13 17:59:32',NULL,'1'),
('060403',1,'06','04','03','CHADIN','2010-12-13 17:59:32',NULL,'1'),
('060404',1,'06','04','04','CHIGUIRIP','2010-12-13 17:59:32',NULL,'1'),
('060405',1,'06','04','05','CHIMBAN','2010-12-13 17:59:32',NULL,'1'),
('060406',1,'06','04','06','CHOROPAMPA','2010-12-13 17:59:32',NULL,'1'),
('060407',1,'06','04','07','COCHABAMBA','2010-12-13 17:59:32',NULL,'1'),
('060408',1,'06','04','08','CONCHAN','2010-12-13 17:59:32',NULL,'1'),
('060409',1,'06','04','09','HUAMBOS','2010-12-13 17:59:32',NULL,'1'),
('060410',1,'06','04','10','LAJAS','2010-12-13 17:59:32',NULL,'1'),
('060411',1,'06','04','11','LLAMA','2010-12-13 17:59:32',NULL,'1'),
('060412',1,'06','04','12','MIRACOSTA','2010-12-13 17:59:32',NULL,'1'),
('060413',1,'06','04','13','PACCHA','2010-12-13 17:59:32',NULL,'1'),
('060414',1,'06','04','14','PION','2010-12-13 17:59:32',NULL,'1'),
('060415',1,'06','04','15','QUEROCOTO','2010-12-13 17:59:32',NULL,'1'),
('060416',1,'06','04','16','SAN JUAN DE LICUPIS','2010-12-13 17:59:32',NULL,'1'),
('060417',1,'06','04','17','TACABAMBA','2010-12-13 17:59:32',NULL,'1'),
('060418',1,'06','04','18','TOCMOCHE','2010-12-13 17:59:32',NULL,'1'),
('060419',1,'06','04','19','CHALAMARCA','2010-12-13 17:59:32',NULL,'1'),
('060500',1,'06','05','00','CONTUMAZA','2010-12-13 17:59:32',NULL,'1'),
('060501',1,'06','05','01','CONTUMAZA','2010-12-13 17:59:32',NULL,'1'),
('060502',1,'06','05','02','CHILETE','2010-12-13 17:59:32',NULL,'1'),
('060503',1,'06','05','03','CUPISNIQUE','2010-12-13 17:59:32',NULL,'1'),
('060504',1,'06','05','04','GUZMANGO','2010-12-13 17:59:32',NULL,'1'),
('060505',1,'06','05','05','SAN BENITO','2010-12-13 17:59:32',NULL,'1'),
('060506',1,'06','05','06','SANTA CRUZ DE TOLED','2010-12-13 17:59:32',NULL,'1'),
('060507',1,'06','05','07','TANTARICA','2010-12-13 17:59:32',NULL,'1'),
('060508',1,'06','05','08','YONAN','2010-12-13 17:59:32',NULL,'1'),
('060600',1,'06','06','00','CUTERVO','2010-12-13 17:59:32',NULL,'1'),
('060601',1,'06','06','01','CUTERVO','2010-12-13 17:59:32',NULL,'1'),
('060602',1,'06','06','02','CALLAYUC','2010-12-13 17:59:32',NULL,'1'),
('060603',1,'06','06','03','CHOROS','2010-12-13 17:59:32',NULL,'1'),
('060604',1,'06','06','04','CUJILLO','2010-12-13 17:59:32',NULL,'1'),
('060605',1,'06','06','05','LA RAMADA','2010-12-13 17:59:32',NULL,'1'),
('060606',1,'06','06','06','PIMPINGOS','2010-12-13 17:59:32',NULL,'1'),
('060607',1,'06','06','07','QUEROCOTILLO','2010-12-13 17:59:32',NULL,'1'),
('060608',1,'06','06','08','SAN ANDRES DE CUTERVO','2010-12-13 17:59:32',NULL,'1'),
('060609',1,'06','06','09','SAN JUAN DE CUTERVO','2010-12-13 17:59:32',NULL,'1'),
('060610',1,'06','06','10','SAN LUIS DE LUCMA','2010-12-13 17:59:32',NULL,'1'),
('060611',1,'06','06','11','SANTA CRUZ','2010-12-13 17:59:32',NULL,'1'),
('060612',1,'06','06','12','SANTO DOMINGO DE LA CAPILLA','2010-12-13 17:59:32',NULL,'1'),
('060613',1,'06','06','13','SANTO TOMAS','2010-12-13 17:59:32',NULL,'1'),
('060614',1,'06','06','14','SOCOTA','2010-12-13 17:59:32',NULL,'1'),
('060615',1,'06','06','15','TORIBIO CASANOVA','2010-12-13 17:59:32',NULL,'1'),
('060700',1,'06','07','00','HUALGAYOC','2010-12-13 17:59:32',NULL,'1'),
('060701',1,'06','07','01','BAMBAMARCA','2010-12-13 17:59:32',NULL,'1'),
('060702',1,'06','07','02','CHUGUR','2010-12-13 17:59:32',NULL,'1'),
('060703',1,'06','07','03','HUALGAYOC','2010-12-13 17:59:32',NULL,'1'),
('060800',1,'06','08','00','JAEN','2010-12-13 17:59:32',NULL,'1'),
('060801',1,'06','08','01','JAEN','2010-12-13 17:59:32',NULL,'1'),
('060802',1,'06','08','02','BELLAVISTA','2010-12-13 17:59:32',NULL,'1'),
('060803',1,'06','08','03','CHONTALI','2010-12-13 17:59:32',NULL,'1'),
('060804',1,'06','08','04','COLASAY','2010-12-13 17:59:32',NULL,'1'),
('060805',1,'06','08','05','HUABAL','2010-12-13 17:59:32',NULL,'1'),
('060806',1,'06','08','06','LAS PIRIAS','2010-12-13 17:59:32',NULL,'1'),
('060807',1,'06','08','07','POMAHUACA','2010-12-13 17:59:32',NULL,'1'),
('060808',1,'06','08','08','PUCARA','2010-12-13 17:59:32',NULL,'1'),
('060809',1,'06','08','09','SALLIQUE','2010-12-13 17:59:32',NULL,'1'),
('060810',1,'06','08','10','SAN FELIPE','2010-12-13 17:59:32',NULL,'1'),
('060811',1,'06','08','11','SAN JOSE DEL ALTO','2010-12-13 17:59:32',NULL,'1'),
('060812',1,'06','08','12','SANTA ROSA','2010-12-13 17:59:32',NULL,'1'),
('060900',1,'06','09','00','SAN IGNACIO','2010-12-13 17:59:32',NULL,'1'),
('060901',1,'06','09','01','SAN IGNACIO','2010-12-13 17:59:32',NULL,'1'),
('060902',1,'06','09','02','CHIRINOS','2010-12-13 17:59:32',NULL,'1'),
('060903',1,'06','09','03','HUARANGO','2010-12-13 17:59:32',NULL,'1'),
('060904',1,'06','09','04','LA COIPA','2010-12-13 17:59:32',NULL,'1'),
('060905',1,'06','09','05','NAMBALLE','2010-12-13 17:59:32',NULL,'1'),
('060906',1,'06','09','06','SAN JOSE DE LOURDES','2010-12-13 17:59:32',NULL,'1'),
('060907',1,'06','09','07','TABACONAS','2010-12-13 17:59:32',NULL,'1'),
('061000',1,'06','10','00','SAN MARCOS','2010-12-13 17:59:32',NULL,'1'),
('061001',1,'06','10','01','PEDRO GALVEZ','2010-12-13 17:59:32',NULL,'1'),
('061002',1,'06','10','02','CHANCAY','2010-12-13 17:59:32',NULL,'1'),
('061003',1,'06','10','03','EDUARDO VILLANUEVA','2010-12-13 17:59:32',NULL,'1'),
('061004',1,'06','10','04','GREGORIO PITA','2010-12-13 17:59:32',NULL,'1'),
('061005',1,'06','10','05','ICHOCAN','2010-12-13 17:59:32',NULL,'1'),
('061006',1,'06','10','06','JOSE MANUEL QUIROZ','2010-12-13 17:59:32',NULL,'1'),
('061007',1,'06','10','07','JOSE SABOGAL','2010-12-13 17:59:32',NULL,'1'),
('061100',1,'06','11','00','SAN MIGUEL','2010-12-13 17:59:32',NULL,'1'),
('061101',1,'06','11','01','SAN MIGUEL','2010-12-13 17:59:32',NULL,'1'),
('061102',1,'06','11','02','BOLIVAR','2010-12-13 17:59:32',NULL,'1'),
('061103',1,'06','11','03','CALQUIS','2010-12-13 17:59:32',NULL,'1'),
('061104',1,'06','11','04','CATILLUC','2010-12-13 17:59:32',NULL,'1'),
('061105',1,'06','11','05','EL PRADO','2010-12-13 17:59:32',NULL,'1'),
('061106',1,'06','11','06','LA FLORIDA','2010-12-13 17:59:32',NULL,'1'),
('061107',1,'06','11','07','LLAPA','2010-12-13 17:59:32',NULL,'1'),
('061108',1,'06','11','08','NANCHOC','2010-12-13 17:59:32',NULL,'1'),
('061109',1,'06','11','09','NIEPOS','2010-12-13 17:59:32',NULL,'1'),
('061110',1,'06','11','10','SAN GREGORIO','2010-12-13 17:59:32',NULL,'1'),
('061111',1,'06','11','11','SAN SILVESTRE DE COCHAN','2010-12-13 17:59:32',NULL,'1'),
('061112',1,'06','11','12','TONGOD','2010-12-13 17:59:32',NULL,'1'),
('061113',1,'06','11','13','UNION AGUA BLANCA','2010-12-13 17:59:32',NULL,'1'),
('061200',1,'06','12','00','SAN PABLO','2010-12-13 17:59:32',NULL,'1'),
('061201',1,'06','12','01','SAN PABLO','2010-12-13 17:59:32',NULL,'1'),
('061202',1,'06','12','02','SAN BERNARDINO','2010-12-13 17:59:32',NULL,'1'),
('061203',1,'06','12','03','SAN LUIS','2010-12-13 17:59:32',NULL,'1'),
('061204',1,'06','12','04','TUMBADEN','2010-12-13 17:59:32',NULL,'1'),
('061300',1,'06','13','00','SANTA CRUZ','2010-12-13 17:59:32',NULL,'1'),
('061301',1,'06','13','01','SANTA CRUZ','2010-12-13 17:59:32',NULL,'1'),
('061302',1,'06','13','02','ANDABAMBA','2010-12-13 17:59:32',NULL,'1'),
('061303',1,'06','13','03','CATACHE','2010-12-13 17:59:32',NULL,'1'),
('061304',1,'06','13','04','CHANCAYBAÑOS','2010-12-13 17:59:32',NULL,'1'),
('061305',1,'06','13','05','LA ESPERANZA','2010-12-13 17:59:32',NULL,'1'),
('061306',1,'06','13','06','NINABAMBA','2010-12-13 17:59:32',NULL,'1'),
('061307',1,'06','13','07','PULAN','2010-12-13 17:59:32',NULL,'1'),
('061308',1,'06','13','08','SAUCEPAMPA','2010-12-13 17:59:32',NULL,'1'),
('061309',1,'06','13','09','SEXI','2010-12-13 17:59:32',NULL,'1'),
('061310',1,'06','13','10','UTICYACU','2010-12-13 17:59:32',NULL,'1'),
('061311',1,'06','13','11','YAUYUCAN','2010-12-13 17:59:32',NULL,'1'),
('070000',1,'07','00','00','CALLAO','2010-12-13 17:59:32',NULL,'1'),
('070100',1,'07','01','00','CALLAO','2010-12-13 17:59:32',NULL,'1'),
('070101',1,'07','01','01','CALLAO','2010-12-13 17:59:32',NULL,'1'),
('070102',1,'07','01','02','BELLAVISTA','2010-12-13 17:59:32',NULL,'1'),
('070103',1,'07','01','03','CARMEN DE LA LEGUA REYNOSO','2010-12-13 17:59:32',NULL,'1'),
('070104',1,'07','01','04','LA PERLA','2010-12-13 17:59:32',NULL,'1'),
('070105',1,'07','01','05','LA PUNTA','2010-12-13 17:59:32',NULL,'1'),
('070106',1,'07','01','06','VENTANILLA','2010-12-13 17:59:32',NULL,'1'),
('080000',1,'08','00','00','CUSCO','2010-12-13 17:59:32',NULL,'1'),
('080100',1,'08','01','00','CUSCO','2010-12-13 17:59:32',NULL,'1'),
('080101',1,'08','01','01','CUSCO','2010-12-13 17:59:32',NULL,'1'),
('080102',1,'08','01','02','CCORCA','2010-12-13 17:59:32',NULL,'1'),
('080103',1,'08','01','03','POROY','2010-12-13 17:59:32',NULL,'1'),
('080104',1,'08','01','04','SAN JERONIMO','2010-12-13 17:59:32',NULL,'1'),
('080105',1,'08','01','05','SAN SEBASTIAN','2010-12-13 17:59:32',NULL,'1'),
('080106',1,'08','01','06','SANTIAGO','2010-12-13 17:59:32',NULL,'1'),
('080107',1,'08','01','07','SAYLLA','2010-12-13 17:59:32',NULL,'1'),
('080108',1,'08','01','08','WANCHAQ','2010-12-13 17:59:32',NULL,'1'),
('080200',1,'08','02','00','ACOMAYO','2010-12-13 17:59:32',NULL,'1'),
('080201',1,'08','02','01','ACOMAYO','2010-12-13 17:59:32',NULL,'1'),
('080202',1,'08','02','02','ACOPIA','2010-12-13 17:59:32',NULL,'1'),
('080203',1,'08','02','03','ACOS','2010-12-13 17:59:32',NULL,'1'),
('080204',1,'08','02','04','MOSOC LLACTA','2010-12-13 17:59:32',NULL,'1'),
('080205',1,'08','02','05','POMACANCHI','2010-12-13 17:59:32',NULL,'1'),
('080206',1,'08','02','06','RONDOCAN','2010-12-13 17:59:32',NULL,'1'),
('080207',1,'08','02','07','SANGARARA','2010-12-13 17:59:32',NULL,'1'),
('080300',1,'08','03','00','ANTA','2010-12-13 17:59:32',NULL,'1'),
('080301',1,'08','03','01','ANTA','2010-12-13 17:59:32',NULL,'1'),
('080302',1,'08','03','02','ANCAHUASI','2010-12-13 17:59:32',NULL,'1'),
('080303',1,'08','03','03','CACHIMAYO','2010-12-13 17:59:32',NULL,'1'),
('080304',1,'08','03','04','CHINCHAYPUJIO','2010-12-13 17:59:32',NULL,'1'),
('080305',1,'08','03','05','HUAROCONDO','2010-12-13 17:59:32',NULL,'1'),
('080306',1,'08','03','06','LIMATAMBO','2010-12-13 17:59:32',NULL,'1'),
('080307',1,'08','03','07','MOLLEPATA','2010-12-13 17:59:32',NULL,'1'),
('080308',1,'08','03','08','PUCYURA','2010-12-13 17:59:32',NULL,'1'),
('080309',1,'08','03','09','ZURITE','2010-12-13 17:59:32',NULL,'1'),
('080400',1,'08','04','00','CALCA','2010-12-13 17:59:32',NULL,'1'),
('080401',1,'08','04','01','CALCA','2010-12-13 17:59:32',NULL,'1'),
('080402',1,'08','04','02','COYA','2010-12-13 17:59:32',NULL,'1'),
('080403',1,'08','04','03','LAMAY','2010-12-13 17:59:32',NULL,'1'),
('080404',1,'08','04','04','LARES','2010-12-13 17:59:32',NULL,'1'),
('080405',1,'08','04','05','PISAC','2010-12-13 17:59:32',NULL,'1'),
('080406',1,'08','04','06','SAN SALVADOR','2010-12-13 17:59:32',NULL,'1'),
('080407',1,'08','04','07','TARAY','2010-12-13 17:59:32',NULL,'1'),
('080408',1,'08','04','08','YANATILE','2010-12-13 17:59:32',NULL,'1'),
('080500',1,'08','05','00','CANAS','2010-12-13 17:59:32',NULL,'1'),
('080501',1,'08','05','01','YANAOCA','2010-12-13 17:59:32',NULL,'1'),
('080502',1,'08','05','02','CHECCA','2010-12-13 17:59:32',NULL,'1'),
('080503',1,'08','05','03','KUNTURKANKI','2010-12-13 17:59:32',NULL,'1'),
('080504',1,'08','05','04','LANGUI','2010-12-13 17:59:32',NULL,'1'),
('080505',1,'08','05','05','LAYO','2010-12-13 17:59:32',NULL,'1'),
('080506',1,'08','05','06','PAMPAMARCA','2010-12-13 17:59:32',NULL,'1'),
('080507',1,'08','05','07','QUEHUE','2010-12-13 17:59:32',NULL,'1'),
('080508',1,'08','05','08','TUPAC AMARU','2010-12-13 17:59:32',NULL,'1'),
('080600',1,'08','06','00','CANCHIS','2010-12-13 17:59:32',NULL,'1'),
('080601',1,'08','06','01','SICUANI','2010-12-13 17:59:32',NULL,'1'),
('080602',1,'08','06','02','CHECACUPE','2010-12-13 17:59:32',NULL,'1'),
('080603',1,'08','06','03','COMBAPATA','2010-12-13 17:59:32',NULL,'1'),
('080604',1,'08','06','04','MARANGANI','2010-12-13 17:59:32',NULL,'1'),
('080605',1,'08','06','05','PITUMARCA','2010-12-13 17:59:32',NULL,'1'),
('080606',1,'08','06','06','SAN PABLO','2010-12-13 17:59:32',NULL,'1'),
('080607',1,'08','06','07','SAN PEDRO','2010-12-13 17:59:32',NULL,'1'),
('080608',1,'08','06','08','TINTA','2010-12-13 17:59:32',NULL,'1'),
('080700',1,'08','07','00','CHUMBIVILCAS','2010-12-13 17:59:32',NULL,'1'),
('080701',1,'08','07','01','SANTO TOMAS','2010-12-13 17:59:32',NULL,'1'),
('080702',1,'08','07','02','CAPACMARCA','2010-12-13 17:59:32',NULL,'1'),
('080703',1,'08','07','03','CHAMACA','2010-12-13 17:59:32',NULL,'1'),
('080704',1,'08','07','04','COLQUEMARCA','2010-12-13 17:59:32',NULL,'1'),
('080705',1,'08','07','05','LIVITACA','2010-12-13 17:59:32',NULL,'1'),
('080706',1,'08','07','06','LLUSCO','2010-12-13 17:59:32',NULL,'1'),
('080707',1,'08','07','07','QUIÑOTA','2010-12-13 17:59:32',NULL,'1'),
('080708',1,'08','07','08','VELILLE','2010-12-13 17:59:32',NULL,'1'),
('080800',1,'08','08','00','ESPINAR','2010-12-13 17:59:32',NULL,'1'),
('080801',1,'08','08','01','ESPINAR','2010-12-13 17:59:32',NULL,'1'),
('080802',1,'08','08','02','CONDOROMA','2010-12-13 17:59:32',NULL,'1'),
('080803',1,'08','08','03','COPORAQUE','2010-12-13 17:59:32',NULL,'1'),
('080804',1,'08','08','04','OCORURO','2010-12-13 17:59:32',NULL,'1'),
('080805',1,'08','08','05','PALLPATA','2010-12-13 17:59:32',NULL,'1'),
('080806',1,'08','08','06','PICHIGUA','2010-12-13 17:59:32',NULL,'1'),
('080807',1,'08','08','07','SUYCKUTAMBO','2010-12-13 17:59:32',NULL,'1'),
('080808',1,'08','08','08','ALTO PICHIGUA','2010-12-13 17:59:32',NULL,'1'),
('080900',1,'08','09','00','LA CONVENCION','2010-12-13 17:59:32',NULL,'1'),
('080901',1,'08','09','01','SANTA ANA','2010-12-13 17:59:32',NULL,'1'),
('080902',1,'08','09','02','ECHARATE','2010-12-13 17:59:32',NULL,'1'),
('080903',1,'08','09','03','HUAYOPATA','2010-12-13 17:59:32',NULL,'1'),
('080904',1,'08','09','04','MARANURA','2010-12-13 17:59:32',NULL,'1'),
('080905',1,'08','09','05','OCOBAMBA','2010-12-13 17:59:32',NULL,'1'),
('080906',1,'08','09','06','QUELLOUNO','2010-12-13 17:59:32',NULL,'1'),
('080907',1,'08','09','07','KIMBIRI','2010-12-13 17:59:32',NULL,'1'),
('080908',1,'08','09','08','SANTA TERESA','2010-12-13 17:59:32',NULL,'1'),
('080909',1,'08','09','09','VILCABAMBA','2010-12-13 17:59:32',NULL,'1'),
('080910',1,'08','09','10','PICHARI','2010-12-13 17:59:32',NULL,'1'),
('081000',1,'08','10','00','PARURO','2010-12-13 17:59:32',NULL,'1'),
('081001',1,'08','10','01','PARURO','2010-12-13 17:59:32',NULL,'1'),
('081002',1,'08','10','02','ACCHA','2010-12-13 17:59:32',NULL,'1'),
('081003',1,'08','10','03','CCAPI','2010-12-13 17:59:32',NULL,'1'),
('081004',1,'08','10','04','COLCHA','2010-12-13 17:59:32',NULL,'1'),
('081005',1,'08','10','05','HUANOQUITE','2010-12-13 17:59:32',NULL,'1'),
('081006',1,'08','10','06','OMACHA','2010-12-13 17:59:32',NULL,'1'),
('081007',1,'08','10','07','PACCARITAMBO','2010-12-13 17:59:32',NULL,'1'),
('081008',1,'08','10','08','PILLPINTO','2010-12-13 17:59:32',NULL,'1'),
('081009',1,'08','10','09','YAURISQUE','2010-12-13 17:59:32',NULL,'1'),
('081100',1,'08','11','00','PAUCARTAMBO','2010-12-13 17:59:32',NULL,'1'),
('081101',1,'08','11','01','PAUCARTAMBO','2010-12-13 17:59:32',NULL,'1'),
('081102',1,'08','11','02','CAICAY','2010-12-13 17:59:32',NULL,'1'),
('081103',1,'08','11','03','CHALLABAMBA','2010-12-13 17:59:32',NULL,'1'),
('081104',1,'08','11','04','COLQUEPATA','2010-12-13 17:59:32',NULL,'1'),
('081105',1,'08','11','05','HUANCARANI','2010-12-13 17:59:32',NULL,'1'),
('081106',1,'08','11','06','KOSÑIPATA','2010-12-13 17:59:32',NULL,'1'),
('081200',1,'08','12','00','QUISPICANCHI','2010-12-13 17:59:32',NULL,'1'),
('081201',1,'08','12','01','URCOS','2010-12-13 17:59:32',NULL,'1'),
('081202',1,'08','12','02','ANDAHUAYLILLAS','2010-12-13 17:59:32',NULL,'1'),
('081203',1,'08','12','03','CAMANTI','2010-12-13 17:59:32',NULL,'1'),
('081204',1,'08','12','04','CCARHUAYO','2010-12-13 17:59:32',NULL,'1'),
('081205',1,'08','12','05','CCATCA','2010-12-13 17:59:32',NULL,'1'),
('081206',1,'08','12','06','CUSIPATA','2010-12-13 17:59:32',NULL,'1'),
('081207',1,'08','12','07','HUARO','2010-12-13 17:59:32',NULL,'1'),
('081208',1,'08','12','08','LUCRE','2010-12-13 17:59:32',NULL,'1'),
('081209',1,'08','12','09','MARCAPATA','2010-12-13 17:59:32',NULL,'1'),
('081210',1,'08','12','10','OCONGATE','2010-12-13 17:59:32',NULL,'1'),
('081211',1,'08','12','11','OROPESA','2010-12-13 17:59:32',NULL,'1'),
('081212',1,'08','12','12','QUIQUIJANA','2010-12-13 17:59:32',NULL,'1'),
('081300',1,'08','13','00','URUBAMBA','2010-12-13 17:59:32',NULL,'1'),
('081301',1,'08','13','01','URUBAMBA','2010-12-13 17:59:32',NULL,'1'),
('081302',1,'08','13','02','CHINCHERO','2010-12-13 17:59:32',NULL,'1'),
('081303',1,'08','13','03','HUAYLLABAMBA','2010-12-13 17:59:32',NULL,'1'),
('081304',1,'08','13','04','MACHUPICCHU','2010-12-13 17:59:32',NULL,'1'),
('081305',1,'08','13','05','MARAS','2010-12-13 17:59:32',NULL,'1'),
('081306',1,'08','13','06','OLLANTAYTAMBO','2010-12-13 17:59:32',NULL,'1'),
('081307',1,'08','13','07','YUCAY','2010-12-13 17:59:32',NULL,'1'),
('090000',1,'09','00','00','HUANCAVELICA','2010-12-13 17:59:32',NULL,'1'),
('090100',1,'09','01','00','HUANCAVELICA','2010-12-13 17:59:32',NULL,'1'),
('090101',1,'09','01','01','HUANCAVELICA','2010-12-13 17:59:32',NULL,'1'),
('090102',1,'09','01','02','ACOBAMBILLA','2010-12-13 17:59:32',NULL,'1'),
('090103',1,'09','01','03','ACORIA','2010-12-13 17:59:32',NULL,'1'),
('090104',1,'09','01','04','CONAYCA','2010-12-13 17:59:32',NULL,'1'),
('090105',1,'09','01','05','CUENCA','2010-12-13 17:59:32',NULL,'1'),
('090106',1,'09','01','06','HUACHOCOLPA','2010-12-13 17:59:32',NULL,'1'),
('090107',1,'09','01','07','HUAYLLAHUARA','2010-12-13 17:59:32',NULL,'1'),
('090108',1,'09','01','08','IZCUCHACA','2010-12-13 17:59:32',NULL,'1'),
('090109',1,'09','01','09','LARIA','2010-12-13 17:59:32',NULL,'1'),
('090110',1,'09','01','10','MANTA','2010-12-13 17:59:32',NULL,'1'),
('090111',1,'09','01','11','MARISCAL CACERES','2010-12-13 17:59:32',NULL,'1'),
('090112',1,'09','01','12','MOYA','2010-12-13 17:59:32',NULL,'1'),
('090113',1,'09','01','13','NUEVO OCCORO','2010-12-13 17:59:32',NULL,'1'),
('090114',1,'09','01','14','PALCA','2010-12-13 17:59:32',NULL,'1'),
('090115',1,'09','01','15','PILCHACA','2010-12-13 17:59:32',NULL,'1'),
('090116',1,'09','01','16','VILCA','2010-12-13 17:59:32',NULL,'1'),
('090117',1,'09','01','17','YAULI','2010-12-13 17:59:32',NULL,'1'),
('090118',1,'09','01','18','ASCENSION','2010-12-13 17:59:32',NULL,'1'),
('090119',1,'09','01','19','HUANDO','2010-12-13 17:59:32',NULL,'1'),
('090200',1,'09','02','00','ACOBAMBA','2010-12-13 17:59:32',NULL,'1'),
('090201',1,'09','02','01','ACOBAMBA','2010-12-13 17:59:32',NULL,'1'),
('090202',1,'09','02','02','ANDABAMBA','2010-12-13 17:59:32',NULL,'1'),
('090203',1,'09','02','03','ANTA','2010-12-13 17:59:32',NULL,'1'),
('090204',1,'09','02','04','CAJA','2010-12-13 17:59:32',NULL,'1'),
('090205',1,'09','02','05','MARCAS','2010-12-13 17:59:32',NULL,'1'),
('090206',1,'09','02','06','PAUCARA','2010-12-13 17:59:32',NULL,'1'),
('090207',1,'09','02','07','POMACOCHA','2010-12-13 17:59:32',NULL,'1'),
('090208',1,'09','02','08','ROSARIO','2010-12-13 17:59:32',NULL,'1'),
('090300',1,'09','03','00','ANGARAES','2010-12-13 17:59:32',NULL,'1'),
('090301',1,'09','03','01','LIRCAY','2010-12-13 17:59:32',NULL,'1'),
('090302',1,'09','03','02','ANCHONGA','2010-12-13 17:59:32',NULL,'1'),
('090303',1,'09','03','03','CALLANMARCA','2010-12-13 17:59:32',NULL,'1'),
('090304',1,'09','03','04','CCOCHACCASA','2010-12-13 17:59:32',NULL,'1'),
('090305',1,'09','03','05','CHINCHO','2010-12-13 17:59:32',NULL,'1'),
('090306',1,'09','03','06','CONGALLA','2010-12-13 17:59:32',NULL,'1'),
('090307',1,'09','03','07','HUANCA-HUANCA','2010-12-13 17:59:32',NULL,'1'),
('090308',1,'09','03','08','HUAYLLAY GRANDE','2010-12-13 17:59:32',NULL,'1'),
('090309',1,'09','03','09','JULCAMARCA','2010-12-13 17:59:32',NULL,'1'),
('090310',1,'09','03','10','SAN ANTONIO DE ANTAPARCO','2010-12-13 17:59:32',NULL,'1'),
('090311',1,'09','03','11','SANTO TOMAS DE PATA','2010-12-13 17:59:32',NULL,'1'),
('090312',1,'09','03','12','SECCLLA','2010-12-13 17:59:32',NULL,'1'),
('090400',1,'09','04','00','CASTROVIRREYNA','2010-12-13 17:59:32',NULL,'1'),
('090401',1,'09','04','01','CASTROVIRREYNA','2010-12-13 17:59:32',NULL,'1'),
('090402',1,'09','04','02','ARMA','2010-12-13 17:59:32',NULL,'1'),
('090403',1,'09','04','03','AURAHUA','2010-12-13 17:59:32',NULL,'1'),
('090404',1,'09','04','04','CAPILLAS','2010-12-13 17:59:32',NULL,'1'),
('090405',1,'09','04','05','CHUPAMARCA','2010-12-13 17:59:32',NULL,'1'),
('090406',1,'09','04','06','COCAS','2010-12-13 17:59:32',NULL,'1'),
('090407',1,'09','04','07','HUACHOS','2010-12-13 17:59:32',NULL,'1'),
('090408',1,'09','04','08','HUAMATAMBO','2010-12-13 17:59:32',NULL,'1'),
('090409',1,'09','04','09','MOLLEPAMPA','2010-12-13 17:59:32',NULL,'1'),
('090410',1,'09','04','10','SAN JUAN','2010-12-13 17:59:32',NULL,'1'),
('090411',1,'09','04','11','SANTA ANA','2010-12-13 17:59:32',NULL,'1'),
('090412',1,'09','04','12','TANTARA','2010-12-13 17:59:32',NULL,'1'),
('090413',1,'09','04','13','TICRAPO','2010-12-13 17:59:32',NULL,'1'),
('090500',1,'09','05','00','CHURCAMPA','2010-12-13 17:59:32',NULL,'1'),
('090501',1,'09','05','01','CHURCAMPA','2010-12-13 17:59:32',NULL,'1'),
('090502',1,'09','05','02','ANCO','2010-12-13 17:59:32',NULL,'1'),
('090503',1,'09','05','03','CHINCHIHUASI','2010-12-13 17:59:32',NULL,'1'),
('090504',1,'09','05','04','EL CARMEN','2010-12-13 17:59:32',NULL,'1'),
('090505',1,'09','05','05','LA MERCED','2010-12-13 17:59:32',NULL,'1'),
('090506',1,'09','05','06','LOCROJA','2010-12-13 17:59:32',NULL,'1'),
('090507',1,'09','05','07','PAUCARBAMBA','2010-12-13 17:59:32',NULL,'1'),
('090508',1,'09','05','08','SAN MIGUEL DE MAYOCC','2010-12-13 17:59:32',NULL,'1'),
('090509',1,'09','05','09','SAN PEDRO DE CORIS','2010-12-13 17:59:32',NULL,'1'),
('090510',1,'09','05','10','PACHAMARCA','2010-12-13 17:59:32',NULL,'1'),
('090600',1,'09','06','00','HUAYTARA','2010-12-13 17:59:32',NULL,'1'),
('090601',1,'09','06','01','HUAYTARA','2010-12-13 17:59:32',NULL,'1'),
('090602',1,'09','06','02','AYAVI','2010-12-13 17:59:32',NULL,'1'),
('090603',1,'09','06','03','CORDOVA','2010-12-13 17:59:32',NULL,'1'),
('090604',1,'09','06','04','HUAYACUNDO ARMA','2010-12-13 17:59:32',NULL,'1'),
('090605',1,'09','06','05','LARAMARCA','2010-12-13 17:59:32',NULL,'1'),
('090606',1,'09','06','06','OCOYO','2010-12-13 17:59:32',NULL,'1'),
('090607',1,'09','06','07','PILPICHACA','2010-12-13 17:59:32',NULL,'1'),
('090608',1,'09','06','08','QUERCO','2010-12-13 17:59:32',NULL,'1'),
('090609',1,'09','06','09','QUITO-ARMA','2010-12-13 17:59:32',NULL,'1'),
('090610',1,'09','06','10','SAN ANTONIO DE CUSICANCHA','2010-12-13 17:59:32',NULL,'1'),
('090611',1,'09','06','11','SAN FRANCISCO DE SANGAYAICO','2010-12-13 17:59:32',NULL,'1'),
('090612',1,'09','06','12','SAN ISIDRO','2010-12-13 17:59:32',NULL,'1'),
('090613',1,'09','06','13','SANTIAGO DE CHOCORVOS','2010-12-13 17:59:32',NULL,'1'),
('090614',1,'09','06','14','SANTIAGO DE QUIRAHUARA','2010-12-13 17:59:32',NULL,'1'),
('090615',1,'09','06','15','SANTO DOMINGO DE CAPILLAS','2010-12-13 17:59:32',NULL,'1'),
('090616',1,'09','06','16','TAMBO','2010-12-13 17:59:32',NULL,'1'),
('090700',1,'09','07','00','TAYACAJA','2010-12-13 17:59:32',NULL,'1'),
('090701',1,'09','07','01','PAMPAS','2010-12-13 17:59:32',NULL,'1'),
('090702',1,'09','07','02','ACOSTAMBO','2010-12-13 17:59:32',NULL,'1'),
('090703',1,'09','07','03','ACRAQUIA','2010-12-13 17:59:32',NULL,'1'),
('090704',1,'09','07','04','AHUAYCHA','2010-12-13 17:59:32',NULL,'1'),
('090705',1,'09','07','05','COLCABAMBA','2010-12-13 17:59:32',NULL,'1'),
('090706',1,'09','07','06','DANIEL HERNANDEZ','2010-12-13 17:59:32',NULL,'1'),
('090707',1,'09','07','07','HUACHOCOLPA','2010-12-13 17:59:32',NULL,'1'),
('090709',1,'09','07','09','HUARIBAMBA','2010-12-13 17:59:32',NULL,'1'),
('090710',1,'09','07','10','ÑAHUIMPUQUIO','2010-12-13 17:59:32',NULL,'1'),
('090711',1,'09','07','11','PAZOS','2010-12-13 17:59:32',NULL,'1'),
('090713',1,'09','07','13','QUISHUAR','2010-12-13 17:59:32',NULL,'1'),
('090714',1,'09','07','14','SALCABAMBA','2010-12-13 17:59:32',NULL,'1'),
('090715',1,'09','07','15','SALCAHUASI','2010-12-13 17:59:32',NULL,'1'),
('090716',1,'09','07','16','SAN MARCOS DE ROCCHAC','2010-12-13 17:59:32',NULL,'1'),
('090717',1,'09','07','17','SURCUBAMBA','2010-12-13 17:59:32',NULL,'1'),
('090718',1,'09','07','18','TINTAY PUNCU','2010-12-13 17:59:32',NULL,'1'),
('100000',1,'10','00','00','HUANUCO','2010-12-13 17:59:32',NULL,'1'),
('100100',1,'10','01','00','HUANUCO','2010-12-13 17:59:32',NULL,'1'),
('100101',1,'10','01','01','HUANUCO','2010-12-13 17:59:32',NULL,'1'),
('100102',1,'10','01','02','AMARILIS','2010-12-13 17:59:32',NULL,'1'),
('100103',1,'10','01','03','CHINCHAO','2010-12-13 17:59:32',NULL,'1'),
('100104',1,'10','01','04','CHURUBAMBA','2010-12-13 17:59:32',NULL,'1'),
('100105',1,'10','01','05','MARGOS','2010-12-13 17:59:32',NULL,'1'),
('100106',1,'10','01','06','QUISQUI','2010-12-13 17:59:32',NULL,'1'),
('100107',1,'10','01','07','SAN FRANCISCO DE CAYRAN','2010-12-13 17:59:32',NULL,'1'),
('100108',1,'10','01','08','SAN PEDRO DE CHAULAN','2010-12-13 17:59:32',NULL,'1'),
('100109',1,'10','01','09','SANTA MARIA DEL VALLE','2010-12-13 17:59:32',NULL,'1'),
('100110',1,'10','01','10','YARUMAYO','2010-12-13 17:59:32',NULL,'1'),
('100111',1,'10','01','11','PILLCO MARCA','2010-12-13 17:59:32',NULL,'1'),
('100200',1,'10','02','00','AMBO','2010-12-13 17:59:32',NULL,'1'),
('100201',1,'10','02','01','AMBO','2010-12-13 17:59:32',NULL,'1'),
('100202',1,'10','02','02','CAYNA','2010-12-13 17:59:32',NULL,'1'),
('100203',1,'10','02','03','COLPAS','2010-12-13 17:59:32',NULL,'1'),
('100204',1,'10','02','04','CONCHAMARCA','2010-12-13 17:59:32',NULL,'1'),
('100205',1,'10','02','05','HUACAR','2010-12-13 17:59:32',NULL,'1'),
('100206',1,'10','02','06','SAN FRANCISCO','2010-12-13 17:59:32',NULL,'1'),
('100207',1,'10','02','07','SAN RAFAEL','2010-12-13 17:59:32',NULL,'1'),
('100208',1,'10','02','08','TOMAY KICHWA','2010-12-13 17:59:32',NULL,'1'),
('100300',1,'10','03','00','DOS DE MAYO','2010-12-13 17:59:32',NULL,'1'),
('100301',1,'10','03','01','LA UNION','2010-12-13 17:59:32',NULL,'1'),
('100307',1,'10','03','07','CHUQUIS','2010-12-13 17:59:32',NULL,'1'),
('100311',1,'10','03','11','MARIAS','2010-12-13 17:59:32',NULL,'1'),
('100313',1,'10','03','13','PACHAS','2010-12-13 17:59:32',NULL,'1'),
('100316',1,'10','03','16','QUIVILLA','2010-12-13 17:59:32',NULL,'1'),
('100317',1,'10','03','17','RIPAN','2010-12-13 17:59:32',NULL,'1'),
('100321',1,'10','03','21','SHUNQUI','2010-12-13 17:59:32',NULL,'1'),
('100322',1,'10','03','22','SILLAPATA','2010-12-13 17:59:32',NULL,'1'),
('100323',1,'10','03','23','YANAS','2010-12-13 17:59:32',NULL,'1'),
('100400',1,'10','04','00','HUACAYBAMBA','2010-12-13 17:59:32',NULL,'1'),
('100401',1,'10','04','01','HUACAYBAMBA','2010-12-13 17:59:32',NULL,'1'),
('100402',1,'10','04','02','CANCHABAMBA','2010-12-13 17:59:32',NULL,'1'),
('100403',1,'10','04','03','COCHABAMBA','2010-12-13 17:59:32',NULL,'1'),
('100404',1,'10','04','04','PINRA','2010-12-13 17:59:32',NULL,'1'),
('100500',1,'10','05','00','HUAMALIES','2010-12-13 17:59:32',NULL,'1'),
('100501',1,'10','05','01','LLATA','2010-12-13 17:59:32',NULL,'1'),
('100502',1,'10','05','02','ARANCAY','2010-12-13 17:59:32',NULL,'1'),
('100503',1,'10','05','03','CHAVIN DE PARIARCA','2010-12-13 17:59:32',NULL,'1'),
('100504',1,'10','05','04','JACAS GRANDE','2010-12-13 17:59:32',NULL,'1'),
('100505',1,'10','05','05','JIRCAN','2010-12-13 17:59:32',NULL,'1'),
('100506',1,'10','05','06','MIRAFLORES','2010-12-13 17:59:32',NULL,'1'),
('100507',1,'10','05','07','MONZON','2010-12-13 17:59:32',NULL,'1'),
('100508',1,'10','05','08','PUNCHAO','2010-12-13 17:59:32',NULL,'1'),
('100509',1,'10','05','09','PUÑOS','2010-12-13 17:59:32',NULL,'1'),
('100510',1,'10','05','10','SINGA','2010-12-13 17:59:32',NULL,'1'),
('100511',1,'10','05','11','TANTAMAYO','2010-12-13 17:59:32',NULL,'1'),
('100600',1,'10','06','00','LEONCIO PRADO','2010-12-13 17:59:32',NULL,'1'),
('100601',1,'10','06','01','RUPA-RUPA','2010-12-13 17:59:32',NULL,'1'),
('100602',1,'10','06','02','DANIEL ALOMIAS ROBLES','2010-12-13 17:59:32',NULL,'1'),
('100603',1,'10','06','03','HERMILIO VALDIZAN','2010-12-13 17:59:32',NULL,'1'),
('100604',1,'10','06','04','JOSE CRESPO Y CASTILLO','2010-12-13 17:59:32',NULL,'1'),
('100605',1,'10','06','05','LUYANDO','2010-12-13 17:59:32',NULL,'1'),
('100606',1,'10','06','06','MARIANO DAMASO BERAUN','2010-12-13 17:59:32',NULL,'1'),
('100700',1,'10','07','00','MARAÑON','2010-12-13 17:59:32',NULL,'1'),
('100701',1,'10','07','01','HUACRACHUCO','2010-12-13 17:59:32',NULL,'1'),
('100702',1,'10','07','02','CHOLON','2010-12-13 17:59:32',NULL,'1'),
('100703',1,'10','07','03','SAN BUENAVENTURA','2010-12-13 17:59:32',NULL,'1'),
('100800',1,'10','08','00','PACHITEA','2010-12-13 17:59:32',NULL,'1'),
('100801',1,'10','08','01','PANAO','2010-12-13 17:59:32',NULL,'1'),
('100802',1,'10','08','02','CHAGLLA','2010-12-13 17:59:32',NULL,'1'),
('100803',1,'10','08','03','MOLINO','2010-12-13 17:59:32',NULL,'1'),
('100804',1,'10','08','04','UMARI','2010-12-13 17:59:32',NULL,'1'),
('100900',1,'10','09','00','PUERTO INCA','2010-12-13 17:59:32',NULL,'1'),
('100901',1,'10','09','01','PUERTO INCA','2010-12-13 17:59:32',NULL,'1'),
('100902',1,'10','09','02','CODO DEL POZUZO','2010-12-13 17:59:32',NULL,'1'),
('100903',1,'10','09','03','HONORIA','2010-12-13 17:59:32',NULL,'1'),
('100904',1,'10','09','04','TOURNAVISTA','2010-12-13 17:59:32',NULL,'1'),
('100905',1,'10','09','05','YUYAPICHIS','2010-12-13 17:59:32',NULL,'1'),
('101000',1,'10','10','00','LAURICOCHA','2010-12-13 17:59:32',NULL,'1'),
('101001',1,'10','10','01','JESUS','2010-12-13 17:59:32',NULL,'1'),
('101002',1,'10','10','02','BAÑOS','2010-12-13 17:59:32',NULL,'1'),
('101003',1,'10','10','03','JIVIA','2010-12-13 17:59:32',NULL,'1'),
('101004',1,'10','10','04','QUEROPALCA','2010-12-13 17:59:32',NULL,'1'),
('101005',1,'10','10','05','RONDOS','2010-12-13 17:59:32',NULL,'1'),
('101006',1,'10','10','06','SAN FRANCISCO DE ASIS','2010-12-13 17:59:32',NULL,'1'),
('101007',1,'10','10','07','SAN MIGUEL DE CAURI','2010-12-13 17:59:32',NULL,'1'),
('101100',1,'10','11','00','YAROWILCA','2010-12-13 17:59:32',NULL,'1'),
('101101',1,'10','11','01','CHAVINILLO','2010-12-13 17:59:32',NULL,'1'),
('101102',1,'10','11','02','CAHUAC','2010-12-13 17:59:32',NULL,'1'),
('101103',1,'10','11','03','CHACABAMBA','2010-12-13 17:59:32',NULL,'1'),
('101104',1,'10','11','04','APARICIO POMARES','2010-12-13 17:59:32',NULL,'1'),
('101105',1,'10','11','05','JACAS CHICO','2010-12-13 17:59:32',NULL,'1'),
('101106',1,'10','11','06','OBAS','2010-12-13 17:59:32',NULL,'1'),
('101107',1,'10','11','07','PAMPAMARCA','2010-12-13 17:59:32',NULL,'1'),
('101108',1,'10','11','08','CHORAS','2010-12-13 17:59:32',NULL,'1'),
('110000',1,'11','00','00','ICA','2010-12-13 17:59:32',NULL,'1'),
('110100',1,'11','01','00','ICA','2010-12-13 17:59:32',NULL,'1'),
('110101',1,'11','01','01','ICA','2010-12-13 17:59:32',NULL,'1'),
('110102',1,'11','01','02','LA TINGUIÑA','2010-12-13 17:59:32',NULL,'1'),
('110103',1,'11','01','03','LOS AQUIJES','2010-12-13 17:59:32',NULL,'1'),
('110104',1,'11','01','04','OCUCAJE','2010-12-13 17:59:32',NULL,'1'),
('110105',1,'11','01','05','PACHACUTEC','2010-12-13 17:59:32',NULL,'1'),
('110106',1,'11','01','06','PARCONA','2010-12-13 17:59:32',NULL,'1'),
('110107',1,'11','01','07','PUEBLO NUEVO','2010-12-13 17:59:32',NULL,'1'),
('110108',1,'11','01','08','SALAS','2010-12-13 17:59:32',NULL,'1'),
('110109',1,'11','01','09','SAN JOSE DE LOS MOLINOS','2010-12-13 17:59:32',NULL,'1'),
('110110',1,'11','01','10','SAN JUAN BAUTISTA','2010-12-13 17:59:32',NULL,'1'),
('110111',1,'11','01','11','SANTIAGO','2010-12-13 17:59:32',NULL,'1'),
('110112',1,'11','01','12','SUBTANJALLA','2010-12-13 17:59:32',NULL,'1'),
('110113',1,'11','01','13','TATE','2010-12-13 17:59:32',NULL,'1'),
('110114',1,'11','01','14','YAUCA DEL ROSARIO','2010-12-13 17:59:32',NULL,'1'),
('110200',1,'11','02','00','CHINCHA','2010-12-13 17:59:32',NULL,'1'),
('110201',1,'11','02','01','CHINCHA ALTA','2010-12-13 17:59:32',NULL,'1'),
('110202',1,'11','02','02','ALTO LARAN','2010-12-13 17:59:32',NULL,'1'),
('110203',1,'11','02','03','CHAVIN','2010-12-13 17:59:32',NULL,'1'),
('110204',1,'11','02','04','CHINCHA BAJA','2010-12-13 17:59:32',NULL,'1'),
('110205',1,'11','02','05','EL CARMEN','2010-12-13 17:59:32',NULL,'1'),
('110206',1,'11','02','06','GROCIO PRADO','2010-12-13 17:59:32',NULL,'1'),
('110207',1,'11','02','07','PUEBLO NUEVO','2010-12-13 17:59:32',NULL,'1'),
('110208',1,'11','02','08','SAN JUAN DE YANAC','2010-12-13 17:59:32',NULL,'1'),
('110209',1,'11','02','09','SAN PEDRO DE HUACARPANA','2010-12-13 17:59:32',NULL,'1'),
('110210',1,'11','02','10','SUNAMPE','2010-12-13 17:59:32',NULL,'1'),
('110211',1,'11','02','11','TAMBO DE MORA','2010-12-13 17:59:32',NULL,'1'),
('110300',1,'11','03','00','NAZCA','2010-12-13 17:59:32',NULL,'1'),
('110301',1,'11','03','01','NAZCA','2010-12-13 17:59:32',NULL,'1'),
('110302',1,'11','03','02','CHANGUILLO','2010-12-13 17:59:32',NULL,'1'),
('110303',1,'11','03','03','EL INGENIO','2010-12-13 17:59:32',NULL,'1'),
('110304',1,'11','03','04','MARCONA','2010-12-13 17:59:32',NULL,'1'),
('110305',1,'11','03','05','VISTA ALEGRE','2010-12-13 17:59:32',NULL,'1'),
('110400',1,'11','04','00','PALPA','2010-12-13 17:59:32',NULL,'1'),
('110401',1,'11','04','01','PALPA','2010-12-13 17:59:32',NULL,'1'),
('110402',1,'11','04','02','LLIPATA','2010-12-13 17:59:32',NULL,'1'),
('110403',1,'11','04','03','RIO GRANDE','2010-12-13 17:59:32',NULL,'1'),
('110404',1,'11','04','04','SANTA CRUZ','2010-12-13 17:59:32',NULL,'1'),
('110405',1,'11','04','05','TIBILLO','2010-12-13 17:59:32',NULL,'1'),
('110500',1,'11','05','00','PISCO','2010-12-13 17:59:32',NULL,'1'),
('110501',1,'11','05','01','PISCO','2010-12-13 17:59:32',NULL,'1'),
('110502',1,'11','05','02','HUANCANO','2010-12-13 17:59:32',NULL,'1'),
('110503',1,'11','05','03','HUMAY','2010-12-13 17:59:32',NULL,'1'),
('110504',1,'11','05','04','INDEPENDENCIA','2010-12-13 17:59:32',NULL,'1'),
('110505',1,'11','05','05','PARACAS','2010-12-13 17:59:32',NULL,'1'),
('110506',1,'11','05','06','SAN ANDRES','2010-12-13 17:59:32',NULL,'1'),
('110507',1,'11','05','07','SAN CLEMENTE','2010-12-13 17:59:32',NULL,'1'),
('110508',1,'11','05','08','TUPAC AMARU INCA','2010-12-13 17:59:32',NULL,'1'),
('120000',1,'12','00','00','JUNIN','2010-12-13 17:59:32',NULL,'1'),
('120100',1,'12','01','00','HUANCAYO','2010-12-13 17:59:32',NULL,'1'),
('120101',1,'12','01','01','HUANCAYO','2010-12-13 17:59:32',NULL,'1'),
('120104',1,'12','01','04','CARHUACALLANGA','2010-12-13 17:59:32',NULL,'1'),
('120105',1,'12','01','05','CHACAPAMPA','2010-12-13 17:59:32',NULL,'1'),
('120106',1,'12','01','06','CHICCHE','2010-12-13 17:59:32',NULL,'1'),
('120107',1,'12','01','07','CHILCA','2010-12-13 17:59:32',NULL,'1'),
('120108',1,'12','01','08','CHONGOS ALTO','2010-12-13 17:59:32',NULL,'1'),
('120111',1,'12','01','11','CHUPURO','2010-12-13 17:59:32',NULL,'1'),
('120112',1,'12','01','12','COLCA','2010-12-13 17:59:32',NULL,'1'),
('120113',1,'12','01','13','CULLHUAS','2010-12-13 17:59:32',NULL,'1'),
('120114',1,'12','01','14','EL TAMBO','2010-12-13 17:59:32',NULL,'1'),
('120116',1,'12','01','16','HUACRAPUQUIO','2010-12-13 17:59:32',NULL,'1'),
('120117',1,'12','01','17','HUALHUAS','2010-12-13 17:59:32',NULL,'1'),
('120119',1,'12','01','19','HUANCAN','2010-12-13 17:59:32',NULL,'1'),
('120120',1,'12','01','20','HUASICANCHA','2010-12-13 17:59:32',NULL,'1'),
('120121',1,'12','01','21','HUAYUCACHI','2010-12-13 17:59:32',NULL,'1'),
('120122',1,'12','01','22','INGENIO','2010-12-13 17:59:32',NULL,'1'),
('120124',1,'12','01','24','PARIAHUANCA','2010-12-13 17:59:32',NULL,'1'),
('120125',1,'12','01','25','PILCOMAYO','2010-12-13 17:59:32',NULL,'1'),
('120126',1,'12','01','26','PUCARA','2010-12-13 17:59:32',NULL,'1'),
('120127',1,'12','01','27','QUICHUAY','2010-12-13 17:59:32',NULL,'1'),
('120128',1,'12','01','28','QUILCAS','2010-12-13 17:59:32',NULL,'1'),
('120129',1,'12','01','29','SAN AGUSTIN','2010-12-13 17:59:32',NULL,'1'),
('120130',1,'12','01','30','SAN JERONIMO DE TUNAN','2010-12-13 17:59:32',NULL,'1'),
('120132',1,'12','01','32','SAÑO','2010-12-13 17:59:32',NULL,'1'),
('120133',1,'12','01','33','SAPALLANGA','2010-12-13 17:59:32',NULL,'1'),
('120134',1,'12','01','34','SICAYA','2010-12-13 17:59:32',NULL,'1'),
('120135',1,'12','01','35','SANTO DOMINGO DE ACOBAMBA','2010-12-13 17:59:32',NULL,'1'),
('120136',1,'12','01','36','VIQUES','2010-12-13 17:59:32',NULL,'1'),
('120200',1,'12','02','00','CONCEPCION','2010-12-13 17:59:32',NULL,'1'),
('120201',1,'12','02','01','CONCEPCION','2010-12-13 17:59:32',NULL,'1'),
('120202',1,'12','02','02','ACO','2010-12-13 17:59:32',NULL,'1'),
('120203',1,'12','02','03','ANDAMARCA','2010-12-13 17:59:32',NULL,'1'),
('120204',1,'12','02','04','CHAMBARA','2010-12-13 17:59:32',NULL,'1'),
('120205',1,'12','02','05','COCHAS','2010-12-13 17:59:32',NULL,'1'),
('120206',1,'12','02','06','COMAS','2010-12-13 17:59:32',NULL,'1'),
('120207',1,'12','02','07','HEROINAS TOLEDO','2010-12-13 17:59:32',NULL,'1'),
('120208',1,'12','02','08','MANZANARES','2010-12-13 17:59:32',NULL,'1'),
('120209',1,'12','02','09','MARISCAL CASTILLA','2010-12-13 17:59:32',NULL,'1'),
('120210',1,'12','02','10','MATAHUASI','2010-12-13 17:59:32',NULL,'1'),
('120211',1,'12','02','11','MITO','2010-12-13 17:59:32',NULL,'1'),
('120212',1,'12','02','12','NUEVE DE JULIO','2010-12-13 17:59:32',NULL,'1'),
('120213',1,'12','02','13','ORCOTUNA','2010-12-13 17:59:32',NULL,'1'),
('120214',1,'12','02','14','SAN JOSE DE QUERO','2010-12-13 17:59:32',NULL,'1'),
('120215',1,'12','02','15','SANTA ROSA DE OCOPA','2010-12-13 17:59:32',NULL,'1'),
('120300',1,'12','03','00','CHANCHAMAYO','2010-12-13 17:59:32',NULL,'1'),
('120301',1,'12','03','01','CHANCHAMAYO','2010-12-13 17:59:32',NULL,'1'),
('120302',1,'12','03','02','PERENE','2010-12-13 17:59:32',NULL,'1'),
('120303',1,'12','03','03','PICHANAQUI','2010-12-13 17:59:32',NULL,'1'),
('120304',1,'12','03','04','SAN LUIS DE SHUARO','2010-12-13 17:59:32',NULL,'1'),
('120305',1,'12','03','05','SAN RAMON','2010-12-13 17:59:32',NULL,'1'),
('120306',1,'12','03','06','VITOC','2010-12-13 17:59:32',NULL,'1'),
('120400',1,'12','04','00','JAUJA','2010-12-13 17:59:32',NULL,'1'),
('120401',1,'12','04','01','JAUJA','2010-12-13 17:59:32',NULL,'1'),
('120402',1,'12','04','02','ACOLLA','2010-12-13 17:59:32',NULL,'1'),
('120403',1,'12','04','03','APATA','2010-12-13 17:59:32',NULL,'1'),
('120404',1,'12','04','04','ATAURA','2010-12-13 17:59:32',NULL,'1'),
('120405',1,'12','04','05','CANCHAYLLO','2010-12-13 17:59:32',NULL,'1'),
('120406',1,'12','04','06','CURICACA','2010-12-13 17:59:32',NULL,'1'),
('120407',1,'12','04','07','EL MANTARO','2010-12-13 17:59:32',NULL,'1'),
('120408',1,'12','04','08','HUAMALI','2010-12-13 17:59:32',NULL,'1'),
('120409',1,'12','04','09','HUARIPAMPA','2010-12-13 17:59:32',NULL,'1'),
('120410',1,'12','04','10','HUERTAS','2010-12-13 17:59:32',NULL,'1'),
('120411',1,'12','04','11','JANJAILLO','2010-12-13 17:59:32',NULL,'1'),
('120412',1,'12','04','12','JULCAN','2010-12-13 17:59:32',NULL,'1'),
('120413',1,'12','04','13','LEONOR ORDOÑEZ','2010-12-13 17:59:32',NULL,'1'),
('120414',1,'12','04','14','LLOCLLAPAMPA','2010-12-13 17:59:32',NULL,'1'),
('120415',1,'12','04','15','MARCO','2010-12-13 17:59:32',NULL,'1'),
('120416',1,'12','04','16','MASMA','2010-12-13 17:59:32',NULL,'1'),
('120417',1,'12','04','17','MASMA CHICCHE','2010-12-13 17:59:32',NULL,'1'),
('120418',1,'12','04','18','MOLINOS','2010-12-13 17:59:32',NULL,'1'),
('120419',1,'12','04','19','MONOBAMBA','2010-12-13 17:59:32',NULL,'1'),
('120420',1,'12','04','20','MUQUI','2010-12-13 17:59:32',NULL,'1'),
('120421',1,'12','04','21','MUQUIYAUYO','2010-12-13 17:59:32',NULL,'1'),
('120422',1,'12','04','22','PACA','2010-12-13 17:59:32',NULL,'1'),
('120423',1,'12','04','23','PACCHA','2010-12-13 17:59:32',NULL,'1'),
('120424',1,'12','04','24','PANCAN','2010-12-13 17:59:32',NULL,'1'),
('120425',1,'12','04','25','PARCO','2010-12-13 17:59:32',NULL,'1'),
('120426',1,'12','04','26','POMACANCHA','2010-12-13 17:59:32',NULL,'1'),
('120427',1,'12','04','27','RICRAN','2010-12-13 17:59:32',NULL,'1'),
('120428',1,'12','04','28','SAN LORENZO','2010-12-13 17:59:32',NULL,'1'),
('120429',1,'12','04','29','SAN PEDRO DE CHUNAN','2010-12-13 17:59:32',NULL,'1'),
('120430',1,'12','04','30','SAUSA','2010-12-13 17:59:32',NULL,'1'),
('120431',1,'12','04','31','SINCOS','2010-12-13 17:59:32',NULL,'1'),
('120432',1,'12','04','32','TUNAN MARCA','2010-12-13 17:59:32',NULL,'1'),
('120433',1,'12','04','33','YAULI','2010-12-13 17:59:32',NULL,'1'),
('120434',1,'12','04','34','YAUYOS','2010-12-13 17:59:32',NULL,'1'),
('120500',1,'12','05','00','JUNIN','2010-12-13 17:59:32',NULL,'1'),
('120501',1,'12','05','01','JUNIN','2010-12-13 17:59:32',NULL,'1'),
('120502',1,'12','05','02','CARHUAMAYO','2010-12-13 17:59:32',NULL,'1'),
('120503',1,'12','05','03','ONDORES','2010-12-13 17:59:32',NULL,'1'),
('120504',1,'12','05','04','ULCUMAYO','2010-12-13 17:59:32',NULL,'1'),
('120600',1,'12','06','00','SATIPO','2010-12-13 17:59:32',NULL,'1'),
('120601',1,'12','06','01','SATIPO','2010-12-13 17:59:32',NULL,'1'),
('120602',1,'12','06','02','COVIRIALI','2010-12-13 17:59:32',NULL,'1'),
('120603',1,'12','06','03','LLAYLLA','2010-12-13 17:59:32',NULL,'1'),
('120604',1,'12','06','04','MAZAMARI','2010-12-13 17:59:32',NULL,'1'),
('120605',1,'12','06','05','PAMPA HERMOSA','2010-12-13 17:59:32',NULL,'1'),
('120606',1,'12','06','06','PANGOA','2010-12-13 17:59:32',NULL,'1'),
('120607',1,'12','06','07','RIO NEGRO','2010-12-13 17:59:32',NULL,'1'),
('120608',1,'12','06','08','RIO TAMBO','2010-12-13 17:59:32',NULL,'1'),
('120700',1,'12','07','00','TARMA','2010-12-13 17:59:32',NULL,'1'),
('120701',1,'12','07','01','TARMA','2010-12-13 17:59:32',NULL,'1'),
('120702',1,'12','07','02','ACOBAMBA','2010-12-13 17:59:32',NULL,'1'),
('120703',1,'12','07','03','HUARICOLCA','2010-12-13 17:59:32',NULL,'1'),
('120704',1,'12','07','04','HUASAHUASI','2010-12-13 17:59:32',NULL,'1'),
('120705',1,'12','07','05','LA UNION','2010-12-13 17:59:32',NULL,'1'),
('120706',1,'12','07','06','PALCA','2010-12-13 17:59:32',NULL,'1'),
('120707',1,'12','07','07','PALCAMAYO','2010-12-13 17:59:32',NULL,'1'),
('120708',1,'12','07','08','SAN PEDRO DE CAJAS','2010-12-13 17:59:32',NULL,'1'),
('120709',1,'12','07','09','TAPO','2010-12-13 17:59:32',NULL,'1'),
('120800',1,'12','08','00','YAULI','2010-12-13 17:59:32',NULL,'1'),
('120801',1,'12','08','01','LA OROYA','2010-12-13 17:59:32',NULL,'1'),
('120802',1,'12','08','02','CHACAPALPA','2010-12-13 17:59:32',NULL,'1'),
('120803',1,'12','08','03','HUAY-HUAY','2010-12-13 17:59:32',NULL,'1'),
('120804',1,'12','08','04','MARCAPOMACOCHA','2010-12-13 17:59:32',NULL,'1'),
('120805',1,'12','08','05','MOROCOCHA','2010-12-13 17:59:32',NULL,'1'),
('120806',1,'12','08','06','PACCHA','2010-12-13 17:59:32',NULL,'1'),
('120807',1,'12','08','07','SANTA BARBARA DE CARHUACAYAN','2010-12-13 17:59:32',NULL,'1'),
('120808',1,'12','08','08','SANTA ROSA DE SACCO','2010-12-13 17:59:32',NULL,'1'),
('120809',1,'12','08','09','SUITUCANCHA','2010-12-13 17:59:32',NULL,'1'),
('120810',1,'12','08','10','YAULI','2010-12-13 17:59:32',NULL,'1'),
('120900',1,'12','09','00','CHUPACA','2010-12-13 17:59:32',NULL,'1'),
('120901',1,'12','09','01','CHUPACA','2010-12-13 17:59:32',NULL,'1'),
('120902',1,'12','09','02','AHUAC','2010-12-13 17:59:32',NULL,'1'),
('120903',1,'12','09','03','CHONGOS BAJO','2010-12-13 17:59:32',NULL,'1'),
('120904',1,'12','09','04','HUACHAC','2010-12-13 17:59:32',NULL,'1'),
('120905',1,'12','09','05','HUAMANCACA CHICO','2010-12-13 17:59:32',NULL,'1'),
('120906',1,'12','09','06','SAN JUAN DE YSCOS','2010-12-13 17:59:32',NULL,'1'),
('120907',1,'12','09','07','SAN JUAN DE JARPA','2010-12-13 17:59:32',NULL,'1'),
('120908',1,'12','09','08','TRES DE DICIEMBRE','2010-12-13 17:59:32',NULL,'1'),
('120909',1,'12','09','09','YANACANCHA','2010-12-13 17:59:32',NULL,'1'),
('130000',1,'13','00','00','LA LIBERTAD','2010-12-13 17:59:32',NULL,'1'),
('130100',1,'13','01','00','TRUJILLO','2010-12-13 17:59:32',NULL,'1'),
('130101',1,'13','01','01','TRUJILLO','2010-12-13 17:59:32',NULL,'1'),
('130102',1,'13','01','02','EL PORVENIR','2010-12-13 17:59:32',NULL,'1'),
('130103',1,'13','01','03','FLORENCIA DE MORA','2010-12-13 17:59:32',NULL,'1'),
('130104',1,'13','01','04','HUANCHACO','2010-12-13 17:59:32',NULL,'1'),
('130105',1,'13','01','05','LA ESPERANZA','2010-12-13 17:59:32',NULL,'1'),
('130106',1,'13','01','06','LAREDO','2010-12-13 17:59:32',NULL,'1'),
('130107',1,'13','01','07','MOCHE','2010-12-13 17:59:32',NULL,'1'),
('130108',1,'13','01','08','POROTO','2010-12-13 17:59:32',NULL,'1'),
('130109',1,'13','01','09','SALAVERRY','2010-12-13 17:59:32',NULL,'1'),
('130110',1,'13','01','10','SIMBAL','2010-12-13 17:59:32',NULL,'1'),
('130111',1,'13','01','11','VICTOR LARCO HERRERA','2010-12-13 17:59:32',NULL,'1'),
('130200',1,'13','02','00','ASCOPE','2010-12-13 17:59:32',NULL,'1'),
('130201',1,'13','02','01','ASCOPE','2010-12-13 17:59:32',NULL,'1'),
('130202',1,'13','02','02','CHICAMA','2010-12-13 17:59:32',NULL,'1'),
('130203',1,'13','02','03','CHOCOPE','2010-12-13 17:59:32',NULL,'1'),
('130204',1,'13','02','04','MAGDALENA DE CAO','2010-12-13 17:59:32',NULL,'1'),
('130205',1,'13','02','05','PAIJAN','2010-12-13 17:59:32',NULL,'1'),
('130206',1,'13','02','06','RAZURI','2010-12-13 17:59:32',NULL,'1'),
('130207',1,'13','02','07','SANTIAGO DE CAO','2010-12-13 17:59:32',NULL,'1'),
('130208',1,'13','02','08','CASA GRANDE','2010-12-13 17:59:32',NULL,'1'),
('130300',1,'13','03','00','BOLIVAR','2010-12-13 17:59:32',NULL,'1'),
('130301',1,'13','03','01','BOLIVAR','2010-12-13 17:59:32',NULL,'1'),
('130302',1,'13','03','02','BAMBAMARCA','2010-12-13 17:59:32',NULL,'1'),
('130303',1,'13','03','03','CONDORMARCA','2010-12-13 17:59:32',NULL,'1'),
('130304',1,'13','03','04','LONGOTEA','2010-12-13 17:59:32',NULL,'1'),
('130305',1,'13','03','05','UCHUMARCA','2010-12-13 17:59:32',NULL,'1'),
('130306',1,'13','03','06','UCUNCHA','2010-12-13 17:59:32',NULL,'1'),
('130400',1,'13','04','00','CHEPEN','2010-12-13 17:59:32',NULL,'1'),
('130401',1,'13','04','01','CHEPEN','2010-12-13 17:59:32',NULL,'1'),
('130402',1,'13','04','02','PACANGA','2010-12-13 17:59:32',NULL,'1'),
('130403',1,'13','04','03','PUEBLO NUEVO','2010-12-13 17:59:32',NULL,'1'),
('130500',1,'13','05','00','JULCAN','2010-12-13 17:59:32',NULL,'1'),
('130501',1,'13','05','01','JULCAN','2010-12-13 17:59:32',NULL,'1'),
('130502',1,'13','05','02','CALAMARCA','2010-12-13 17:59:32',NULL,'1'),
('130503',1,'13','05','03','CARABAMBA','2010-12-13 17:59:32',NULL,'1'),
('130504',1,'13','05','04','HUASO','2010-12-13 17:59:32',NULL,'1'),
('130600',1,'13','06','00','OTUZCO','2010-12-13 17:59:32',NULL,'1'),
('130601',1,'13','06','01','OTUZCO','2010-12-13 17:59:32',NULL,'1'),
('130602',1,'13','06','02','AGALLPAMPA','2010-12-13 17:59:32',NULL,'1'),
('130604',1,'13','06','04','CHARAT','2010-12-13 17:59:32',NULL,'1'),
('130605',1,'13','06','05','HUARANCHAL','2010-12-13 17:59:32',NULL,'1'),
('130606',1,'13','06','06','LA CUESTA','2010-12-13 17:59:32',NULL,'1'),
('130608',1,'13','06','08','MACHE','2010-12-13 17:59:32',NULL,'1'),
('130610',1,'13','06','10','PARANDAY','2010-12-13 17:59:32',NULL,'1'),
('130611',1,'13','06','11','SALPO','2010-12-13 17:59:32',NULL,'1'),
('130613',1,'13','06','13','SINSICAP','2010-12-13 17:59:32',NULL,'1'),
('130614',1,'13','06','14','USQUIL','2010-12-13 17:59:32',NULL,'1'),
('130700',1,'13','07','00','PACASMAYO','2010-12-13 17:59:32',NULL,'1'),
('130701',1,'13','07','01','SAN PEDRO DE LLOC','2010-12-13 17:59:32',NULL,'1'),
('130702',1,'13','07','02','GUADALUPE','2010-12-13 17:59:32',NULL,'1'),
('130703',1,'13','07','03','JEQUETEPEQUE','2010-12-13 17:59:32',NULL,'1'),
('130704',1,'13','07','04','PACASMAYO','2010-12-13 17:59:32',NULL,'1'),
('130705',1,'13','07','05','SAN JOSE','2010-12-13 17:59:32',NULL,'1'),
('130800',1,'13','08','00','PATAZ','2010-12-13 17:59:32',NULL,'1'),
('130801',1,'13','08','01','TAYABAMBA','2010-12-13 17:59:32',NULL,'1'),
('130802',1,'13','08','02','BULDIBUYO','2010-12-13 17:59:32',NULL,'1'),
('130803',1,'13','08','03','CHILLIA','2010-12-13 17:59:32',NULL,'1'),
('130804',1,'13','08','04','HUANCASPATA','2010-12-13 17:59:32',NULL,'1'),
('130805',1,'13','08','05','HUAYLILLAS','2010-12-13 17:59:32',NULL,'1'),
('130806',1,'13','08','06','HUAYO','2010-12-13 17:59:32',NULL,'1'),
('130807',1,'13','08','07','ONGON','2010-12-13 17:59:32',NULL,'1'),
('130808',1,'13','08','08','PARCOY','2010-12-13 17:59:32',NULL,'1'),
('130809',1,'13','08','09','PATAZ','2010-12-13 17:59:32',NULL,'1'),
('130810',1,'13','08','10','PIAS','2010-12-13 17:59:32',NULL,'1'),
('130811',1,'13','08','11','SANTIAGO DE CHALLAS','2010-12-13 17:59:32',NULL,'1'),
('130812',1,'13','08','12','TAURIJA','2010-12-13 17:59:32',NULL,'1'),
('130813',1,'13','08','13','URPAY','2010-12-13 17:59:32',NULL,'1'),
('130900',1,'13','09','00','SANCHEZ CARRION','2010-12-13 17:59:32',NULL,'1'),
('130901',1,'13','09','01','HUAMACHUCO','2010-12-13 17:59:32',NULL,'1'),
('130902',1,'13','09','02','CHUGAY','2010-12-13 17:59:32',NULL,'1'),
('130903',1,'13','09','03','COCHORCO','2010-12-13 17:59:32',NULL,'1'),
('130904',1,'13','09','04','CURGOS','2010-12-13 17:59:32',NULL,'1'),
('130905',1,'13','09','05','MARCABAL','2010-12-13 17:59:32',NULL,'1'),
('130906',1,'13','09','06','SANAGORAN','2010-12-13 17:59:32',NULL,'1'),
('130907',1,'13','09','07','SARIN','2010-12-13 17:59:32',NULL,'1'),
('130908',1,'13','09','08','SARTIMBAMBA','2010-12-13 17:59:32',NULL,'1'),
('131000',1,'13','10','00','SANTIAGO DE CHUCO','2010-12-13 17:59:32',NULL,'1'),
('131001',1,'13','10','01','SANTIAGO DE CHUCO','2010-12-13 17:59:32',NULL,'1'),
('131002',1,'13','10','02','ANGASMARCA','2010-12-13 17:59:32',NULL,'1'),
('131003',1,'13','10','03','CACHICADAN','2010-12-13 17:59:32',NULL,'1'),
('131004',1,'13','10','04','MOLLEBAMBA','2010-12-13 17:59:32',NULL,'1'),
('131005',1,'13','10','05','MOLLEPATA','2010-12-13 17:59:32',NULL,'1'),
('131006',1,'13','10','06','QUIRUVILCA','2010-12-13 17:59:32',NULL,'1'),
('131007',1,'13','10','07','SANTA CRUZ DE CHUCA','2010-12-13 17:59:32',NULL,'1'),
('131008',1,'13','10','08','SITABAMBA','2010-12-13 17:59:32',NULL,'1'),
('131100',1,'13','11','00','GRAN CHIMU','2010-12-13 17:59:32',NULL,'1'),
('131101',1,'13','11','01','CASCAS','2010-12-13 17:59:32',NULL,'1'),
('131102',1,'13','11','02','LUCMA','2010-12-13 17:59:32',NULL,'1'),
('131103',1,'13','11','03','COMPIN','2010-12-13 17:59:32',NULL,'1'),
('131104',1,'13','11','04','SAYAPULLO','2010-12-13 17:59:32',NULL,'1'),
('131200',1,'13','12','00','VIRU','2010-12-13 17:59:32',NULL,'1'),
('131201',1,'13','12','01','VIRU','2010-12-13 17:59:32',NULL,'1'),
('131202',1,'13','12','02','CHAO','2010-12-13 17:59:32',NULL,'1'),
('131203',1,'13','12','03','GUADALUPITO','2010-12-13 17:59:32',NULL,'1'),
('140000',1,'14','00','00','LAMBAYEQUE','2010-12-13 17:59:32',NULL,'1'),
('140100',1,'14','01','00','CHICLAYO','2010-12-13 17:59:32',NULL,'1'),
('140101',1,'14','01','01','CHICLAYO','2010-12-13 17:59:32',NULL,'1'),
('140102',1,'14','01','02','CHONGOYAPE','2010-12-13 17:59:32',NULL,'1'),
('140103',1,'14','01','03','ETEN','2010-12-13 17:59:32',NULL,'1'),
('140104',1,'14','01','04','ETEN PUERTO','2010-12-13 17:59:32',NULL,'1'),
('140105',1,'14','01','05','JOSE LEONARDO ORTIZ','2010-12-13 17:59:32',NULL,'1'),
('140106',1,'14','01','06','LA VICTORIA','2010-12-13 17:59:32',NULL,'1'),
('140107',1,'14','01','07','LAGUNAS','2010-12-13 17:59:32',NULL,'1'),
('140108',1,'14','01','08','MONSEFU','2010-12-13 17:59:32',NULL,'1'),
('140109',1,'14','01','09','NUEVA ARICA','2010-12-13 17:59:32',NULL,'1'),
('140110',1,'14','01','10','OYOTUN','2010-12-13 17:59:32',NULL,'1'),
('140111',1,'14','01','11','PICSI','2010-12-13 17:59:32',NULL,'1'),
('140112',1,'14','01','12','PIMENTEL','2010-12-13 17:59:32',NULL,'1'),
('140113',1,'14','01','13','REQUE','2010-12-13 17:59:32',NULL,'1'),
('140114',1,'14','01','14','SANTA ROSA','2010-12-13 17:59:32',NULL,'1'),
('140115',1,'14','01','15','SAÑA','2010-12-13 17:59:32',NULL,'1'),
('140116',1,'14','01','16','CAYALTI','2010-12-13 17:59:32',NULL,'1'),
('140117',1,'14','01','17','PATAPO','2010-12-13 17:59:32',NULL,'1'),
('140118',1,'14','01','18','POMALCA','2010-12-13 17:59:32',NULL,'1'),
('140119',1,'14','01','19','PUCALA','2010-12-13 17:59:32',NULL,'1'),
('140120',1,'14','01','20','TUMAN','2010-12-13 17:59:32',NULL,'1'),
('140200',1,'14','02','00','FERREÑAFE','2010-12-13 17:59:32',NULL,'1'),
('140201',1,'14','02','01','FERREÑAFE','2010-12-13 17:59:32',NULL,'1'),
('140202',1,'14','02','02','CAÑARIS','2010-12-13 17:59:32',NULL,'1'),
('140203',1,'14','02','03','INCAHUASI','2010-12-13 17:59:32',NULL,'1'),
('140204',1,'14','02','04','MANUEL ANTONIO MESONES MURO','2010-12-13 17:59:32',NULL,'1'),
('140205',1,'14','02','05','PITIPO','2010-12-13 17:59:32',NULL,'1'),
('140206',1,'14','02','06','PUEBLO NUEVO','2010-12-13 17:59:32',NULL,'1'),
('140300',1,'14','03','00','LAMBAYEQUE','2010-12-13 17:59:32',NULL,'1'),
('140301',1,'14','03','01','LAMBAYEQUE','2010-12-13 17:59:32',NULL,'1'),
('140302',1,'14','03','02','CHOCHOPE','2010-12-13 17:59:32',NULL,'1'),
('140303',1,'14','03','03','ILLIMO','2010-12-13 17:59:32',NULL,'1'),
('140304',1,'14','03','04','JAYANCA','2010-12-13 17:59:32',NULL,'1'),
('140305',1,'14','03','05','MOCHUMI','2010-12-13 17:59:32',NULL,'1'),
('140306',1,'14','03','06','MORROPE','2010-12-13 17:59:32',NULL,'1'),
('140307',1,'14','03','07','MOTUPE','2010-12-13 17:59:32',NULL,'1'),
('140308',1,'14','03','08','OLMOS','2010-12-13 17:59:32',NULL,'1'),
('140309',1,'14','03','09','PACORA','2010-12-13 17:59:32',NULL,'1'),
('140310',1,'14','03','10','SALAS','2010-12-13 17:59:32',NULL,'1'),
('140311',1,'14','03','11','SAN JOSE','2010-12-13 17:59:32',NULL,'1'),
('140312',1,'14','03','12','TUCUME','2010-12-13 17:59:32',NULL,'1'),
('150000',1,'15','00','00','LIMA','2010-12-13 17:59:32',NULL,'1'),
('150100',1,'15','01','00','LIMA','2010-12-13 17:59:32',NULL,'1'),
('150101',1,'15','01','01','LIMA','2010-12-13 17:59:32',NULL,'1'),
('150102',1,'15','01','02','ANCON','2010-12-13 17:59:32',NULL,'1'),
('150103',1,'15','01','03','ATE','2010-12-13 17:59:32',NULL,'1'),
('150104',1,'15','01','04','BARRANCO','2010-12-13 17:59:32',NULL,'1'),
('150105',1,'15','01','05','BREÑA','2010-12-13 17:59:32',NULL,'1'),
('150106',1,'15','01','06','CARABAYLLO','2010-12-13 17:59:32',NULL,'1'),
('150107',1,'15','01','07','CHACLACAYO','2010-12-13 17:59:32',NULL,'1'),
('150108',1,'15','01','08','CHORRILLOS','2010-12-13 17:59:32',NULL,'1'),
('150109',1,'15','01','09','CIENEGUILLA','2010-12-13 17:59:32',NULL,'1'),
('150110',1,'15','01','10','COMAS','2010-12-13 17:59:32',NULL,'1'),
('150111',1,'15','01','11','EL AGUSTINO','2010-12-13 17:59:32',NULL,'1'),
('150112',1,'15','01','12','INDEPENDENCIA','2010-12-13 17:59:32',NULL,'1'),
('150113',1,'15','01','13','JESUS MARIA','2010-12-13 17:59:32',NULL,'1'),
('150114',1,'15','01','14','LA MOLINA','2010-12-13 17:59:32',NULL,'1'),
('150115',1,'15','01','15','LA VICTORIA','2010-12-13 17:59:32',NULL,'1'),
('150116',1,'15','01','16','LINCE','2010-12-13 17:59:32',NULL,'1'),
('150117',1,'15','01','17','LOS OLIVOS','2010-12-13 17:59:32',NULL,'1'),
('150118',1,'15','01','18','LURIGANCHO','2010-12-13 17:59:32',NULL,'1'),
('150119',1,'15','01','19','LURIN','2010-12-13 17:59:32',NULL,'1'),
('150120',1,'15','01','20','MAGDALENA DEL MAR','2010-12-13 17:59:32',NULL,'1'),
('150121',1,'15','01','21','MAGDALENA VIEJA','2010-12-13 17:59:32',NULL,'1'),
('150122',1,'15','01','22','MIRAFLORES','2010-12-13 17:59:32',NULL,'1'),
('150123',1,'15','01','23','PACHACAMAC','2010-12-13 17:59:32',NULL,'1'),
('150124',1,'15','01','24','PUCUSANA','2010-12-13 17:59:32',NULL,'1'),
('150125',1,'15','01','25','PUENTE PIEDRA','2010-12-13 17:59:32',NULL,'1'),
('150126',1,'15','01','26','PUNTA HERMOSA','2010-12-13 17:59:32',NULL,'1'),
('150127',1,'15','01','27','PUNTA NEGRA','2010-12-13 17:59:32',NULL,'1'),
('150128',1,'15','01','28','RIMAC','2010-12-13 17:59:32',NULL,'1'),
('150129',1,'15','01','29','SAN BARTOLO','2010-12-13 17:59:32',NULL,'1'),
('150130',1,'15','01','30','SAN BORJA','2010-12-13 17:59:32',NULL,'1'),
('150131',1,'15','01','31','SAN ISIDRO','2010-12-13 17:59:32',NULL,'1'),
('150132',1,'15','01','32','SAN JUAN DE LURIGANCHO','2010-12-13 17:59:32',NULL,'1'),
('150133',1,'15','01','33','SAN JUAN DE MIRAFLORES','2010-12-13 17:59:32',NULL,'1'),
('150134',1,'15','01','34','SAN LUIS','2010-12-13 17:59:32',NULL,'1'),
('150135',1,'15','01','35','SAN MARTIN DE PORRES','2010-12-13 17:59:32',NULL,'1'),
('150136',1,'15','01','36','SAN MIGUEL','2010-12-13 17:59:32',NULL,'1'),
('150137',1,'15','01','37','SANTA ANITA','2010-12-13 17:59:32',NULL,'1'),
('150138',1,'15','01','38','SANTA MARIA DEL MAR','2010-12-13 17:59:32',NULL,'1'),
('150139',1,'15','01','39','SANTA ROSA','2010-12-13 17:59:32',NULL,'1'),
('150140',1,'15','01','40','SANTIAGO DE SURCO','2010-12-13 17:59:32',NULL,'1'),
('150141',1,'15','01','41','SURQUILLO','2010-12-13 17:59:32',NULL,'1'),
('150142',1,'15','01','42','VILLA EL SALVADOR','2010-12-13 17:59:32',NULL,'1'),
('150143',1,'15','01','43','VILLA MARIA DEL TRIUNFO','2010-12-13 17:59:32',NULL,'1'),
('150200',1,'15','02','00','BARRANCA','2010-12-13 17:59:32',NULL,'1'),
('150201',1,'15','02','01','BARRANCA','2010-12-13 17:59:32',NULL,'1'),
('150202',1,'15','02','02','PARAMONGA','2010-12-13 17:59:32',NULL,'1'),
('150203',1,'15','02','03','PATIVILCA','2010-12-13 17:59:32',NULL,'1'),
('150204',1,'15','02','04','SUPE','2010-12-13 17:59:32',NULL,'1'),
('150205',1,'15','02','05','SUPE PUERTO','2010-12-13 17:59:32',NULL,'1'),
('150300',1,'15','03','00','CAJATAMBO','2010-12-13 17:59:32',NULL,'1'),
('150301',1,'15','03','01','CAJATAMBO','2010-12-13 17:59:32',NULL,'1'),
('150302',1,'15','03','02','COPA','2010-12-13 17:59:32',NULL,'1'),
('150303',1,'15','03','03','GORGOR','2010-12-13 17:59:32',NULL,'1'),
('150304',1,'15','03','04','HUANCAPON','2010-12-13 17:59:32',NULL,'1'),
('150305',1,'15','03','05','MANAS','2010-12-13 17:59:32',NULL,'1'),
('150400',1,'15','04','00','CANTA','2010-12-13 17:59:32',NULL,'1'),
('150401',1,'15','04','01','CANTA','2010-12-13 17:59:32',NULL,'1'),
('150402',1,'15','04','02','ARAHUAY','2010-12-13 17:59:32',NULL,'1'),
('150403',1,'15','04','03','HUAMANTANGA','2010-12-13 17:59:32',NULL,'1'),
('150404',1,'15','04','04','HUAROS','2010-12-13 17:59:32',NULL,'1'),
('150405',1,'15','04','05','LACHAQUI','2010-12-13 17:59:32',NULL,'1'),
('150406',1,'15','04','06','SAN BUENAVENTURA','2010-12-13 17:59:32',NULL,'1'),
('150407',1,'15','04','07','SANTA ROSA DE QUIVES','2010-12-13 17:59:32',NULL,'1'),
('150500',1,'15','05','00','CAÑETE','2010-12-13 17:59:32',NULL,'1'),
('150501',1,'15','05','01','SAN VICENTE DE CAÑETE','2010-12-13 17:59:32',NULL,'1'),
('150502',1,'15','05','02','ASIA','2010-12-13 17:59:32',NULL,'1'),
('150503',1,'15','05','03','CALANGO','2010-12-13 17:59:32',NULL,'1'),
('150504',1,'15','05','04','CERRO AZUL','2010-12-13 17:59:32',NULL,'1'),
('150505',1,'15','05','05','CHILCA','2010-12-13 17:59:32',NULL,'1'),
('150506',1,'15','05','06','COAYLLO','2010-12-13 17:59:32',NULL,'1'),
('150507',1,'15','05','07','IMPERIAL','2010-12-13 17:59:32',NULL,'1'),
('150508',1,'15','05','08','LUNAHUANA','2010-12-13 17:59:32',NULL,'1'),
('150509',1,'15','05','09','MALA','2010-12-13 17:59:32',NULL,'1'),
('150510',1,'15','05','10','NUEVO IMPERIAL','2010-12-13 17:59:32',NULL,'1'),
('150511',1,'15','05','11','PACARAN','2010-12-13 17:59:32',NULL,'1'),
('150512',1,'15','05','12','QUILMANA','2010-12-13 17:59:32',NULL,'1'),
('150513',1,'15','05','13','SAN ANTONIO','2010-12-13 17:59:32',NULL,'1'),
('150514',1,'15','05','14','SAN LUIS','2010-12-13 17:59:32',NULL,'1'),
('150515',1,'15','05','15','SANTA CRUZ DE FLORES','2010-12-13 17:59:32',NULL,'1'),
('150516',1,'15','05','16','ZUÑIGA','2010-12-13 17:59:32',NULL,'1'),
('150600',1,'15','06','00','HUARAL','2010-12-13 17:59:32',NULL,'1'),
('150601',1,'15','06','01','HUARAL','2010-12-13 17:59:32',NULL,'1'),
('150602',1,'15','06','02','ATAVILLOS ALTO','2010-12-13 17:59:32',NULL,'1'),
('150603',1,'15','06','03','ATAVILLOS BAJO','2010-12-13 17:59:32',NULL,'1'),
('150604',1,'15','06','04','AUCALLAMA','2010-12-13 17:59:32',NULL,'1'),
('150605',1,'15','06','05','CHANCAY','2010-12-13 17:59:32',NULL,'1'),
('150606',1,'15','06','06','IHUARI','2010-12-13 17:59:32',NULL,'1'),
('150607',1,'15','06','07','LAMPIAN','2010-12-13 17:59:32',NULL,'1'),
('150608',1,'15','06','08','PACARAOS','2010-12-13 17:59:32',NULL,'1'),
('150609',1,'15','06','09','SAN MIGUEL DE ACOS','2010-12-13 17:59:32',NULL,'1'),
('150610',1,'15','06','10','SANTA CRUZ DE ANDAMARCA','2010-12-13 17:59:32',NULL,'1'),
('150611',1,'15','06','11','SUMBILCA','2010-12-13 17:59:32',NULL,'1'),
('150612',1,'15','06','12','VEINTISIETE DE NOVIEMBRE','2010-12-13 17:59:32',NULL,'1'),
('150700',1,'15','07','00','HUAROCHIRI','2010-12-13 17:59:32',NULL,'1'),
('150701',1,'15','07','01','MATUCANA','2010-12-13 17:59:32',NULL,'1'),
('150702',1,'15','07','02','ANTIOQUIA','2010-12-13 17:59:32',NULL,'1'),
('150703',1,'15','07','03','CALLAHUANCA','2010-12-13 17:59:32',NULL,'1'),
('150704',1,'15','07','04','CARAMPOMA','2010-12-13 17:59:32',NULL,'1'),
('150705',1,'15','07','05','CHICLA','2010-12-13 17:59:32',NULL,'1'),
('150706',1,'15','07','06','CUENCA','2010-12-13 17:59:32',NULL,'1'),
('150707',1,'15','07','07','HUACHUPAMPA','2010-12-13 17:59:32',NULL,'1'),
('150708',1,'15','07','08','HUANZA','2010-12-13 17:59:32',NULL,'1'),
('150709',1,'15','07','09','HUAROCHIRI','2010-12-13 17:59:32',NULL,'1'),
('150710',1,'15','07','10','LAHUAYTAMBO','2010-12-13 17:59:32',NULL,'1'),
('150711',1,'15','07','11','LANGA','2010-12-13 17:59:32',NULL,'1'),
('150712',1,'15','07','12','LARAOS','2010-12-13 17:59:32',NULL,'1'),
('150713',1,'15','07','13','MARIATANA','2010-12-13 17:59:32',NULL,'1'),
('150714',1,'15','07','14','RICARDO PALMA','2010-12-13 17:59:32',NULL,'1'),
('150715',1,'15','07','15','SAN ANDRES DE TUPICOCHA','2010-12-13 17:59:32',NULL,'1'),
('150716',1,'15','07','16','SAN ANTONIO','2010-12-13 17:59:32',NULL,'1'),
('150717',1,'15','07','17','SAN BARTOLOME','2010-12-13 17:59:32',NULL,'1'),
('150718',1,'15','07','18','SAN DAMIAN','2010-12-13 17:59:32',NULL,'1'),
('150719',1,'15','07','19','SAN JUAN DE IRIS','2010-12-13 17:59:32',NULL,'1'),
('150720',1,'15','07','20','SAN JUAN DE TANTARANCHE','2010-12-13 17:59:32',NULL,'1'),
('150721',1,'15','07','21','SAN LORENZO DE QUINTI','2010-12-13 17:59:32',NULL,'1'),
('150722',1,'15','07','22','SAN MATEO','2010-12-13 17:59:32',NULL,'1'),
('150723',1,'15','07','23','SAN MATEO DE OTAO','2010-12-13 17:59:32',NULL,'1'),
('150724',1,'15','07','24','SAN PEDRO DE CASTA','2010-12-13 17:59:32',NULL,'1'),
('150725',1,'15','07','25','SAN PEDRO DE HUANCAYRE','2010-12-13 17:59:32',NULL,'1'),
('150726',1,'15','07','26','SANGALLAYA','2010-12-13 17:59:32',NULL,'1'),
('150727',1,'15','07','27','SANTA CRUZ DE COCACHACRA','2010-12-13 17:59:32',NULL,'1'),
('150728',1,'15','07','28','SANTA EULALIA','2010-12-13 17:59:32',NULL,'1'),
('150729',1,'15','07','29','SANTIAGO DE ANCHUCAYA','2010-12-13 17:59:32',NULL,'1'),
('150730',1,'15','07','30','SANTIAGO DE TUNA','2010-12-13 17:59:32',NULL,'1'),
('150731',1,'15','07','31','SANTO DOMINGO DE LOS OLLEROS','2010-12-13 17:59:32',NULL,'1'),
('150732',1,'15','07','32','SURCO','2010-12-13 17:59:32',NULL,'1'),
('150800',1,'15','08','00','HUAURA','2010-12-13 17:59:32',NULL,'1'),
('150801',1,'15','08','01','HUACHO','2010-12-13 17:59:32',NULL,'1'),
('150802',1,'15','08','02','AMBAR','2010-12-13 17:59:32',NULL,'1'),
('150803',1,'15','08','03','CALETA DE CARQUIN','2010-12-13 17:59:32',NULL,'1'),
('150804',1,'15','08','04','CHECRAS','2010-12-13 17:59:32',NULL,'1'),
('150805',1,'15','08','05','HUALMAY','2010-12-13 17:59:32',NULL,'1'),
('150806',1,'15','08','06','HUAURA','2010-12-13 17:59:32',NULL,'1'),
('150807',1,'15','08','07','LEONCIO PRADO','2010-12-13 17:59:32',NULL,'1'),
('150808',1,'15','08','08','PACCHO','2010-12-13 17:59:32',NULL,'1'),
('150809',1,'15','08','09','SANTA LEONOR','2010-12-13 17:59:32',NULL,'1'),
('150810',1,'15','08','10','SANTA MARIA','2010-12-13 17:59:32',NULL,'1'),
('150811',1,'15','08','11','SAYAN','2010-12-13 17:59:32',NULL,'1'),
('150812',1,'15','08','12','VEGUETA','2010-12-13 17:59:32',NULL,'1'),
('150900',1,'15','09','00','OYON','2010-12-13 17:59:32',NULL,'1'),
('150901',1,'15','09','01','OYON','2010-12-13 17:59:32',NULL,'1'),
('150902',1,'15','09','02','ANDAJES','2010-12-13 17:59:32',NULL,'1'),
('150903',1,'15','09','03','CAUJUL','2010-12-13 17:59:32',NULL,'1'),
('150904',1,'15','09','04','COCHAMARCA','2010-12-13 17:59:32',NULL,'1'),
('150905',1,'15','09','05','NAVAN','2010-12-13 17:59:32',NULL,'1'),
('150906',1,'15','09','06','PACHANGARA','2010-12-13 17:59:32',NULL,'1'),
('151000',1,'15','10','00','YAUYOS','2010-12-13 17:59:32',NULL,'1'),
('151001',1,'15','10','01','YAUYOS','2010-12-13 17:59:32',NULL,'1'),
('151002',1,'15','10','02','ALIS','2010-12-13 17:59:32',NULL,'1'),
('151003',1,'15','10','03','AYAUCA','2010-12-13 17:59:32',NULL,'1'),
('151004',1,'15','10','04','AYAVIRI','2010-12-13 17:59:32',NULL,'1'),
('151005',1,'15','10','05','AZANGARO','2010-12-13 17:59:32',NULL,'1'),
('151006',1,'15','10','06','CACRA','2010-12-13 17:59:32',NULL,'1'),
('151007',1,'15','10','07','CARANIA','2010-12-13 17:59:32',NULL,'1'),
('151008',1,'15','10','08','CATAHUASI','2010-12-13 17:59:32',NULL,'1'),
('151009',1,'15','10','09','CHOCOS','2010-12-13 17:59:32',NULL,'1'),
('151010',1,'15','10','10','COCHAS','2010-12-13 17:59:32',NULL,'1'),
('151011',1,'15','10','11','COLONIA','2010-12-13 17:59:32',NULL,'1'),
('151012',1,'15','10','12','HONGOS','2010-12-13 17:59:32',NULL,'1'),
('151013',1,'15','10','13','HUAMPARA','2010-12-13 17:59:32',NULL,'1'),
('151014',1,'15','10','14','HUANCAYA','2010-12-13 17:59:32',NULL,'1'),
('151015',1,'15','10','15','HUANGASCAR','2010-12-13 17:59:32',NULL,'1'),
('151016',1,'15','10','16','HUANTAN','2010-12-13 17:59:32',NULL,'1'),
('151017',1,'15','10','17','HUAÑEC','2010-12-13 17:59:32',NULL,'1'),
('151018',1,'15','10','18','LARAOS','2010-12-13 17:59:32',NULL,'1'),
('151019',1,'15','10','19','LINCHA','2010-12-13 17:59:32',NULL,'1'),
('151020',1,'15','10','20','MADEAN','2010-12-13 17:59:32',NULL,'1'),
('151021',1,'15','10','21','MIRAFLORES','2010-12-13 17:59:32',NULL,'1'),
('151022',1,'15','10','22','OMAS','2010-12-13 17:59:32',NULL,'1'),
('151023',1,'15','10','23','PUTINZA','2010-12-13 17:59:32',NULL,'1'),
('151024',1,'15','10','24','QUINCHES','2010-12-13 17:59:32',NULL,'1'),
('151025',1,'15','10','25','QUINOCAY','2010-12-13 17:59:32',NULL,'1'),
('151026',1,'15','10','26','SAN JOAQUIN','2010-12-13 17:59:32',NULL,'1'),
('151027',1,'15','10','27','SAN PEDRO DE PILAS','2010-12-13 17:59:32',NULL,'1'),
('151028',1,'15','10','28','TANTA','2010-12-13 17:59:32',NULL,'1'),
('151029',1,'15','10','29','TAURIPAMPA','2010-12-13 17:59:32',NULL,'1'),
('151030',1,'15','10','30','TOMAS','2010-12-13 17:59:32',NULL,'1'),
('151031',1,'15','10','31','TUPE','2010-12-13 17:59:32',NULL,'1'),
('151032',1,'15','10','32','VIÑAC','2010-12-13 17:59:32',NULL,'1'),
('151033',1,'15','10','33','VITIS','2010-12-13 17:59:32',NULL,'1'),
('160000',1,'16','00','00','LORETO','2010-12-13 17:59:32',NULL,'1'),
('160100',1,'16','01','00','MAYNAS','2010-12-13 17:59:32',NULL,'1'),
('160101',1,'16','01','01','IQUITOS','2010-12-13 17:59:32',NULL,'1'),
('160102',1,'16','01','02','ALTO NANAY','2010-12-13 17:59:32',NULL,'1'),
('160103',1,'16','01','03','FERNANDO LORES','2010-12-13 17:59:32',NULL,'1'),
('160104',1,'16','01','04','INDIANA','2010-12-13 17:59:32',NULL,'1'),
('160105',1,'16','01','05','LAS AMAZONAS','2010-12-13 17:59:32',NULL,'1'),
('160106',1,'16','01','06','MAZAN','2010-12-13 17:59:32',NULL,'1'),
('160107',1,'16','01','07','NAPO','2010-12-13 17:59:32',NULL,'1'),
('160108',1,'16','01','08','PUNCHANA','2010-12-13 17:59:32',NULL,'1'),
('160109',1,'16','01','09','PUTUMAYO','2010-12-13 17:59:32',NULL,'1'),
('160110',1,'16','01','10','TORRES CAUSANA','2010-12-13 17:59:32',NULL,'1'),
('160112',1,'16','01','12','BELEN','2010-12-13 17:59:32',NULL,'1'),
('160113',1,'16','01','13','SAN JUAN BAUTISTA','2010-12-13 17:59:32',NULL,'1'),
('160114',1,'16','01','14','TENIENTE MANUEL CLAVERO','2010-12-13 17:59:32',NULL,'1'),
('160200',1,'16','02','00','ALTO AMAZONAS','2010-12-13 17:59:32',NULL,'1'),
('160201',1,'16','02','01','YURIMAGUAS','2010-12-13 17:59:32',NULL,'1'),
('160202',1,'16','02','02','BALSAPUERTO','2010-12-13 17:59:32',NULL,'1'),
('160205',1,'16','02','05','JEBEROS','2010-12-13 17:59:32',NULL,'1'),
('160206',1,'16','02','06','LAGUNAS','2010-12-13 17:59:32',NULL,'1'),
('160210',1,'16','02','10','SANTA CRUZ','2010-12-13 17:59:32',NULL,'1'),
('160211',1,'16','02','11','TENIENTE CESAR LOPEZ ROJAS','2010-12-13 17:59:32',NULL,'1'),
('160300',1,'16','03','00','LORETO','2010-12-13 17:59:32',NULL,'1'),
('160301',1,'16','03','01','NAUTA','2010-12-13 17:59:32',NULL,'1'),
('160302',1,'16','03','02','PARINARI','2010-12-13 17:59:32',NULL,'1'),
('160303',1,'16','03','03','TIGRE','2010-12-13 17:59:32',NULL,'1'),
('160304',1,'16','03','04','TROMPETEROS','2010-12-13 17:59:32',NULL,'1'),
('160305',1,'16','03','05','URARINAS','2010-12-13 17:59:32',NULL,'1'),
('160400',1,'16','04','00','MARISCAL RAMON CASTILLA','2010-12-13 17:59:32',NULL,'1'),
('160401',1,'16','04','01','RAMON CASTILLA','2010-12-13 17:59:32',NULL,'1'),
('160402',1,'16','04','02','PEBAS','2010-12-13 17:59:32',NULL,'1'),
('160403',1,'16','04','03','YAVARI','2010-12-13 17:59:32',NULL,'1'),
('160404',1,'16','04','04','SAN PABLO','2010-12-13 17:59:32',NULL,'1'),
('160500',1,'16','05','00','REQUENA','2010-12-13 17:59:32',NULL,'1'),
('160501',1,'16','05','01','REQUENA','2010-12-13 17:59:32',NULL,'1'),
('160502',1,'16','05','02','ALTO TAPICHE','2010-12-13 17:59:32',NULL,'1'),
('160503',1,'16','05','03','CAPELO','2010-12-13 17:59:32',NULL,'1'),
('160504',1,'16','05','04','EMILIO SAN MARTIN','2010-12-13 17:59:32',NULL,'1'),
('160505',1,'16','05','05','MAQUIA','2010-12-13 17:59:32',NULL,'1'),
('160506',1,'16','05','06','PUINAHUA','2010-12-13 17:59:32',NULL,'1'),
('160507',1,'16','05','07','SAQUENA','2010-12-13 17:59:32',NULL,'1'),
('160508',1,'16','05','08','SOPLIN','2010-12-13 17:59:32',NULL,'1'),
('160509',1,'16','05','09','TAPICHE','2010-12-13 17:59:32',NULL,'1'),
('160510',1,'16','05','10','JENARO HERRERA','2010-12-13 17:59:32',NULL,'1'),
('160511',1,'16','05','11','YAQUERANA','2010-12-13 17:59:32',NULL,'1'),
('160600',1,'16','06','00','UCAYALI','2010-12-13 17:59:32',NULL,'1'),
('160601',1,'16','06','01','CONTAMANA','2010-12-13 17:59:32',NULL,'1'),
('160602',1,'16','06','02','INAHUAYA','2010-12-13 17:59:32',NULL,'1'),
('160603',1,'16','06','03','PADRE MARQUEZ','2010-12-13 17:59:32',NULL,'1'),
('160604',1,'16','06','04','PAMPA HERMOSA','2010-12-13 17:59:32',NULL,'1'),
('160605',1,'16','06','05','SARAYACU','2010-12-13 17:59:32',NULL,'1'),
('160606',1,'16','06','06','VARGAS GUERRA','2010-12-13 17:59:32',NULL,'1'),
('160700',1,'16','07','00','DATEM DEL MARAÑON','2010-12-13 17:59:32',NULL,'1'),
('160701',1,'16','07','01','BARRANCA','2010-12-13 17:59:32',NULL,'1'),
('160702',1,'16','07','02','CAHUAPANAS','2010-12-13 17:59:32',NULL,'1'),
('160703',1,'16','07','03','MANSERICHE','2010-12-13 17:59:32',NULL,'1'),
('160704',1,'16','07','04','MORONA','2010-12-13 17:59:32',NULL,'1'),
('160705',1,'16','07','05','PASTAZA','2010-12-13 17:59:32',NULL,'1'),
('160706',1,'16','07','06','ANDOAS','2010-12-13 17:59:32',NULL,'1'),
('170000',1,'17','00','00','MADRE DE DIOS','2010-12-13 17:59:32',NULL,'1'),
('170100',1,'17','01','00','TAMBOPATA','2010-12-13 17:59:32',NULL,'1'),
('170101',1,'17','01','01','TAMBOPATA','2010-12-13 17:59:32',NULL,'1'),
('170102',1,'17','01','02','INAMBARI','2010-12-13 17:59:32',NULL,'1'),
('170103',1,'17','01','03','LAS PIEDRAS','2010-12-13 17:59:32',NULL,'1'),
('170104',1,'17','01','04','LABERINTO','2010-12-13 17:59:32',NULL,'1'),
('170200',1,'17','02','00','MANU','2010-12-13 17:59:32',NULL,'1'),
('170201',1,'17','02','01','MANU','2010-12-13 17:59:32',NULL,'1'),
('170202',1,'17','02','02','FITZCARRALD','2010-12-13 17:59:32',NULL,'1'),
('170203',1,'17','02','03','MADRE DE DIOS','2010-12-13 17:59:32',NULL,'1'),
('170204',1,'17','02','04','HUEPETUHE','2010-12-13 17:59:32',NULL,'1'),
('170300',1,'17','03','00','TAHUAMANU','2010-12-13 17:59:32',NULL,'1'),
('170301',1,'17','03','01','IÑAPARI','2010-12-13 17:59:32',NULL,'1'),
('170302',1,'17','03','02','IBERIA','2010-12-13 17:59:32',NULL,'1'),
('170303',1,'17','03','03','TAHUAMANU','2010-12-13 17:59:32',NULL,'1'),
('180000',1,'18','00','00','MOQUEGUA','2010-12-13 17:59:32',NULL,'1'),
('180100',1,'18','01','00','MARISCAL NIETO','2010-12-13 17:59:32',NULL,'1'),
('180101',1,'18','01','01','MOQUEGUA','2010-12-13 17:59:32',NULL,'1'),
('180102',1,'18','01','02','CARUMAS','2010-12-13 17:59:32',NULL,'1'),
('180103',1,'18','01','03','CUCHUMBAYA','2010-12-13 17:59:32',NULL,'1'),
('180104',1,'18','01','04','SAMEGUA','2010-12-13 17:59:32',NULL,'1'),
('180105',1,'18','01','05','SAN CRISTOBAL','2010-12-13 17:59:32',NULL,'1'),
('180106',1,'18','01','06','TORATA','2010-12-13 17:59:32',NULL,'1'),
('180200',1,'18','02','00','GENERAL SANCHEZ CERRO','2010-12-13 17:59:32',NULL,'1'),
('180201',1,'18','02','01','OMATE','2010-12-13 17:59:32',NULL,'1'),
('180202',1,'18','02','02','CHOJATA','2010-12-13 17:59:32',NULL,'1'),
('180203',1,'18','02','03','COALAQUE','2010-12-13 17:59:32',NULL,'1'),
('180204',1,'18','02','04','ICHUÑA','2010-12-13 17:59:32',NULL,'1'),
('180205',1,'18','02','05','LA CAPILLA','2010-12-13 17:59:32',NULL,'1'),
('180206',1,'18','02','06','LLOQUE','2010-12-13 17:59:32',NULL,'1'),
('180207',1,'18','02','07','MATALAQUE','2010-12-13 17:59:32',NULL,'1'),
('180208',1,'18','02','08','PUQUINA','2010-12-13 17:59:32',NULL,'1'),
('180209',1,'18','02','09','QUINISTAQUILLAS','2010-12-13 17:59:32',NULL,'1'),
('180210',1,'18','02','10','UBINAS','2010-12-13 17:59:32',NULL,'1'),
('180211',1,'18','02','11','YUNGA','2010-12-13 17:59:32',NULL,'1'),
('180300',1,'18','03','00','ILO','2010-12-13 17:59:32',NULL,'1'),
('180301',1,'18','03','01','ILO','2010-12-13 17:59:32',NULL,'1'),
('180302',1,'18','03','02','EL ALGARROBAL','2010-12-13 17:59:32',NULL,'1'),
('180303',1,'18','03','03','PACOCHA','2010-12-13 17:59:32',NULL,'1'),
('190000',1,'19','00','00','PASCO','2010-12-13 17:59:32',NULL,'1'),
('190100',1,'19','01','00','PASCO','2010-12-13 17:59:32',NULL,'1'),
('190101',1,'19','01','01','CHAUPIMARCA','2010-12-13 17:59:32',NULL,'1'),
('190102',1,'19','01','02','HUACHON','2010-12-13 17:59:32',NULL,'1'),
('190103',1,'19','01','03','HUARIACA','2010-12-13 17:59:32',NULL,'1'),
('190104',1,'19','01','04','HUAYLLAY','2010-12-13 17:59:32',NULL,'1'),
('190105',1,'19','01','05','NINACACA','2010-12-13 17:59:32',NULL,'1'),
('190106',1,'19','01','06','PALLANCHACRA','2010-12-13 17:59:32',NULL,'1'),
('190107',1,'19','01','07','PAUCARTAMBO','2010-12-13 17:59:32',NULL,'1'),
('190108',1,'19','01','08','SAN FRANCISCO DE ASIS DE YARUSYACAN','2010-12-13 17:59:32',NULL,'1'),
('190109',1,'19','01','09','SIMON BOLIVAR','2010-12-13 17:59:32',NULL,'1'),
('190110',1,'19','01','10','TICLACAYAN','2010-12-13 17:59:32',NULL,'1'),
('190111',1,'19','01','11','TINYAHUARCO','2010-12-13 17:59:32',NULL,'1'),
('190112',1,'19','01','12','VICCO','2010-12-13 17:59:32',NULL,'1'),
('190113',1,'19','01','13','YANACANCHA','2010-12-13 17:59:32',NULL,'1'),
('190200',1,'19','02','00','DANIEL ALCIDES CARRION','2010-12-13 17:59:32',NULL,'1'),
('190201',1,'19','02','01','YANAHUANCA','2010-12-13 17:59:32',NULL,'1'),
('190202',1,'19','02','02','CHACAYAN','2010-12-13 17:59:32',NULL,'1'),
('190203',1,'19','02','03','GOYLLARISQUIZGA','2010-12-13 17:59:32',NULL,'1'),
('190204',1,'19','02','04','PAUCAR','2010-12-13 17:59:32',NULL,'1'),
('190205',1,'19','02','05','SAN PEDRO DE PILLAO','2010-12-13 17:59:32',NULL,'1'),
('190206',1,'19','02','06','SANTA ANA DE TUSI','2010-12-13 17:59:32',NULL,'1'),
('190207',1,'19','02','07','TAPUC','2010-12-13 17:59:32',NULL,'1'),
('190208',1,'19','02','08','VILCABAMBA','2010-12-13 17:59:32',NULL,'1'),
('190300',1,'19','03','00','OXAPAMPA','2010-12-13 17:59:32',NULL,'1'),
('190301',1,'19','03','01','OXAPAMPA','2010-12-13 17:59:32',NULL,'1'),
('190302',1,'19','03','02','CHONTABAMBA','2010-12-13 17:59:32',NULL,'1'),
('190303',1,'19','03','03','HUANCABAMBA','2010-12-13 17:59:32',NULL,'1'),
('190304',1,'19','03','04','PALCAZU','2010-12-13 17:59:32',NULL,'1'),
('190305',1,'19','03','05','POZUZO','2010-12-13 17:59:32',NULL,'1'),
('190306',1,'19','03','06','PUERTO BERMUDEZ','2010-12-13 17:59:32',NULL,'1'),
('190307',1,'19','03','07','VILLA RICA','2010-12-13 17:59:32',NULL,'1'),
('200000',1,'20','00','00','PIURA','2010-12-13 17:59:32',NULL,'1'),
('200100',1,'20','01','00','PIURA','2010-12-13 17:59:32',NULL,'1'),
('200101',1,'20','01','01','PIURA','2010-12-13 17:59:32',NULL,'1'),
('200104',1,'20','01','04','CASTILLA','2010-12-13 17:59:32',NULL,'1'),
('200105',1,'20','01','05','CATACAOS','2010-12-13 17:59:32',NULL,'1'),
('200107',1,'20','01','07','CURA MORI','2010-12-13 17:59:32',NULL,'1'),
('200108',1,'20','01','08','EL TALLAN','2010-12-13 17:59:32',NULL,'1'),
('200109',1,'20','01','09','LA ARENA','2010-12-13 17:59:32',NULL,'1'),
('200110',1,'20','01','10','LA UNION','2010-12-13 17:59:32',NULL,'1'),
('200111',1,'20','01','11','LAS LOMAS','2010-12-13 17:59:32',NULL,'1'),
('200114',1,'20','01','14','TAMBO GRANDE','2010-12-13 17:59:32',NULL,'1'),
('200200',1,'20','02','00','AYABACA','2010-12-13 17:59:32',NULL,'1'),
('200201',1,'20','02','01','AYABACA','2010-12-13 17:59:32',NULL,'1'),
('200202',1,'20','02','02','FRIAS','2010-12-13 17:59:32',NULL,'1'),
('200203',1,'20','02','03','JILILI','2010-12-13 17:59:32',NULL,'1'),
('200204',1,'20','02','04','LAGUNAS','2010-12-13 17:59:32',NULL,'1'),
('200205',1,'20','02','05','MONTERO','2010-12-13 17:59:32',NULL,'1'),
('200206',1,'20','02','06','PACAIPAMPA','2010-12-13 17:59:32',NULL,'1'),
('200207',1,'20','02','07','PAIMAS','2010-12-13 17:59:32',NULL,'1'),
('200208',1,'20','02','08','SAPILLICA','2010-12-13 17:59:32',NULL,'1'),
('200209',1,'20','02','09','SICCHEZ','2010-12-13 17:59:32',NULL,'1'),
('200210',1,'20','02','10','SUYO','2010-12-13 17:59:32',NULL,'1'),
('200300',1,'20','03','00','HUANCABAMBA','2010-12-13 17:59:32',NULL,'1'),
('200301',1,'20','03','01','HUANCABAMBA','2010-12-13 17:59:32',NULL,'1'),
('200302',1,'20','03','02','CANCHAQUE','2010-12-13 17:59:32',NULL,'1'),
('200303',1,'20','03','03','EL CARMEN DE LA FRONTERA','2010-12-13 17:59:32',NULL,'1'),
('200304',1,'20','03','04','HUARMACA','2010-12-13 17:59:32',NULL,'1'),
('200305',1,'20','03','05','LALAQUIZ','2010-12-13 17:59:32',NULL,'1'),
('200306',1,'20','03','06','SAN MIGUEL DE EL FAIQUE','2010-12-13 17:59:32',NULL,'1'),
('200307',1,'20','03','07','SONDOR','2010-12-13 17:59:32',NULL,'1'),
('200308',1,'20','03','08','SONDORILLO','2010-12-13 17:59:32',NULL,'1'),
('200400',1,'20','04','00','MORROPON','2010-12-13 17:59:32',NULL,'1'),
('200401',1,'20','04','01','CHULUCANAS','2010-12-13 17:59:32',NULL,'1'),
('200402',1,'20','04','02','BUENOS AIRES','2010-12-13 17:59:32',NULL,'1'),
('200403',1,'20','04','03','CHALACO','2010-12-13 17:59:32',NULL,'1'),
('200404',1,'20','04','04','LA MATANZA','2010-12-13 17:59:32',NULL,'1'),
('200405',1,'20','04','05','MORROPON','2010-12-13 17:59:32',NULL,'1'),
('200406',1,'20','04','06','SALITRAL','2010-12-13 17:59:32',NULL,'1'),
('200407',1,'20','04','07','SAN JUAN DE BIGOTE','2010-12-13 17:59:32',NULL,'1'),
('200408',1,'20','04','08','SANTA CATALINA DE MOSSA','2010-12-13 17:59:32',NULL,'1'),
('200409',1,'20','04','09','SANTO DOMINGO','2010-12-13 17:59:32',NULL,'1'),
('200410',1,'20','04','10','YAMANGO','2010-12-13 17:59:32',NULL,'1'),
('200500',1,'20','05','00','PAITA','2010-12-13 17:59:32',NULL,'1'),
('200501',1,'20','05','01','PAITA','2010-12-13 17:59:32',NULL,'1'),
('200502',1,'20','05','02','AMOTAPE','2010-12-13 17:59:32',NULL,'1'),
('200503',1,'20','05','03','ARENAL','2010-12-13 17:59:32',NULL,'1'),
('200504',1,'20','05','04','COLAN','2010-12-13 17:59:32',NULL,'1'),
('200505',1,'20','05','05','LA HUACA','2010-12-13 17:59:32',NULL,'1'),
('200506',1,'20','05','06','TAMARINDO','2010-12-13 17:59:32',NULL,'1'),
('200507',1,'20','05','07','VICHAYAL','2010-12-13 17:59:32',NULL,'1'),
('200600',1,'20','06','00','SULLANA','2010-12-13 17:59:32',NULL,'1'),
('200601',1,'20','06','01','SULLANA','2010-12-13 17:59:32',NULL,'1'),
('200602',1,'20','06','02','BELLAVISTA','2010-12-13 17:59:32',NULL,'1'),
('200603',1,'20','06','03','IGNACIO ESCUDERO','2010-12-13 17:59:32',NULL,'1'),
('200604',1,'20','06','04','LANCONES','2010-12-13 17:59:32',NULL,'1'),
('200605',1,'20','06','05','MARCAVELICA','2010-12-13 17:59:32',NULL,'1'),
('200606',1,'20','06','06','MIGUEL CHECA','2010-12-13 17:59:32',NULL,'1'),
('200607',1,'20','06','07','QUERECOTILLO','2010-12-13 17:59:32',NULL,'1'),
('200608',1,'20','06','08','SALITRAL','2010-12-13 17:59:32',NULL,'1'),
('200700',1,'20','07','00','TALARA','2010-12-13 17:59:32',NULL,'1'),
('200701',1,'20','07','01','PARIÑAS','2010-12-13 17:59:32',NULL,'1'),
('200702',1,'20','07','02','EL ALTO','2010-12-13 17:59:32',NULL,'1'),
('200703',1,'20','07','03','LA BREA','2010-12-13 17:59:32',NULL,'1'),
('200704',1,'20','07','04','LOBITOS','2010-12-13 17:59:32',NULL,'1'),
('200705',1,'20','07','05','LOS ORGANOS','2010-12-13 17:59:32',NULL,'1'),
('200706',1,'20','07','06','MANCORA','2010-12-13 17:59:32',NULL,'1'),
('200800',1,'20','08','00','SECHURA','2010-12-13 17:59:32',NULL,'1'),
('200801',1,'20','08','01','SECHURA','2010-12-13 17:59:32',NULL,'1'),
('200802',1,'20','08','02','BELLAVISTA DE LA UNION','2010-12-13 17:59:32',NULL,'1'),
('200803',1,'20','08','03','BERNAL','2010-12-13 17:59:32',NULL,'1'),
('200804',1,'20','08','04','CRISTO NOS VALGA','2010-12-13 17:59:32',NULL,'1'),
('200805',1,'20','08','05','VICE','2010-12-13 17:59:32',NULL,'1'),
('200806',1,'20','08','06','RINCONADA LLICUAR','2010-12-13 17:59:32',NULL,'1'),
('210000',1,'21','00','00','PUNO','2010-12-13 17:59:32',NULL,'1'),
('210100',1,'21','01','00','PUNO','2010-12-13 17:59:32',NULL,'1'),
('210101',1,'21','01','01','PUNO','2010-12-13 17:59:32',NULL,'1'),
('210102',1,'21','01','02','ACORA','2010-12-13 17:59:32',NULL,'1'),
('210103',1,'21','01','03','AMANTANI','2010-12-13 17:59:32',NULL,'1'),
('210104',1,'21','01','04','ATUNCOLLA','2010-12-13 17:59:32',NULL,'1'),
('210105',1,'21','01','05','CAPACHICA','2010-12-13 17:59:32',NULL,'1'),
('210106',1,'21','01','06','CHUCUITO','2010-12-13 17:59:32',NULL,'1'),
('210107',1,'21','01','07','COATA','2010-12-13 17:59:32',NULL,'1'),
('210108',1,'21','01','08','HUATA','2010-12-13 17:59:32',NULL,'1'),
('210109',1,'21','01','09','MAÑAZO','2010-12-13 17:59:32',NULL,'1'),
('210110',1,'21','01','10','PAUCARCOLLA','2010-12-13 17:59:32',NULL,'1'),
('210111',1,'21','01','11','PICHACANI','2010-12-13 17:59:32',NULL,'1'),
('210112',1,'21','01','12','PLATERIA','2010-12-13 17:59:32',NULL,'1'),
('210113',1,'21','01','13','SAN ANTONIO','2010-12-13 17:59:32',NULL,'1'),
('210114',1,'21','01','14','TIQUILLACA','2010-12-13 17:59:32',NULL,'1'),
('210115',1,'21','01','15','VILQUE','2010-12-13 17:59:32',NULL,'1'),
('210200',1,'21','02','00','AZANGARO','2010-12-13 17:59:32',NULL,'1'),
('210201',1,'21','02','01','AZANGARO','2010-12-13 17:59:32',NULL,'1'),
('210202',1,'21','02','02','ACHAYA','2010-12-13 17:59:32',NULL,'1'),
('210203',1,'21','02','03','ARAPA','2010-12-13 17:59:32',NULL,'1'),
('210204',1,'21','02','04','ASILLO','2010-12-13 17:59:32',NULL,'1'),
('210205',1,'21','02','05','CAMINACA','2010-12-13 17:59:32',NULL,'1'),
('210206',1,'21','02','06','CHUPA','2010-12-13 17:59:32',NULL,'1'),
('210207',1,'21','02','07','JOSE DOMINGO CHOQUEHUANCA','2010-12-13 17:59:32',NULL,'1'),
('210208',1,'21','02','08','MUÑANI','2010-12-13 17:59:32',NULL,'1'),
('210209',1,'21','02','09','POTONI','2010-12-13 17:59:32',NULL,'1'),
('210210',1,'21','02','10','SAMAN','2010-12-13 17:59:32',NULL,'1'),
('210211',1,'21','02','11','SAN ANTON','2010-12-13 17:59:32',NULL,'1'),
('210212',1,'21','02','12','SAN JOSE','2010-12-13 17:59:32',NULL,'1'),
('210213',1,'21','02','13','SAN JUAN DE SALINAS','2010-12-13 17:59:32',NULL,'1'),
('210214',1,'21','02','14','SANTIAGO DE PUPUJA','2010-12-13 17:59:32',NULL,'1'),
('210215',1,'21','02','15','TIRAPATA','2010-12-13 17:59:32',NULL,'1'),
('210300',1,'21','03','00','CARABAYA','2010-12-13 17:59:32',NULL,'1'),
('210301',1,'21','03','01','MACUSANI','2010-12-13 17:59:32',NULL,'1'),
('210302',1,'21','03','02','AJOYANI','2010-12-13 17:59:32',NULL,'1'),
('210303',1,'21','03','03','AYAPATA','2010-12-13 17:59:32',NULL,'1'),
('210304',1,'21','03','04','COASA','2010-12-13 17:59:32',NULL,'1'),
('210305',1,'21','03','05','CORANI','2010-12-13 17:59:32',NULL,'1'),
('210306',1,'21','03','06','CRUCERO','2010-12-13 17:59:32',NULL,'1'),
('210307',1,'21','03','07','ITUATA','2010-12-13 17:59:32',NULL,'1'),
('210308',1,'21','03','08','OLLACHEA','2010-12-13 17:59:32',NULL,'1'),
('210309',1,'21','03','09','SAN GABAN','2010-12-13 17:59:32',NULL,'1'),
('210310',1,'21','03','10','USICAYOS','2010-12-13 17:59:32',NULL,'1'),
('210400',1,'21','04','00','CHUCUITO','2010-12-13 17:59:32',NULL,'1'),
('210401',1,'21','04','01','JULI','2010-12-13 17:59:32',NULL,'1'),
('210402',1,'21','04','02','DESAGUADERO','2010-12-13 17:59:32',NULL,'1'),
('210403',1,'21','04','03','HUACULLANI','2010-12-13 17:59:32',NULL,'1'),
('210404',1,'21','04','04','KELLUYO','2010-12-13 17:59:32',NULL,'1'),
('210405',1,'21','04','05','PISACOMA','2010-12-13 17:59:32',NULL,'1'),
('210406',1,'21','04','06','POMATA','2010-12-13 17:59:32',NULL,'1'),
('210407',1,'21','04','07','ZEPITA','2010-12-13 17:59:32',NULL,'1'),
('210500',1,'21','05','00','EL COLLAO','2010-12-13 17:59:32',NULL,'1'),
('210501',1,'21','05','01','ILAVE','2010-12-13 17:59:32',NULL,'1'),
('210502',1,'21','05','02','CAPAZO','2010-12-13 17:59:32',NULL,'1'),
('210503',1,'21','05','03','PILCUYO','2010-12-13 17:59:32',NULL,'1'),
('210504',1,'21','05','04','SANTA ROSA','2010-12-13 17:59:32',NULL,'1'),
('210505',1,'21','05','05','CONDURIRI','2010-12-13 17:59:32',NULL,'1'),
('210600',1,'21','06','00','HUANCANE','2010-12-13 17:59:32',NULL,'1'),
('210601',1,'21','06','01','HUANCANE','2010-12-13 17:59:32',NULL,'1'),
('210602',1,'21','06','02','COJATA','2010-12-13 17:59:32',NULL,'1'),
('210603',1,'21','06','03','HUATASANI','2010-12-13 17:59:32',NULL,'1'),
('210604',1,'21','06','04','INCHUPALLA','2010-12-13 17:59:32',NULL,'1'),
('210605',1,'21','06','05','PUSI','2010-12-13 17:59:32',NULL,'1'),
('210606',1,'21','06','06','ROSASPATA','2010-12-13 17:59:32',NULL,'1'),
('210607',1,'21','06','07','TARACO','2010-12-13 17:59:32',NULL,'1'),
('210608',1,'21','06','08','VILQUE CHICO','2010-12-13 17:59:32',NULL,'1'),
('210700',1,'21','07','00','LAMPA','2010-12-13 17:59:32',NULL,'1'),
('210701',1,'21','07','01','LAMPA','2010-12-13 17:59:32',NULL,'1'),
('210702',1,'21','07','02','CABANILLA','2010-12-13 17:59:32',NULL,'1'),
('210703',1,'21','07','03','CALAPUJA','2010-12-13 17:59:32',NULL,'1'),
('210704',1,'21','07','04','NICASIO','2010-12-13 17:59:32',NULL,'1'),
('210705',1,'21','07','05','OCUVIRI','2010-12-13 17:59:32',NULL,'1'),
('210706',1,'21','07','06','PALCA','2010-12-13 17:59:32',NULL,'1'),
('210707',1,'21','07','07','PARATIA','2010-12-13 17:59:32',NULL,'1'),
('210708',1,'21','07','08','PUCARA','2010-12-13 17:59:32',NULL,'1'),
('210709',1,'21','07','09','SANTA LUCIA','2010-12-13 17:59:32',NULL,'1'),
('210710',1,'21','07','10','VILAVILA','2010-12-13 17:59:32',NULL,'1'),
('210800',1,'21','08','00','MELGAR','2010-12-13 17:59:32',NULL,'1'),
('210801',1,'21','08','01','AYAVIRI','2010-12-13 17:59:32',NULL,'1'),
('210802',1,'21','08','02','ANTAUTA','2010-12-13 17:59:32',NULL,'1'),
('210803',1,'21','08','03','CUPI','2010-12-13 17:59:32',NULL,'1'),
('210804',1,'21','08','04','LLALLI','2010-12-13 17:59:32',NULL,'1'),
('210805',1,'21','08','05','MACARI','2010-12-13 17:59:32',NULL,'1'),
('210806',1,'21','08','06','NUÑOA','2010-12-13 17:59:32',NULL,'1'),
('210807',1,'21','08','07','ORURILLO','2010-12-13 17:59:32',NULL,'1'),
('210808',1,'21','08','08','SANTA ROSA','2010-12-13 17:59:32',NULL,'1'),
('210809',1,'21','08','09','UMACHIRI','2010-12-13 17:59:32',NULL,'1'),
('210900',1,'21','09','00','MOHO','2010-12-13 17:59:32',NULL,'1'),
('210901',1,'21','09','01','MOHO','2010-12-13 17:59:32',NULL,'1'),
('210902',1,'21','09','02','CONIMA','2010-12-13 17:59:32',NULL,'1'),
('210903',1,'21','09','03','HUAYRAPATA','2010-12-13 17:59:32',NULL,'1'),
('210904',1,'21','09','04','TILALI','2010-12-13 17:59:32',NULL,'1'),
('211000',1,'21','10','00','SAN ANTONIO DE PUTINA','2010-12-13 17:59:32',NULL,'1'),
('211001',1,'21','10','01','PUTINA','2010-12-13 17:59:32',NULL,'1'),
('211002',1,'21','10','02','ANANEA','2010-12-13 17:59:32',NULL,'1'),
('211003',1,'21','10','03','PEDRO VILCA APAZA','2010-12-13 17:59:32',NULL,'1'),
('211004',1,'21','10','04','QUILCAPUNCU','2010-12-13 17:59:32',NULL,'1'),
('211005',1,'21','10','05','SINA','2010-12-13 17:59:32',NULL,'1'),
('211100',1,'21','11','00','SAN ROMAN','2010-12-13 17:59:32',NULL,'1'),
('211101',1,'21','11','01','JULIACA','2010-12-13 17:59:32',NULL,'1'),
('211102',1,'21','11','02','CABANA','2010-12-13 17:59:32',NULL,'1'),
('211103',1,'21','11','03','CABANILLAS','2010-12-13 17:59:32',NULL,'1'),
('211104',1,'21','11','04','CARACOTO','2010-12-13 17:59:32',NULL,'1'),
('211200',1,'21','12','00','SANDIA','2010-12-13 17:59:32',NULL,'1'),
('211201',1,'21','12','01','SANDIA','2010-12-13 17:59:32',NULL,'1'),
('211202',1,'21','12','02','CUYOCUYO','2010-12-13 17:59:32',NULL,'1'),
('211203',1,'21','12','03','LIMBANI','2010-12-13 17:59:32',NULL,'1'),
('211204',1,'21','12','04','PATAMBUCO','2010-12-13 17:59:32',NULL,'1'),
('211205',1,'21','12','05','PHARA','2010-12-13 17:59:32',NULL,'1'),
('211206',1,'21','12','06','QUIACA','2010-12-13 17:59:32',NULL,'1'),
('211207',1,'21','12','07','SAN JUAN DEL ORO','2010-12-13 17:59:32',NULL,'1'),
('211208',1,'21','12','08','YANAHUAYA','2010-12-13 17:59:32',NULL,'1'),
('211209',1,'21','12','09','ALTO INAMBARI','2010-12-13 17:59:32',NULL,'1'),
('211210',1,'21','12','10','SAN PEDRO DE PUTINA PUNCO','2010-12-13 17:59:32',NULL,'1'),
('211300',1,'21','13','00','YUNGUYO','2010-12-13 17:59:32',NULL,'1'),
('211301',1,'21','13','01','YUNGUYO','2010-12-13 17:59:32',NULL,'1'),
('211302',1,'21','13','02','ANAPIA','2010-12-13 17:59:32',NULL,'1'),
('211303',1,'21','13','03','COPANI','2010-12-13 17:59:32',NULL,'1'),
('211304',1,'21','13','04','CUTURAPI','2010-12-13 17:59:32',NULL,'1'),
('211305',1,'21','13','05','OLLARAYA','2010-12-13 17:59:32',NULL,'1'),
('211306',1,'21','13','06','TINICACHI','2010-12-13 17:59:32',NULL,'1'),
('211307',1,'21','13','07','UNICACHI','2010-12-13 17:59:32',NULL,'1'),
('220000',1,'22','00','00','SAN MARTIN','2010-12-13 17:59:32',NULL,'1'),
('220100',1,'22','01','00','MOYOBAMBA','2010-12-13 17:59:32',NULL,'1'),
('220101',1,'22','01','01','MOYOBAMBA','2010-12-13 17:59:32',NULL,'1'),
('220102',1,'22','01','02','CALZADA','2010-12-13 17:59:32',NULL,'1'),
('220103',1,'22','01','03','HABANA','2010-12-13 17:59:32',NULL,'1'),
('220104',1,'22','01','04','JEPELACIO','2010-12-13 17:59:32',NULL,'1'),
('220105',1,'22','01','05','SORITOR','2010-12-13 17:59:32',NULL,'1'),
('220106',1,'22','01','06','YANTALO','2010-12-13 17:59:32',NULL,'1'),
('220200',1,'22','02','00','BELLAVISTA','2010-12-13 17:59:32',NULL,'1'),
('220201',1,'22','02','01','BELLAVISTA','2010-12-13 17:59:32',NULL,'1'),
('220202',1,'22','02','02','ALTO BIAVO','2010-12-13 17:59:32',NULL,'1'),
('220203',1,'22','02','03','BAJO BIAVO','2010-12-13 17:59:32',NULL,'1'),
('220204',1,'22','02','04','HUALLAGA','2010-12-13 17:59:32',NULL,'1'),
('220205',1,'22','02','05','SAN PABLO','2010-12-13 17:59:32',NULL,'1'),
('220206',1,'22','02','06','SAN RAFAEL','2010-12-13 17:59:32',NULL,'1'),
('220300',1,'22','03','00','EL DORADO','2010-12-13 17:59:32',NULL,'1'),
('220301',1,'22','03','01','SAN JOSE DE SISA','2010-12-13 17:59:32',NULL,'1'),
('220302',1,'22','03','02','AGUA BLANCA','2010-12-13 17:59:32',NULL,'1'),
('220303',1,'22','03','03','SAN MARTIN','2010-12-13 17:59:32',NULL,'1'),
('220304',1,'22','03','04','SANTA ROSA','2010-12-13 17:59:32',NULL,'1'),
('220305',1,'22','03','05','SHATOJA','2010-12-13 17:59:32',NULL,'1'),
('220400',1,'22','04','00','HUALLAGA','2010-12-13 17:59:32',NULL,'1'),
('220401',1,'22','04','01','SAPOSOA','2010-12-13 17:59:32',NULL,'1'),
('220402',1,'22','04','02','ALTO SAPOSOA','2010-12-13 17:59:32',NULL,'1'),
('220403',1,'22','04','03','EL ESLABON','2010-12-13 17:59:32',NULL,'1'),
('220404',1,'22','04','04','PISCOYACU','2010-12-13 17:59:32',NULL,'1'),
('220405',1,'22','04','05','SACANCHE','2010-12-13 17:59:32',NULL,'1'),
('220406',1,'22','04','06','TINGO DE SAPOSOA','2010-12-13 17:59:32',NULL,'1'),
('220500',1,'22','05','00','LAMAS','2010-12-13 17:59:32',NULL,'1'),
('220501',1,'22','05','01','LAMAS','2010-12-13 17:59:32',NULL,'1'),
('220502',1,'22','05','02','ALONSO DE ALVARADO','2010-12-13 17:59:32',NULL,'1'),
('220503',1,'22','05','03','BARRANQUITA','2010-12-13 17:59:32',NULL,'1'),
('220504',1,'22','05','04','CAYNARACHI','2010-12-13 17:59:32',NULL,'1'),
('220505',1,'22','05','05','CUÑUMBUQUI','2010-12-13 17:59:32',NULL,'1'),
('220506',1,'22','05','06','PINTO RECODO','2010-12-13 17:59:32',NULL,'1'),
('220507',1,'22','05','07','RUMISAPA','2010-12-13 17:59:32',NULL,'1'),
('220508',1,'22','05','08','SAN ROQUE DE CUMBAZA','2010-12-13 17:59:32',NULL,'1'),
('220509',1,'22','05','09','SHANAO','2010-12-13 17:59:32',NULL,'1'),
('220510',1,'22','05','10','TABALOSOS','2010-12-13 17:59:32',NULL,'1'),
('220511',1,'22','05','11','ZAPATERO','2010-12-13 17:59:32',NULL,'1'),
('220600',1,'22','06','00','MARISCAL CACERES','2010-12-13 17:59:32',NULL,'1'),
('220601',1,'22','06','01','JUANJUI','2010-12-13 17:59:32',NULL,'1'),
('220602',1,'22','06','02','CAMPANILLA','2010-12-13 17:59:32',NULL,'1'),
('220603',1,'22','06','03','HUICUNGO','2010-12-13 17:59:32',NULL,'1'),
('220604',1,'22','06','04','PACHIZA','2010-12-13 17:59:32',NULL,'1'),
('220605',1,'22','06','05','PAJARILLO','2010-12-13 17:59:32',NULL,'1'),
('220700',1,'22','07','00','PICOTA','2010-12-13 17:59:32',NULL,'1'),
('220701',1,'22','07','01','PICOTA','2010-12-13 17:59:32',NULL,'1'),
('220702',1,'22','07','02','BUENOS AIRES','2010-12-13 17:59:32',NULL,'1'),
('220703',1,'22','07','03','CASPISAPA','2010-12-13 17:59:32',NULL,'1'),
('220704',1,'22','07','04','PILLUANA','2010-12-13 17:59:32',NULL,'1'),
('220705',1,'22','07','05','PUCACACA','2010-12-13 17:59:32',NULL,'1'),
('220706',1,'22','07','06','SAN CRISTOBAL','2010-12-13 17:59:32',NULL,'1'),
('220707',1,'22','07','07','SAN HILARION','2010-12-13 17:59:32',NULL,'1'),
('220708',1,'22','07','08','SHAMBOYACU','2010-12-13 17:59:32',NULL,'1'),
('220709',1,'22','07','09','TINGO DE PONASA','2010-12-13 17:59:32',NULL,'1'),
('220710',1,'22','07','10','TRES UNIDOS','2010-12-13 17:59:32',NULL,'1'),
('220800',1,'22','08','00','RIOJA','2010-12-13 17:59:32',NULL,'1'),
('220801',1,'22','08','01','RIOJA','2010-12-13 17:59:32',NULL,'1'),
('220802',1,'22','08','02','AWAJUN','2010-12-13 17:59:32',NULL,'1'),
('220803',1,'22','08','03','ELIAS SOPLIN VARGAS','2010-12-13 17:59:32',NULL,'1'),
('220804',1,'22','08','04','NUEVA CAJAMARCA','2010-12-13 17:59:32',NULL,'1'),
('220805',1,'22','08','05','PARDO MIGUEL','2010-12-13 17:59:32',NULL,'1'),
('220806',1,'22','08','06','POSIC','2010-12-13 17:59:32',NULL,'1'),
('220807',1,'22','08','07','SAN FERNANDO','2010-12-13 17:59:32',NULL,'1'),
('220808',1,'22','08','08','YORONGOS','2010-12-13 17:59:32',NULL,'1'),
('220809',1,'22','08','09','YURACYACU','2010-12-13 17:59:32',NULL,'1'),
('220900',1,'22','09','00','SAN MARTIN','2010-12-13 17:59:32',NULL,'1'),
('220901',1,'22','09','01','TARAPOTO','2010-12-13 17:59:32',NULL,'1'),
('220902',1,'22','09','02','ALBERTO LEVEAU','2010-12-13 17:59:32',NULL,'1'),
('220903',1,'22','09','03','CACATACHI','2010-12-13 17:59:32',NULL,'1'),
('220904',1,'22','09','04','CHAZUTA','2010-12-13 17:59:32',NULL,'1'),
('220905',1,'22','09','05','CHIPURANA','2010-12-13 17:59:32',NULL,'1'),
('220906',1,'22','09','06','EL PORVENIR','2010-12-13 17:59:32',NULL,'1'),
('220907',1,'22','09','07','HUIMBAYOC','2010-12-13 17:59:32',NULL,'1'),
('220908',1,'22','09','08','JUAN GUERRA','2010-12-13 17:59:32',NULL,'1'),
('220909',1,'22','09','09','LA BANDA DE SHILCAYO','2010-12-13 17:59:32',NULL,'1'),
('220910',1,'22','09','10','MORALES','2010-12-13 17:59:32',NULL,'1'),
('220911',1,'22','09','11','PAPAPLAYA','2010-12-13 17:59:32',NULL,'1'),
('220912',1,'22','09','12','SAN ANTONIO','2010-12-13 17:59:32',NULL,'1'),
('220913',1,'22','09','13','SAUCE','2010-12-13 17:59:32',NULL,'1'),
('220914',1,'22','09','14','SHAPAJA','2010-12-13 17:59:32',NULL,'1'),
('221000',1,'22','10','00','TOCACHE','2010-12-13 17:59:32',NULL,'1'),
('221001',1,'22','10','01','TOCACHE','2010-12-13 17:59:32',NULL,'1'),
('221002',1,'22','10','02','NUEVO PROGRESO','2010-12-13 17:59:32',NULL,'1'),
('221003',1,'22','10','03','POLVORA','2010-12-13 17:59:32',NULL,'1'),
('221004',1,'22','10','04','SHUNTE','2010-12-13 17:59:32',NULL,'1'),
('221005',1,'22','10','05','UCHIZA','2010-12-13 17:59:32',NULL,'1'),
('230000',1,'23','00','00','TACNA','2010-12-13 17:59:32',NULL,'1'),
('230100',1,'23','01','00','TACNA','2010-12-13 17:59:32',NULL,'1'),
('230101',1,'23','01','01','TACNA','2010-12-13 17:59:32',NULL,'1'),
('230102',1,'23','01','02','ALTO DE LA ALIANZA','2010-12-13 17:59:32',NULL,'1'),
('230103',1,'23','01','03','CALANA','2010-12-13 17:59:32',NULL,'1'),
('230104',1,'23','01','04','CIUDAD NUEVA','2010-12-13 17:59:32',NULL,'1'),
('230105',1,'23','01','05','INCLAN','2010-12-13 17:59:32',NULL,'1'),
('230106',1,'23','01','06','PACHIA','2010-12-13 17:59:32',NULL,'1'),
('230107',1,'23','01','07','PALCA','2010-12-13 17:59:32',NULL,'1'),
('230108',1,'23','01','08','POCOLLAY','2010-12-13 17:59:32',NULL,'1'),
('230109',1,'23','01','09','SAMA','2010-12-13 17:59:32',NULL,'1'),
('230110',1,'23','01','10','CORONEL GREGORIO ALBARRACIN LANCHIPA','2010-12-13 17:59:32',NULL,'1'),
('230200',1,'23','02','00','CANDARAVE','2010-12-13 17:59:32',NULL,'1'),
('230201',1,'23','02','01','CANDARAVE','2010-12-13 17:59:32',NULL,'1'),
('230202',1,'23','02','02','CAIRANI','2010-12-13 17:59:32',NULL,'1'),
('230203',1,'23','02','03','CAMILACA','2010-12-13 17:59:32',NULL,'1'),
('230204',1,'23','02','04','CURIBAYA','2010-12-13 17:59:32',NULL,'1'),
('230205',1,'23','02','05','HUANUARA','2010-12-13 17:59:32',NULL,'1'),
('230206',1,'23','02','06','QUILAHUANI','2010-12-13 17:59:32',NULL,'1'),
('230300',1,'23','03','00','JORGE BASADRE','2010-12-13 17:59:32',NULL,'1'),
('230301',1,'23','03','01','LOCUMBA','2010-12-13 17:59:32',NULL,'1'),
('230302',1,'23','03','02','ILABAYA','2010-12-13 17:59:32',NULL,'1'),
('230303',1,'23','03','03','ITE','2010-12-13 17:59:32',NULL,'1'),
('230400',1,'23','04','00','TARATA','2010-12-13 17:59:32',NULL,'1'),
('230401',1,'23','04','01','TARATA','2010-12-13 17:59:32',NULL,'1'),
('230402',1,'23','04','02','HEROES ALBARRACIN','2010-12-13 17:59:32',NULL,'1'),
('230403',1,'23','04','03','ESTIQUE','2010-12-13 17:59:32',NULL,'1'),
('230404',1,'23','04','04','ESTIQUE-PAMPA','2010-12-13 17:59:32',NULL,'1'),
('230405',1,'23','04','05','SITAJARA','2010-12-13 17:59:32',NULL,'1'),
('230406',1,'23','04','06','SUSAPAYA','2010-12-13 17:59:32',NULL,'1'),
('230407',1,'23','04','07','TARUCACHI','2010-12-13 17:59:32',NULL,'1'),
('230408',1,'23','04','08','TICACO','2010-12-13 17:59:32',NULL,'1'),
('240000',1,'24','00','00','TUMBES','2010-12-13 17:59:32',NULL,'1'),
('240100',1,'24','01','00','TUMBES','2010-12-13 17:59:32',NULL,'1'),
('240101',1,'24','01','01','TUMBES','2010-12-13 17:59:32',NULL,'1'),
('240102',1,'24','01','02','CORRALES','2010-12-13 17:59:32',NULL,'1'),
('240103',1,'24','01','03','LA CRUZ','2010-12-13 17:59:32',NULL,'1'),
('240104',1,'24','01','04','PAMPAS DE HOSPITAL','2010-12-13 17:59:32',NULL,'1'),
('240105',1,'24','01','05','SAN JACINTO','2010-12-13 17:59:32',NULL,'1'),
('240106',1,'24','01','06','SAN JUAN DE LA VIRGEN','2010-12-13 17:59:32',NULL,'1'),
('240200',1,'24','02','00','CONTRALMIRANTE VILLAR','2010-12-13 17:59:32',NULL,'1'),
('240201',1,'24','02','01','ZORRITOS','2010-12-13 17:59:32',NULL,'1'),
('240202',1,'24','02','02','CASITAS','2010-12-13 17:59:32',NULL,'1'),
('240203',1,'24','02','03','CANOAS DE PUNTA SAL','2010-12-13 17:59:32',NULL,'1'),
('240300',1,'24','03','00','ZARUMILLA','2010-12-13 17:59:32',NULL,'1'),
('240301',1,'24','03','01','ZARUMILLA','2010-12-13 17:59:32',NULL,'1'),
('240302',1,'24','03','02','AGUAS VERDES','2010-12-13 17:59:32',NULL,'1'),
('240303',1,'24','03','03','MATAPALO','2010-12-13 17:59:32',NULL,'1'),
('240304',1,'24','03','04','PAPAYAL','2010-12-13 17:59:32',NULL,'1'),
('250000',1,'25','00','00','UCAYALI','2010-12-13 17:59:32',NULL,'1'),
('250100',1,'25','01','00','CORONEL PORTILLO','2010-12-13 17:59:32',NULL,'1'),
('250101',1,'25','01','01','CALLERIA','2010-12-13 17:59:32',NULL,'1'),
('250102',1,'25','01','02','CAMPOVERDE','2010-12-13 17:59:32',NULL,'1'),
('250103',1,'25','01','03','IPARIA','2010-12-13 17:59:32',NULL,'1'),
('250104',1,'25','01','04','MASISEA','2010-12-13 17:59:32',NULL,'1'),
('250105',1,'25','01','05','YARINACOCHA','2010-12-13 17:59:32',NULL,'1'),
('250106',1,'25','01','06','NUEVA REQUENA','2010-12-13 17:59:32',NULL,'1'),
('250107',1,'25','01','07','MANANTAY','2010-12-13 17:59:32',NULL,'1'),
('250200',1,'25','02','00','ATALAYA','2010-12-13 17:59:32',NULL,'1'),
('250201',1,'25','02','01','RAYMONDI','2010-12-13 17:59:32',NULL,'1'),
('250202',1,'25','02','02','SEPAHUA','2010-12-13 17:59:32',NULL,'1'),
('250203',1,'25','02','03','TAHUANIA','2010-12-13 17:59:32',NULL,'1'),
('250204',1,'25','02','04','YURUA','2010-12-13 17:59:32',NULL,'1'),
('250300',1,'25','03','00','PADRE ABAD','2010-12-13 17:59:32',NULL,'1'),
('250301',1,'25','03','01','PADRE ABAD','2010-12-13 17:59:32',NULL,'1'),
('250302',1,'25','03','02','IRAZOLA','2010-12-13 17:59:32',NULL,'1'),
('250303',1,'25','03','03','CURIMANA','2010-12-13 17:59:32',NULL,'1'),
('250400',1,'25','04','00','PURUS','2010-12-13 17:59:32',NULL,'1'),
('250401',1,'25','04','01','PURUS','2010-12-13 17:59:32',NULL,'1');

/*Table structure for table `unidadmedida` */

DROP TABLE IF EXISTS `unidadmedida`;

CREATE TABLE `unidadmedida` (
  `UNDMED_Codigo` int(11) NOT NULL AUTO_INCREMENT,
  `COMPP_Codigo` int(11) NOT NULL,
  `UNDMED_Descripcion` varchar(250) DEFAULT NULL,
  `UNDMED_Simbolo` varchar(30) DEFAULT NULL,
  `UNDMED_FechaRegistro` timestamp NOT NULL DEFAULT CURRENT_TIMESTAMP,
  `UNDMED_FechaModificacion` datetime DEFAULT NULL,
  `UNDMED_FlagEstado` char(1) DEFAULT '1',
  PRIMARY KEY (`UNDMED_Codigo`),
  KEY `FK_unidadmedida_compania` (`COMPP_Codigo`),
  CONSTRAINT `FK_unidadmedida_compania` FOREIGN KEY (`COMPP_Codigo`) REFERENCES `compania` (`COMPP_Codigo`) ON DELETE NO ACTION ON UPDATE NO ACTION
) ENGINE=InnoDB AUTO_INCREMENT=33 DEFAULT CHARSET=utf8;

/*Data for the table `unidadmedida` */

insert  into `unidadmedida`(`UNDMED_Codigo`,`COMPP_Codigo`,`UNDMED_Descripcion`,`UNDMED_Simbolo`,`UNDMED_FechaRegistro`,`UNDMED_FechaModificacion`,`UNDMED_FlagEstado`) values 
(0,1,'::SELECCIONE::','N.A.','2014-10-06 03:46:01',NULL,'1'),
(1,1,'KILOGRAMOS','KG','2011-01-03 12:22:30',NULL,'1'),
(2,1,'LIBRAS','LIB','2011-01-03 12:22:30',NULL,'1'),
(3,1,'TONELADAS LARGAS','TNL','2011-01-03 12:22:30',NULL,'1'),
(4,1,'TONELADAS METRICAS','TM','2011-01-03 12:22:30',NULL,'1'),
(5,1,'TONELADAS CORTAS','TNC','2011-01-03 12:22:30',NULL,'1'),
(6,1,'GRAMOS','GR.','2011-01-03 12:22:30',NULL,'1'),
(7,1,'UNIDADES','UNI','2011-01-03 12:22:30',NULL,'1'),
(8,1,'LITROS','LT','2011-01-03 12:22:30',NULL,'1'),
(9,1,'GALONES','GLN','2011-01-03 12:22:30',NULL,'1'),
(10,1,'BARRA','BAR','2011-01-03 12:22:30',NULL,'1'),
(11,1,'LATAS','LAT','2011-01-03 12:22:30',NULL,'1'),
(12,1,'CAJAS 2','CJA','2011-01-03 12:22:30',NULL,'1'),
(13,1,'MILLARES','MILL','2011-01-03 12:22:30',NULL,'1'),
(14,1,'METROS CUBICOS','M3','2011-01-03 12:22:30',NULL,'1'),
(15,1,'METROS','MT','2011-01-03 12:22:30',NULL,'1'),
(16,1,'PIEZAS','PZA','2011-01-22 19:50:23',NULL,'1'),
(17,1,'PLIEGO','PLIEGO','2011-06-14 00:50:28',NULL,'1'),
(18,1,'JUEGO','JG','2011-06-18 05:17:21',NULL,'1'),
(19,1,'BOLSA','BOL','2011-06-18 05:24:01',NULL,'1'),
(21,1,'ASDAD','ASDASDAD','2014-10-30 07:30:06',NULL,'1'),
(22,1,'XZCXZCV','ZXCVZXCVXCV','2014-10-30 07:31:58',NULL,'1'),
(23,1,'DDDD','DDDD','2014-10-30 07:34:26',NULL,'1'),
(24,1,'DSFDFS','SDDSFFDS 555','2014-10-30 07:36:34',NULL,'1'),
(25,1,'OOOOOOOOOOOOO','OOOOO','2014-10-30 07:37:17',NULL,'1'),
(26,1,'OOO','UUU OOO','2014-10-30 07:38:21',NULL,'1'),
(27,1,'WWW','EEE','2014-10-30 07:48:37',NULL,'1'),
(29,1,'DXGDFSGF','SDFDSDSFDFS','2014-10-30 07:53:16',NULL,'1'),
(30,1,'TRET','ERTERT','2014-10-30 07:54:01',NULL,'1'),
(31,1,'GDFG','DFGDFG','2014-10-30 07:54:38',NULL,'1'),
(32,1,'CASDA','CASA DFEW REW','2014-10-30 07:58:36',NULL,'1');

/*Table structure for table `usuario` */

DROP TABLE IF EXISTS `usuario`;

CREATE TABLE `usuario` (
  `USUA_Codigo` int(11) NOT NULL AUTO_INCREMENT,
  `COMPP_Codigo` int(11) NOT NULL,
  `PERSP_Codigo` int(11) NOT NULL,
  `ROL_Codigo` int(11) NOT NULL,
  `USUA_usuario` varchar(20) DEFAULT NULL,
  `USUA_Password` varchar(50) DEFAULT NULL,
  `USUA_FechaRegistro` timestamp NOT NULL DEFAULT CURRENT_TIMESTAMP ON UPDATE CURRENT_TIMESTAMP,
  `USUA_FechaModificacion` datetime DEFAULT NULL,
  `USUA_FlagEstado` char(1) DEFAULT '1',
  PRIMARY KEY (`USUA_Codigo`),
  KEY `FK_cji_usuario_cji_persona` (`PERSP_Codigo`),
  KEY `FK_cji_usuario_cji_rol` (`ROL_Codigo`),
  KEY `FK_usuario_compania` (`COMPP_Codigo`),
  CONSTRAINT `FK_usuario_compania` FOREIGN KEY (`COMPP_Codigo`) REFERENCES `compania` (`COMPP_Codigo`) ON DELETE NO ACTION ON UPDATE NO ACTION,
  CONSTRAINT `FK_usuario_persona` FOREIGN KEY (`PERSP_Codigo`) REFERENCES `persona` (`PERSP_Codigo`) ON DELETE NO ACTION ON UPDATE NO ACTION,
  CONSTRAINT `FK_usuario_rol` FOREIGN KEY (`ROL_Codigo`) REFERENCES `rol` (`ROL_Codigo`) ON DELETE NO ACTION ON UPDATE NO ACTION
) ENGINE=InnoDB AUTO_INCREMENT=11 DEFAULT CHARSET=utf8;

/*Data for the table `usuario` */

insert  into `usuario`(`USUA_Codigo`,`COMPP_Codigo`,`PERSP_Codigo`,`ROL_Codigo`,`USUA_usuario`,`USUA_Password`,`USUA_FechaRegistro`,`USUA_FechaModificacion`,`USUA_FlagEstado`) values 
(7,1,1,4,'demo','e10adc3949ba59abbe56e057f20f883e','2014-09-24 04:23:07',NULL,'1'),
(9,1,21,1,'jperez','e10adc3949ba59abbe56e057f20f883e','2011-07-22 15:54:11',NULL,'0'),
(10,1,23,4,'mmorante','e10adc3949ba59abbe56e057f20f883e','2011-07-22 15:54:11',NULL,'1');

/*!40101 SET SQL_MODE=@OLD_SQL_MODE */;
/*!40014 SET FOREIGN_KEY_CHECKS=@OLD_FOREIGN_KEY_CHECKS */;
/*!40014 SET UNIQUE_CHECKS=@OLD_UNIQUE_CHECKS */;
/*!40111 SET SQL_NOTES=@OLD_SQL_NOTES */;
